INSERT INTO `zmkj_sms_log` (`log_id`,`log_phone`,`log_captcha`,`log_ip`,`log_msg`,`log_type`,`add_time`,`member_id`,`member_name`) VALUES('78','13582912381','167514','60.2.186.162','【办工师】您于2016-08-11申请注册会员，动态码：167514。','1','1470909602',NULL,NULL);
INSERT INTO `zmkj_sms_log` (`log_id`,`log_phone`,`log_captcha`,`log_ip`,`log_msg`,`log_type`,`add_time`,`member_id`,`member_name`) VALUES('79','13582912381','929499','60.2.186.162','【办工师】您于2016-08-11申请注册会员，动态码：929499。','1','1470914578',NULL,NULL);
INSERT INTO `zmkj_sms_log` (`log_id`,`log_phone`,`log_captcha`,`log_ip`,`log_msg`,`log_type`,`add_time`,`member_id`,`member_name`) VALUES('80','18010169346','186326','60.2.186.162','【办工师】您于2016-08-12申请注册会员，动态码：186326。','1','1470964518',NULL,NULL);
INSERT INTO `zmkj_sms_log` (`log_id`,`log_phone`,`log_captcha`,`log_ip`,`log_msg`,`log_type`,`add_time`,`member_id`,`member_name`) VALUES('81','18010169346','916637','60.2.186.162','【办工师】您于2016-08-12申请注册会员，动态码：916637。','1','1470966072',NULL,NULL);
INSERT INTO `zmkj_sms_log` (`log_id`,`log_phone`,`log_captcha`,`log_ip`,`log_msg`,`log_type`,`add_time`,`member_id`,`member_name`) VALUES('82','18010169346','450019','60.2.186.162','【办工师】您于2016-08-12申请注册会员，动态码：450019。','1','1470967580',NULL,NULL);
INSERT INTO `zmkj_sms_log` (`log_id`,`log_phone`,`log_captcha`,`log_ip`,`log_msg`,`log_type`,`add_time`,`member_id`,`member_name`) VALUES('83','18045173824','510123','123.56.101.60','【办工师】您于2016-08-12申请注册会员，动态码：510123。','1','1470968926',NULL,NULL);
INSERT INTO `zmkj_sms_log` (`log_id`,`log_phone`,`log_captcha`,`log_ip`,`log_msg`,`log_type`,`add_time`,`member_id`,`member_name`) VALUES('84','13582912381','657790','60.2.186.162','【办工师】您于2016-08-13申请注册会员，动态码：657790。','1','1471048986',NULL,NULL);
INSERT INTO `zmkj_sms_log` (`log_id`,`log_phone`,`log_captcha`,`log_ip`,`log_msg`,`log_type`,`add_time`,`member_id`,`member_name`) VALUES('85','18332930699','723459','60.2.186.162','【办工师】您于2016-08-14申请注册会员，动态码：723459。','1','1471157024',NULL,NULL);
INSERT INTO `zmkj_sms_log` (`log_id`,`log_phone`,`log_captcha`,`log_ip`,`log_msg`,`log_type`,`add_time`,`member_id`,`member_name`) VALUES('86','15100500810','927753','60.2.186.162','【办工师】您于2016-08-15申请注册会员，动态码：927753。','1','1471229463',NULL,NULL);
INSERT INTO `zmkj_sms_log` (`log_id`,`log_phone`,`log_captcha`,`log_ip`,`log_msg`,`log_type`,`add_time`,`member_id`,`member_name`) VALUES('87','15100500810','151990','60.2.186.162','【办工师】您于2016-08-15申请注册会员，动态码：151990。','1','1471229530',NULL,NULL);
INSERT INTO `zmkj_sms_log` (`log_id`,`log_phone`,`log_captcha`,`log_ip`,`log_msg`,`log_type`,`add_time`,`member_id`,`member_name`) VALUES('88','18010169346','688957','60.2.186.162','【办工师】您于2016-08-15申请注册会员，动态码：688957。','1','1471262951',NULL,NULL);
INSERT INTO `zmkj_sms_log` (`log_id`,`log_phone`,`log_captcha`,`log_ip`,`log_msg`,`log_type`,`add_time`,`member_id`,`member_name`) VALUES('89','13728851150','533322','60.2.186.162','【办工师】您于2016-08-18申请注册会员，动态码：533322。','1','1471512191',NULL,NULL);
INSERT INTO `zmkj_sms_log` (`log_id`,`log_phone`,`log_captcha`,`log_ip`,`log_msg`,`log_type`,`add_time`,`member_id`,`member_name`) VALUES('90','18010169346','654362','60.2.186.162','【办工师】您于2016-08-19申请重置登录密码，动态码：654362。','3','1471585677','45','18010169346');
INSERT INTO `zmkj_sms_log` (`log_id`,`log_phone`,`log_captcha`,`log_ip`,`log_msg`,`log_type`,`add_time`,`member_id`,`member_name`) VALUES('91','18010169346','540452','60.2.186.162','【办工师】您于2016-08-19申请重置登录密码，动态码：540452。','3','1471587151','45','18010169346');
INSERT INTO `zmkj_sms_log` (`log_id`,`log_phone`,`log_captcha`,`log_ip`,`log_msg`,`log_type`,`add_time`,`member_id`,`member_name`) VALUES('92','18010169346','496211','60.2.186.162','【办工师】您于2016-08-19申请重置登录密码，动态码：496211。','3','1471587434','45','18010169346');
INSERT INTO `zmkj_sms_log` (`log_id`,`log_phone`,`log_captcha`,`log_ip`,`log_msg`,`log_type`,`add_time`,`member_id`,`member_name`) VALUES('93','18010169346','570208','60.2.186.162','【办工师】您于2016-08-19申请重置登录密码，动态码：570208。','3','1471592054','45','18010169346');
INSERT INTO `zmkj_sms_log` (`log_id`,`log_phone`,`log_captcha`,`log_ip`,`log_msg`,`log_type`,`add_time`,`member_id`,`member_name`) VALUES('94','18010169346','643365','60.2.186.162','【办工师】您于2016-08-19申请重置登录密码，动态码：643365。','3','1471592156','45','18010169346');
INSERT INTO `zmkj_sms_log` (`log_id`,`log_phone`,`log_captcha`,`log_ip`,`log_msg`,`log_type`,`add_time`,`member_id`,`member_name`) VALUES('95','18010169346','156017','60.2.186.162','【办工师】您于2016-08-19申请重置登录密码，动态码：156017。','3','1471592384','45','18010169346');
INSERT INTO `zmkj_sms_log` (`log_id`,`log_phone`,`log_captcha`,`log_ip`,`log_msg`,`log_type`,`add_time`,`member_id`,`member_name`) VALUES('96','18010169346','712098','60.2.186.162','【办工师】您于2016-08-19申请重置登录密码，动态码：712098。','3','1471592664','45','18010169346');
INSERT INTO `zmkj_sms_log` (`log_id`,`log_phone`,`log_captcha`,`log_ip`,`log_msg`,`log_type`,`add_time`,`member_id`,`member_name`) VALUES('97','15210648805','829402','123.56.101.60','【办工师】您于2016-08-19提交账户安全验证，验证码是：829402。','4','1471593055',NULL,NULL);
INSERT INTO `zmkj_sms_log` (`log_id`,`log_phone`,`log_captcha`,`log_ip`,`log_msg`,`log_type`,`add_time`,`member_id`,`member_name`) VALUES('98','18010169346','612665','60.2.186.162','【办工师】您于2016-08-19申请重置登录密码，动态码：612665。','3','1471593256','45','18010169346');
INSERT INTO `zmkj_sms_log` (`log_id`,`log_phone`,`log_captcha`,`log_ip`,`log_msg`,`log_type`,`add_time`,`member_id`,`member_name`) VALUES('99','18010169346','522674','60.2.186.162','【办工师】您于2016-08-19申请重置登录密码，动态码：522674。','3','1471593636','45','18010169346');
INSERT INTO `zmkj_sms_log` (`log_id`,`log_phone`,`log_captcha`,`log_ip`,`log_msg`,`log_type`,`add_time`,`member_id`,`member_name`) VALUES('100','18010169346','675521','60.2.186.162','【办工师】您于2016-08-19申请重置登录密码，动态码：675521。','3','1471593862','45','18010169346');
INSERT INTO `zmkj_sms_log` (`log_id`,`log_phone`,`log_captcha`,`log_ip`,`log_msg`,`log_type`,`add_time`,`member_id`,`member_name`) VALUES('101','15210648805','589540','123.56.101.60','【办工师】您于2016-08-19提交账户安全验证，验证码是：589540。','4','1471594094',NULL,NULL);
INSERT INTO `zmkj_sms_log` (`log_id`,`log_phone`,`log_captcha`,`log_ip`,`log_msg`,`log_type`,`add_time`,`member_id`,`member_name`) VALUES('102','15210648805','484506','123.56.101.60','【办工师】您于2016-08-19提交账户安全验证，验证码是：484506。','4','1471594299',NULL,NULL);
INSERT INTO `zmkj_sms_log` (`log_id`,`log_phone`,`log_captcha`,`log_ip`,`log_msg`,`log_type`,`add_time`,`member_id`,`member_name`) VALUES('103','15097562072','638703','60.10.114.71','【办工师】您于2016-08-24申请注册会员，动态码：638703。','1','1472053618',NULL,NULL);
INSERT INTO `zmkj_sms_log` (`log_id`,`log_phone`,`log_captcha`,`log_ip`,`log_msg`,`log_type`,`add_time`,`member_id`,`member_name`) VALUES('104','13582912381','269967','60.2.186.162','【办工师】您于2016-08-25提交账户安全验证，验证码是：269967。','4','1472105452','42','13582912381');
INSERT INTO `zmkj_sms_log` (`log_id`,`log_phone`,`log_captcha`,`log_ip`,`log_msg`,`log_type`,`add_time`,`member_id`,`member_name`) VALUES('105','18333149996','139952','60.2.186.162','【办工师】您于2016-08-25提交账户安全验证，验证码是：139952。','4','1472105488',NULL,NULL);
INSERT INTO `zmkj_sms_log` (`log_id`,`log_phone`,`log_captcha`,`log_ip`,`log_msg`,`log_type`,`add_time`,`member_id`,`member_name`) VALUES('106','18333149996','722146','60.2.186.162','【办工师】您于2016-08-25提交账户安全验证，验证码是：722146。','4','1472105689',NULL,NULL);
INSERT INTO `zmkj_sms_log` (`log_id`,`log_phone`,`log_captcha`,`log_ip`,`log_msg`,`log_type`,`add_time`,`member_id`,`member_name`) VALUES('107','13582912381','233134','60.2.186.162','【办工师】您于2016-08-25提交账户安全验证，验证码是：233134。','4','1472105764',NULL,NULL);
INSERT INTO `zmkj_sms_log` (`log_id`,`log_phone`,`log_captcha`,`log_ip`,`log_msg`,`log_type`,`add_time`,`member_id`,`member_name`) VALUES('108','18333149996','658059','60.2.186.162','【办工师】您于2016-08-25提交账户安全验证，验证码是：658059。','4','1472105807',NULL,NULL);
INSERT INTO `zmkj_sms_log` (`log_id`,`log_phone`,`log_captcha`,`log_ip`,`log_msg`,`log_type`,`add_time`,`member_id`,`member_name`) VALUES('109','13582912381','815099','60.2.186.162','【办工师】您于2016-08-25提交账户安全验证，验证码是：815099。','4','1472106451',NULL,NULL);
INSERT INTO `zmkj_sms_log` (`log_id`,`log_phone`,`log_captcha`,`log_ip`,`log_msg`,`log_type`,`add_time`,`member_id`,`member_name`) VALUES('110','18333149996','838221','60.2.186.162','【办工师】您于2016-08-25提交账户安全验证，验证码是：838221。','4','1472106469','42','13582912381');
INSERT INTO `zmkj_sms_log` (`log_id`,`log_phone`,`log_captcha`,`log_ip`,`log_msg`,`log_type`,`add_time`,`member_id`,`member_name`) VALUES('111','18333149996','176209','60.2.186.162','【办工师】您于2016-08-25提交账户安全验证，验证码是：176209。','4','1472106715','42','18333149996');
INSERT INTO `zmkj_sms_log` (`log_id`,`log_phone`,`log_captcha`,`log_ip`,`log_msg`,`log_type`,`add_time`,`member_id`,`member_name`) VALUES('112','13582912381','907700','60.2.186.162','【办工师】您于2016-08-25提交账户安全验证，验证码是：907700。','4','1472106730',NULL,NULL);
INSERT INTO `zmkj_sms_log` (`log_id`,`log_phone`,`log_captcha`,`log_ip`,`log_msg`,`log_type`,`add_time`,`member_id`,`member_name`) VALUES('113','13582912381','444399','60.2.186.162','【办工师】您于2016-08-25申请重置登录密码，动态码：444399。','3','1472114387','42','13582912381');
INSERT INTO `zmkj_sms_log` (`log_id`,`log_phone`,`log_captcha`,`log_ip`,`log_msg`,`log_type`,`add_time`,`member_id`,`member_name`) VALUES('114','13582912381','636376','60.2.186.162','【办工师】您于2016-08-25申请重置登录密码，动态码：636376。','3','1472117265','42','颜');
INSERT INTO `zmkj_sms_log` (`log_id`,`log_phone`,`log_captcha`,`log_ip`,`log_msg`,`log_type`,`add_time`,`member_id`,`member_name`) VALUES('115','13582912381','937392','60.2.186.162','【办工师】您于2016-08-25申请重置登录密码，动态码：937392。','3','1472117354','42','颜');
INSERT INTO `zmkj_sms_log` (`log_id`,`log_phone`,`log_captcha`,`log_ip`,`log_msg`,`log_type`,`add_time`,`member_id`,`member_name`) VALUES('116','13582912381','878646','60.2.186.162','【办工师】您于2016-08-25申请重置登录密码，动态码：878646。','3','1472118083','42','颜');
INSERT INTO `zmkj_sms_log` (`log_id`,`log_phone`,`log_captcha`,`log_ip`,`log_msg`,`log_type`,`add_time`,`member_id`,`member_name`) VALUES('117','13582912381','724576','60.2.186.162','【办工师】您于2016-08-26申请注册会员，动态码：724576。','1','1472193487',NULL,NULL);
INSERT INTO `zmkj_sms_log` (`log_id`,`log_phone`,`log_captcha`,`log_ip`,`log_msg`,`log_type`,`add_time`,`member_id`,`member_name`) VALUES('118','18010169346','106452','60.2.186.162','【办工师】您于2016-08-28申请重置登录密码，动态码：106452。','3','1472355241','45','18010169346');
INSERT INTO `zmkj_sms_log` (`log_id`,`log_phone`,`log_captcha`,`log_ip`,`log_msg`,`log_type`,`add_time`,`member_id`,`member_name`) VALUES('119','13230590560','691856','60.2.186.162','【办工师】您于2016-08-29申请注册会员，动态码：691856。','1','1472433797',NULL,NULL);
INSERT INTO `zmkj_sms_log` (`log_id`,`log_phone`,`log_captcha`,`log_ip`,`log_msg`,`log_type`,`add_time`,`member_id`,`member_name`) VALUES('120','18010169346','460440','60.2.186.162','【办工师】您于2016-08-30申请重置登录密码，动态码：460440。','3','1472542587','45','18010169346');
INSERT INTO `zmkj_sms_log` (`log_id`,`log_phone`,`log_captcha`,`log_ip`,`log_msg`,`log_type`,`add_time`,`member_id`,`member_name`) VALUES('121','13718851150','802550','60.2.186.162','【办工师】您于2016-08-30申请重置登录密码，动态码：802550。','3','1472542901','35','phone_13718851150');
INSERT INTO `zmkj_sms_log` (`log_id`,`log_phone`,`log_captcha`,`log_ip`,`log_msg`,`log_type`,`add_time`,`member_id`,`member_name`) VALUES('122','18333149994','375256','60.2.186.162','【办工师】您于2016-08-30提交账户安全验证，验证码是：375256。','4','1472542967',NULL,NULL);
INSERT INTO `zmkj_sms_log` (`log_id`,`log_phone`,`log_captcha`,`log_ip`,`log_msg`,`log_type`,`add_time`,`member_id`,`member_name`) VALUES('123','15732025023','766796','60.2.186.162','【办工师】您于2016-09-01申请注册会员，动态码：766796。','1','1472697183',NULL,NULL);
INSERT INTO `zmkj_sms_log` (`log_id`,`log_phone`,`log_captcha`,`log_ip`,`log_msg`,`log_type`,`add_time`,`member_id`,`member_name`) VALUES('124','18332930699','942042','60.2.186.162','【办工师】您于2016-09-01申请注册会员，动态码：942042。','1','1472698700',NULL,NULL);
INSERT INTO `zmkj_sms_log` (`log_id`,`log_phone`,`log_captcha`,`log_ip`,`log_msg`,`log_type`,`add_time`,`member_id`,`member_name`) VALUES('125','18010169346','234679','60.2.186.162','【办工师】您于2016-09-02申请注册会员，动态码：234679。','1','1472808777',NULL,NULL);
INSERT INTO `zmkj_sms_log` (`log_id`,`log_phone`,`log_captcha`,`log_ip`,`log_msg`,`log_type`,`add_time`,`member_id`,`member_name`) VALUES('126','18010169346','967748','60.2.186.162','【办工师】您于2016-09-02申请注册会员，动态码：967748。','1','1472808917',NULL,NULL);
INSERT INTO `zmkj_sms_log` (`log_id`,`log_phone`,`log_captcha`,`log_ip`,`log_msg`,`log_type`,`add_time`,`member_id`,`member_name`) VALUES('127','18010169346','529977','60.2.186.162','【办工师】您于2016-09-03申请注册会员，动态码：529977。','1','1472861940',NULL,NULL);
INSERT INTO `zmkj_sms_log` (`log_id`,`log_phone`,`log_captcha`,`log_ip`,`log_msg`,`log_type`,`add_time`,`member_id`,`member_name`) VALUES('128','17899993848','420724','60.2.186.162','【办工师】您于2016-09-03申请注册会员，动态码：420724。','1','1472862162',NULL,NULL);
INSERT INTO `zmkj_sms_log` (`log_id`,`log_phone`,`log_captcha`,`log_ip`,`log_msg`,`log_type`,`add_time`,`member_id`,`member_name`) VALUES('129','18010169346','654614','60.2.186.162','【办工师】您于2016-09-03申请注册会员，动态码：654614。','1','1472862272',NULL,NULL);
INSERT INTO `zmkj_sms_log` (`log_id`,`log_phone`,`log_captcha`,`log_ip`,`log_msg`,`log_type`,`add_time`,`member_id`,`member_name`) VALUES('130','18010169346','750016','60.2.186.162','【办工师】您于2016-09-03申请注册会员，动态码：750016。','1','1472862465',NULL,NULL);
INSERT INTO `zmkj_sms_log` (`log_id`,`log_phone`,`log_captcha`,`log_ip`,`log_msg`,`log_type`,`add_time`,`member_id`,`member_name`) VALUES('131','18045173824','466034','123.56.101.60','【办工师】您于2016-09-03申请注册会员，动态码：466034。','1','1472867875',NULL,NULL);
INSERT INTO `zmkj_sms_log` (`log_id`,`log_phone`,`log_captcha`,`log_ip`,`log_msg`,`log_type`,`add_time`,`member_id`,`member_name`) VALUES('132','13363297275','762098','60.2.186.162','【办工师】您于2016-09-03申请注册会员，动态码：762098。','1','1472881319',NULL,NULL);
INSERT INTO `zmkj_sms_log` (`log_id`,`log_phone`,`log_captcha`,`log_ip`,`log_msg`,`log_type`,`add_time`,`member_id`,`member_name`) VALUES('133','13363297275','773991','60.2.186.162','【办工师】您于2016-09-03申请重置登录密码，动态码：773991。','3','1472881424','55','13363297275');
INSERT INTO `zmkj_sms_log` (`log_id`,`log_phone`,`log_captcha`,`log_ip`,`log_msg`,`log_type`,`add_time`,`member_id`,`member_name`) VALUES('134','18010169346','418604','60.2.186.162','【办工师】您于2016-09-03申请注册会员，动态码：418604。','1','1472882282',NULL,NULL);
INSERT INTO `zmkj_sms_log` (`log_id`,`log_phone`,`log_captcha`,`log_ip`,`log_msg`,`log_type`,`add_time`,`member_id`,`member_name`) VALUES('135','15238304399','587872','1.192.38.252','【办工师】您于2016-09-03申请注册会员，动态码：587872。','1','1472888888',NULL,NULL);
INSERT INTO `zmkj_sms_log` (`log_id`,`log_phone`,`log_captcha`,`log_ip`,`log_msg`,`log_type`,`add_time`,`member_id`,`member_name`) VALUES('136','18632175503','130607','1.192.38.252','【办工师】您于2016-09-03申请注册会员，动态码：130607。','1','1472889286',NULL,NULL);
INSERT INTO `zmkj_sms_log` (`log_id`,`log_phone`,`log_captcha`,`log_ip`,`log_msg`,`log_type`,`add_time`,`member_id`,`member_name`) VALUES('137','18632175503','491480','1.192.38.252','【办工师】您于2016-09-03申请注册会员，动态码：491480。','1','1472889345',NULL,NULL);
INSERT INTO `zmkj_sms_log` (`log_id`,`log_phone`,`log_captcha`,`log_ip`,`log_msg`,`log_type`,`add_time`,`member_id`,`member_name`) VALUES('138','18039299775','664134','1.192.38.252','【办工师】您于2016-09-04申请注册会员，动态码：664134。','1','1472971307',NULL,NULL);
INSERT INTO `zmkj_sms_log` (`log_id`,`log_phone`,`log_captcha`,`log_ip`,`log_msg`,`log_type`,`add_time`,`member_id`,`member_name`) VALUES('139','18039299775','212529','1.192.38.252','【办工师】您于2016-09-04申请注册会员，动态码：212529。','1','1472971461',NULL,NULL);
INSERT INTO `zmkj_sms_log` (`log_id`,`log_phone`,`log_captcha`,`log_ip`,`log_msg`,`log_type`,`add_time`,`member_id`,`member_name`) VALUES('140','18039299775','814071','1.192.38.252','【办工师】您于2016-09-04申请注册会员，动态码：814071。','1','1472971666',NULL,NULL);
INSERT INTO `zmkj_sms_log` (`log_id`,`log_phone`,`log_captcha`,`log_ip`,`log_msg`,`log_type`,`add_time`,`member_id`,`member_name`) VALUES('141','18010169346','132598','60.2.186.162','【办工师】您于2016-09-09申请重置登录密码，动态码：132598。','3','1473411570','56','phone_18010169346');
INSERT INTO `zmkj_sms_log` (`log_id`,`log_phone`,`log_captcha`,`log_ip`,`log_msg`,`log_type`,`add_time`,`member_id`,`member_name`) VALUES('142','13582912381','275721','60.2.186.162','【办工师】您于2016-09-17申请注册会员，动态码：275721。','1','1474095986',NULL,NULL);
INSERT INTO `zmkj_sms_log` (`log_id`,`log_phone`,`log_captcha`,`log_ip`,`log_msg`,`log_type`,`add_time`,`member_id`,`member_name`) VALUES('143','13255963555','637134','61.158.152.146','【办工师】您于2016-09-19申请注册会员，动态码：637134。','1','1474247307',NULL,NULL);
INSERT INTO `zmkj_sms_log` (`log_id`,`log_phone`,`log_captcha`,`log_ip`,`log_msg`,`log_type`,`add_time`,`member_id`,`member_name`) VALUES('144','13255963555','604578','61.158.152.146','【办工师】您于2016-09-19申请注册会员，动态码：604578。','1','1474247528',NULL,NULL);
INSERT INTO `zmkj_sms_log` (`log_id`,`log_phone`,`log_captcha`,`log_ip`,`log_msg`,`log_type`,`add_time`,`member_id`,`member_name`) VALUES('145','15324717273','358644','61.158.152.146','【办工师】您于2016-09-19申请注册会员，动态码：358644。','1','1474247616',NULL,NULL);
INSERT INTO `zmkj_sms_log` (`log_id`,`log_phone`,`log_captcha`,`log_ip`,`log_msg`,`log_type`,`add_time`,`member_id`,`member_name`) VALUES('146','13333333333','252267','17.200.11.44','【办工师】您于2016-09-21申请注册会员，动态码：252267。','1','1474397553',NULL,NULL);
INSERT INTO `zmkj_sms_log` (`log_id`,`log_phone`,`log_captcha`,`log_ip`,`log_msg`,`log_type`,`add_time`,`member_id`,`member_name`) VALUES('147','15001399493','800536','60.2.186.162','【办工师】您于2016-09-23申请注册会员，动态码：800536。','1','1474601845',NULL,NULL);
INSERT INTO `zmkj_sms_log` (`log_id`,`log_phone`,`log_captcha`,`log_ip`,`log_msg`,`log_type`,`add_time`,`member_id`,`member_name`) VALUES('148','18232598864','975715','60.2.186.162','【办工师】您于2016-09-23申请注册会员，动态码：975715。','1','1474601960',NULL,NULL);
INSERT INTO `zmkj_sms_log` (`log_id`,`log_phone`,`log_captcha`,`log_ip`,`log_msg`,`log_type`,`add_time`,`member_id`,`member_name`) VALUES('149','18039299775','641359','171.10.146.62','【办工师】您于2016-09-25申请重置登录密码，动态码：641359。','3','1474767710','59','18039299775');
INSERT INTO `zmkj_sms_log` (`log_id`,`log_phone`,`log_captcha`,`log_ip`,`log_msg`,`log_type`,`add_time`,`member_id`,`member_name`) VALUES('150','18039299775','725449','171.10.146.62','【办工师】您于2016-09-25申请重置登录密码，动态码：725449。','3','1474767831','59','18039299775');
INSERT INTO `zmkj_sms_log` (`log_id`,`log_phone`,`log_captcha`,`log_ip`,`log_msg`,`log_type`,`add_time`,`member_id`,`member_name`) VALUES('151','13718851150','653755','60.2.186.162','【办工师】您于2016-09-25申请重置登录密码，动态码：653755。','3','1474780522','35','phone_13718851150');
INSERT INTO `zmkj_sms_log` (`log_id`,`log_phone`,`log_captcha`,`log_ip`,`log_msg`,`log_type`,`add_time`,`member_id`,`member_name`) VALUES('152','13718851150','473633','27.191.5.158','【办工师】您于2016-09-25申请重置登录密码，动态码：473633。','3','1474804234','35','phone_13718851150');
INSERT INTO `zmkj_sms_log` (`log_id`,`log_phone`,`log_captcha`,`log_ip`,`log_msg`,`log_type`,`add_time`,`member_id`,`member_name`) VALUES('153','13718851150','622710','27.191.5.158','【办工师】您于2016-09-25申请重置登录密码，动态码：622710。','3','1474804457','35','phone_13718851150');
INSERT INTO `zmkj_sms_log` (`log_id`,`log_phone`,`log_captcha`,`log_ip`,`log_msg`,`log_type`,`add_time`,`member_id`,`member_name`) VALUES('154','13718851150','781876','27.191.5.158','【办工师】您于2016-09-26申请重置登录密码，动态码：781876。','3','1474859948','35','phone_13718851150');
INSERT INTO `zmkj_sms_log` (`log_id`,`log_phone`,`log_captcha`,`log_ip`,`log_msg`,`log_type`,`add_time`,`member_id`,`member_name`) VALUES('155','13718851150','994609','27.191.5.158','【办工师】您于2016-09-26申请重置登录密码，动态码：994609。','3','1474860264','35','phone_13718851150');
INSERT INTO `zmkj_sms_log` (`log_id`,`log_phone`,`log_captcha`,`log_ip`,`log_msg`,`log_type`,`add_time`,`member_id`,`member_name`) VALUES('156','13718851150','523809','27.191.5.158','【办工师】您于2016-09-26提交账户安全验证，验证码是：523809。','4','1474860695','35','phone_13718851150');
INSERT INTO `zmkj_sms_log` (`log_id`,`log_phone`,`log_captcha`,`log_ip`,`log_msg`,`log_type`,`add_time`,`member_id`,`member_name`) VALUES('157','18045173824','377196','124.126.177.190','【办工师】您于2016-09-26申请重置登录密码，动态码：377196。','3','1474861314','54','phone_18045173824');
INSERT INTO `zmkj_sms_log` (`log_id`,`log_phone`,`log_captcha`,`log_ip`,`log_msg`,`log_type`,`add_time`,`member_id`,`member_name`) VALUES('158','18045173824','553611','124.126.177.190','【办工师】您于2016-09-26申请重置登录密码，动态码：553611。','3','1474861371','54','phone_18045173824');
INSERT INTO `zmkj_sms_log` (`log_id`,`log_phone`,`log_captcha`,`log_ip`,`log_msg`,`log_type`,`add_time`,`member_id`,`member_name`) VALUES('159','18045173824','318519','124.126.177.190','【办工师】您于2016-09-26申请重置登录密码，动态码：318519。','3','1474861727','54','253652036525');
INSERT INTO `zmkj_sms_log` (`log_id`,`log_phone`,`log_captcha`,`log_ip`,`log_msg`,`log_type`,`add_time`,`member_id`,`member_name`) VALUES('160','13718851150','244404','27.191.5.158','【办工师】您于2016-09-26提交账户安全验证，验证码是：244404。','4','1474861871','35','phone_13718851150');
INSERT INTO `zmkj_sms_log` (`log_id`,`log_phone`,`log_captcha`,`log_ip`,`log_msg`,`log_type`,`add_time`,`member_id`,`member_name`) VALUES('161','13718851150','679409','27.191.5.158','【办工师】您于2016-09-26申请重置登录密码，动态码：679409。','3','1474861913','35','phone_13718851150');
INSERT INTO `zmkj_sms_log` (`log_id`,`log_phone`,`log_captcha`,`log_ip`,`log_msg`,`log_type`,`add_time`,`member_id`,`member_name`) VALUES('162','13718851150','169457','27.191.5.158','【办工师】您于2016-09-26申请重置登录密码，动态码：169457。','3','1474861979','35','phone_13718851150');
INSERT INTO `zmkj_sms_log` (`log_id`,`log_phone`,`log_captcha`,`log_ip`,`log_msg`,`log_type`,`add_time`,`member_id`,`member_name`) VALUES('163','13718851150','985437','27.191.5.158','【办工师】您于2016-09-26申请重置登录密码，动态码：985437。','3','1474862035','35','phone_13718851150');
INSERT INTO `zmkj_sms_log` (`log_id`,`log_phone`,`log_captcha`,`log_ip`,`log_msg`,`log_type`,`add_time`,`member_id`,`member_name`) VALUES('164','18401620775','995490','61.148.220.94','【办工师】您于2016-09-27申请注册会员，动态码：995490。','1','1474948906',NULL,NULL);
INSERT INTO `zmkj_sms_log` (`log_id`,`log_phone`,`log_captcha`,`log_ip`,`log_msg`,`log_type`,`add_time`,`member_id`,`member_name`) VALUES('165','18632175503','920957','221.192.179.110','【办工师】您于2016-09-30申请注册会员，动态码：920957。','1','1475214593',NULL,NULL);
INSERT INTO `zmkj_sms_log` (`log_id`,`log_phone`,`log_captcha`,`log_ip`,`log_msg`,`log_type`,`add_time`,`member_id`,`member_name`) VALUES('166','18632175503','736499','42.231.72.188','【办工师】您于2016-10-03申请注册会员，动态码：736499。','1','1475480138',NULL,NULL);
INSERT INTO `zmkj_sms_log` (`log_id`,`log_phone`,`log_captcha`,`log_ip`,`log_msg`,`log_type`,`add_time`,`member_id`,`member_name`) VALUES('167','13582912381','674878','60.2.186.163','【办工师】您于2016-10-06申请注册会员，动态码：674878。','1','1475739996',NULL,NULL);
INSERT INTO `zmkj_sms_log` (`log_id`,`log_phone`,`log_captcha`,`log_ip`,`log_msg`,`log_type`,`add_time`,`member_id`,`member_name`) VALUES('168','13582912381','973118','60.2.186.163','【办工师】您于2016-10-06申请注册会员，动态码：973118。','1','1475740275',NULL,NULL);
INSERT INTO `zmkj_sms_log` (`log_id`,`log_phone`,`log_captcha`,`log_ip`,`log_msg`,`log_type`,`add_time`,`member_id`,`member_name`) VALUES('169','13230590560','287618','60.2.186.163','【办工师】您于2016-10-06申请注册会员，动态码：287618。','1','1475741965',NULL,NULL);
INSERT INTO `zmkj_sms_log` (`log_id`,`log_phone`,`log_captcha`,`log_ip`,`log_msg`,`log_type`,`add_time`,`member_id`,`member_name`) VALUES('170','13911752408','310129','223.223.201.185','【办工师】您于2016-10-07申请注册会员，动态码：310129。','1','1475814616',NULL,NULL);
INSERT INTO `zmkj_sms_log` (`log_id`,`log_phone`,`log_captcha`,`log_ip`,`log_msg`,`log_type`,`add_time`,`member_id`,`member_name`) VALUES('171','13783472378','740304','125.41.227.163','【办工师】您于2016-10-09申请注册会员，动态码：740304。','1','1475992858',NULL,NULL);
INSERT INTO `zmkj_sms_log` (`log_id`,`log_phone`,`log_captcha`,`log_ip`,`log_msg`,`log_type`,`add_time`,`member_id`,`member_name`) VALUES('172','18802697449','112826','183.237.222.146','【办工师】您于2016-10-12申请注册会员，动态码：112826。','1','1476238010',NULL,NULL);
INSERT INTO `zmkj_sms_log` (`log_id`,`log_phone`,`log_captcha`,`log_ip`,`log_msg`,`log_type`,`add_time`,`member_id`,`member_name`) VALUES('173','18802697449','243402','183.237.222.146','【办工师】您于2016-10-12申请重置登录密码，动态码：243402。','3','1476238916','85','phone_18802697449');
INSERT INTO `zmkj_sms_log` (`log_id`,`log_phone`,`log_captcha`,`log_ip`,`log_msg`,`log_type`,`add_time`,`member_id`,`member_name`) VALUES('174','18802697449','771117','183.237.222.146','【办工师】您于2016-10-12申请重置登录密码，动态码：771117。','3','1476239099','85','phone_18802697449');
INSERT INTO `zmkj_sms_log` (`log_id`,`log_phone`,`log_captcha`,`log_ip`,`log_msg`,`log_type`,`add_time`,`member_id`,`member_name`) VALUES('175','13632913551','983616','223.104.63.15','【办工师】您于2016-10-12申请注册会员，动态码：983616。','1','1476245687',NULL,NULL);
INSERT INTO `zmkj_sms_log` (`log_id`,`log_phone`,`log_captcha`,`log_ip`,`log_msg`,`log_type`,`add_time`,`member_id`,`member_name`) VALUES('176','13718851150','518530','175.164.85.188','【办工师】您于2016-10-14申请重置登录密码，动态码：518530。','3','1476394612','35','phone_13718851150');
INSERT INTO `zmkj_sms_log` (`log_id`,`log_phone`,`log_captcha`,`log_ip`,`log_msg`,`log_type`,`add_time`,`member_id`,`member_name`) VALUES('177','13244748012','156064','119.145.15.27','【办工师】您于2016-10-15申请注册会员，动态码：156064。','1','1476523585',NULL,NULL);
INSERT INTO `zmkj_sms_log` (`log_id`,`log_phone`,`log_captcha`,`log_ip`,`log_msg`,`log_type`,`add_time`,`member_id`,`member_name`) VALUES('178','15625911501','255025','112.21.166.2','【办工师】您于2016-10-16申请注册会员，动态码：255025。','1','1476579654',NULL,NULL);
INSERT INTO `zmkj_sms_log` (`log_id`,`log_phone`,`log_captcha`,`log_ip`,`log_msg`,`log_type`,`add_time`,`member_id`,`member_name`) VALUES('179','18625911501','609779','112.21.166.3','【办工师】您于2016-10-16申请注册会员，动态码：609779。','1','1476580432',NULL,NULL);
INSERT INTO `zmkj_sms_log` (`log_id`,`log_phone`,`log_captcha`,`log_ip`,`log_msg`,`log_type`,`add_time`,`member_id`,`member_name`) VALUES('180','18204013506','660457','223.101.67.93','【办工师】您于2016-10-16申请注册会员，动态码：660457。','1','1476622712',NULL,NULL);
INSERT INTO `zmkj_sms_log` (`log_id`,`log_phone`,`log_captcha`,`log_ip`,`log_msg`,`log_type`,`add_time`,`member_id`,`member_name`) VALUES('181','13716766070','169587','121.20.19.97','【办工师】您于2016-10-16申请注册会员，动态码：169587。','1','1476626887',NULL,NULL);
INSERT INTO `zmkj_sms_log` (`log_id`,`log_phone`,`log_captcha`,`log_ip`,`log_msg`,`log_type`,`add_time`,`member_id`,`member_name`) VALUES('182','15574601840','300114','113.244.125.247','【办工师】您于2016-10-21申请注册会员，动态码：300114。','1','1477048216',NULL,NULL);
INSERT INTO `zmkj_sms_log` (`log_id`,`log_phone`,`log_captcha`,`log_ip`,`log_msg`,`log_type`,`add_time`,`member_id`,`member_name`) VALUES('183','13716286999','901587','171.10.145.202','【办工师】您于2016-10-21申请注册会员，动态码：901587。','1','1477061468',NULL,NULL);
INSERT INTO `zmkj_sms_log` (`log_id`,`log_phone`,`log_captcha`,`log_ip`,`log_msg`,`log_type`,`add_time`,`member_id`,`member_name`) VALUES('184','13655530105','776685','112.26.231.159','【办工师】您于2016-10-22申请注册会员，动态码：776685。','1','1477129041',NULL,NULL);
INSERT INTO `zmkj_sms_log` (`log_id`,`log_phone`,`log_captcha`,`log_ip`,`log_msg`,`log_type`,`add_time`,`member_id`,`member_name`) VALUES('185','13783670426','646791','1.194.23.30','【办工师】您于2016-10-25申请注册会员，动态码：646791。','1','1477356867',NULL,NULL);
INSERT INTO `zmkj_sms_log` (`log_id`,`log_phone`,`log_captcha`,`log_ip`,`log_msg`,`log_type`,`add_time`,`member_id`,`member_name`) VALUES('186','15238304399','112297','117.136.61.98','【办工师】您于2016-10-25申请重置登录密码，动态码：112297。','3','1477365549','57','phone_15238304399');
INSERT INTO `zmkj_sms_log` (`log_id`,`log_phone`,`log_captcha`,`log_ip`,`log_msg`,`log_type`,`add_time`,`member_id`,`member_name`) VALUES('187','13333838552','502782','171.10.16.5','【办工师】您于2016-10-26申请注册会员，动态码：502782。','1','1477445480',NULL,NULL);
INSERT INTO `zmkj_sms_log` (`log_id`,`log_phone`,`log_captcha`,`log_ip`,`log_msg`,`log_type`,`add_time`,`member_id`,`member_name`) VALUES('188','13071132211','834957','219.142.228.40','【办工师】您于2016-10-26申请注册会员，动态码：834957。','1','1477447980',NULL,NULL);
INSERT INTO `zmkj_sms_log` (`log_id`,`log_phone`,`log_captcha`,`log_ip`,`log_msg`,`log_type`,`add_time`,`member_id`,`member_name`) VALUES('189','15210648805','133277','219.142.228.40','【办工师】您于2016-10-27申请注册会员，动态码：133277。','1','1477558801',NULL,NULL);
INSERT INTO `zmkj_sms_log` (`log_id`,`log_phone`,`log_captcha`,`log_ip`,`log_msg`,`log_type`,`add_time`,`member_id`,`member_name`) VALUES('190','13775811648','618015','180.104.189.24','【办工师】您于2016-10-27申请注册会员，动态码：618015。','1','1477570213',NULL,NULL);
INSERT INTO `zmkj_sms_log` (`log_id`,`log_phone`,`log_captcha`,`log_ip`,`log_msg`,`log_type`,`add_time`,`member_id`,`member_name`) VALUES('191','15670701236','411845','222.40.10.110','【办工师】您于2016-10-29申请注册会员，动态码：411845。','1','1477717996',NULL,NULL);
INSERT INTO `zmkj_sms_log` (`log_id`,`log_phone`,`log_captcha`,`log_ip`,`log_msg`,`log_type`,`add_time`,`member_id`,`member_name`) VALUES('192','18201610056','982221','219.143.110.248','【办工师】您于2016-10-31申请注册会员，动态码：982221。','1','1477878141',NULL,NULL);
INSERT INTO `zmkj_sms_log` (`log_id`,`log_phone`,`log_captcha`,`log_ip`,`log_msg`,`log_type`,`add_time`,`member_id`,`member_name`) VALUES('193','15098996298','369280','58.247.168.154','【办工师】您于2016-10-31申请注册会员，动态码：369280。','1','1477879311',NULL,NULL);
INSERT INTO `zmkj_sms_log` (`log_id`,`log_phone`,`log_captcha`,`log_ip`,`log_msg`,`log_type`,`add_time`,`member_id`,`member_name`) VALUES('194','13213011270','125627','61.158.152.109','【办工师】您于2016-10-31申请注册会员，动态码：125627。','1','1477896467',NULL,NULL);
INSERT INTO `zmkj_sms_log` (`log_id`,`log_phone`,`log_captcha`,`log_ip`,`log_msg`,`log_type`,`add_time`,`member_id`,`member_name`) VALUES('195','13733151353','585217','1.194.19.111','【办工师】您于2016-10-31申请注册会员，动态码：585217。','1','1477898216',NULL,NULL);
INSERT INTO `zmkj_sms_log` (`log_id`,`log_phone`,`log_captcha`,`log_ip`,`log_msg`,`log_type`,`add_time`,`member_id`,`member_name`) VALUES('196','18614958688','865751','61.158.152.197','【办工师】您于2016-10-31申请注册会员，动态码：865751。','1','1477905238',NULL,NULL);
INSERT INTO `zmkj_sms_log` (`log_id`,`log_phone`,`log_captcha`,`log_ip`,`log_msg`,`log_type`,`add_time`,`member_id`,`member_name`) VALUES('197','13526521653','588873','125.41.224.30','【办工师】您于2016-10-31申请注册会员，动态码：588873。','1','1477907549',NULL,NULL);
INSERT INTO `zmkj_sms_log` (`log_id`,`log_phone`,`log_captcha`,`log_ip`,`log_msg`,`log_type`,`add_time`,`member_id`,`member_name`) VALUES('198','18037332316','328073','1.194.19.165','【办工师】您于2016-11-01申请注册会员，动态码：328073。','1','1477959698',NULL,NULL);
INSERT INTO `zmkj_sms_log` (`log_id`,`log_phone`,`log_captcha`,`log_ip`,`log_msg`,`log_type`,`add_time`,`member_id`,`member_name`) VALUES('199','13613544157','157451','1.194.19.165','【办工师】您于2016-11-01申请注册会员，动态码：157451。','1','1477959785',NULL,NULL);
INSERT INTO `zmkj_sms_log` (`log_id`,`log_phone`,`log_captcha`,`log_ip`,`log_msg`,`log_type`,`add_time`,`member_id`,`member_name`) VALUES('200','15890027010','771911','117.136.44.247','【办工师】您于2016-11-01申请注册会员，动态码：771911。','1','1477960117',NULL,NULL);
INSERT INTO `zmkj_sms_log` (`log_id`,`log_phone`,`log_captcha`,`log_ip`,`log_msg`,`log_type`,`add_time`,`member_id`,`member_name`) VALUES('201','15890027010','404135','117.136.44.247','【办工师】您于2016-11-01申请注册会员，动态码：404135。','1','1477960336',NULL,NULL);
INSERT INTO `zmkj_sms_log` (`log_id`,`log_phone`,`log_captcha`,`log_ip`,`log_msg`,`log_type`,`add_time`,`member_id`,`member_name`) VALUES('202','13461152795','659951','1.194.19.165','【办工师】您于2016-11-01申请注册会员，动态码：659951。','1','1477960533',NULL,NULL);
INSERT INTO `zmkj_sms_log` (`log_id`,`log_phone`,`log_captcha`,`log_ip`,`log_msg`,`log_type`,`add_time`,`member_id`,`member_name`) VALUES('203','13733151353','666005','1.194.19.165','【办工师】您于2016-11-01申请登录，动态码：666005。','2','1477961079','130','Simon');
INSERT INTO `zmkj_sms_log` (`log_id`,`log_phone`,`log_captcha`,`log_ip`,`log_msg`,`log_type`,`add_time`,`member_id`,`member_name`) VALUES('204','15838197870','517776','115.60.11.65','【办工师】您于2016-11-01申请注册会员，动态码：517776。','1','1477963951',NULL,NULL);
INSERT INTO `zmkj_sms_log` (`log_id`,`log_phone`,`log_captcha`,`log_ip`,`log_msg`,`log_type`,`add_time`,`member_id`,`member_name`) VALUES('205','15838197870','880477','115.60.11.65','【办工师】您于2016-11-01申请注册会员，动态码：880477。','1','1477964364',NULL,NULL);
INSERT INTO `zmkj_sms_log` (`log_id`,`log_phone`,`log_captcha`,`log_ip`,`log_msg`,`log_type`,`add_time`,`member_id`,`member_name`) VALUES('206','15838197870','381019','115.60.11.71','【办工师】您于2016-11-01申请注册会员，动态码：381019。','1','1477964463',NULL,NULL);
INSERT INTO `zmkj_sms_log` (`log_id`,`log_phone`,`log_captcha`,`log_ip`,`log_msg`,`log_type`,`add_time`,`member_id`,`member_name`) VALUES('207','15838197870','762698','115.60.11.71','【办工师】您于2016-11-01申请重置登录密码，动态码：762698。','3','1477965087','141','15838197870');
INSERT INTO `zmkj_sms_log` (`log_id`,`log_phone`,`log_captcha`,`log_ip`,`log_msg`,`log_type`,`add_time`,`member_id`,`member_name`) VALUES('208','15838197870','409093','115.60.11.65','【办工师】您于2016-11-01申请重置登录密码，动态码：409093。','3','1477965125','141','15838197870');
INSERT INTO `zmkj_sms_log` (`log_id`,`log_phone`,`log_captcha`,`log_ip`,`log_msg`,`log_type`,`add_time`,`member_id`,`member_name`) VALUES('209','13939082633','198796','115.60.11.209','【办工师】您于2016-11-01申请注册会员，动态码：198796。','1','1477965903',NULL,NULL);
INSERT INTO `zmkj_sms_log` (`log_id`,`log_phone`,`log_captcha`,`log_ip`,`log_msg`,`log_type`,`add_time`,`member_id`,`member_name`) VALUES('210','15633406898','596948','60.2.186.162','【办工师】您于2016-11-01申请注册会员，动态码：596948。','1','1477992470',NULL,NULL);
INSERT INTO `zmkj_sms_log` (`log_id`,`log_phone`,`log_captcha`,`log_ip`,`log_msg`,`log_type`,`add_time`,`member_id`,`member_name`) VALUES('211','15139924492','967613','125.41.85.71','【办工师】您于2016-11-01申请注册会员，动态码：967613。','1','1478001116',NULL,NULL);
INSERT INTO `zmkj_sms_log` (`log_id`,`log_phone`,`log_captcha`,`log_ip`,`log_msg`,`log_type`,`add_time`,`member_id`,`member_name`) VALUES('212','13461152795','375616','1.194.18.144','【办工师】您于2016-11-02申请注册会员，动态码：375616。','1','1478048841',NULL,NULL);
INSERT INTO `zmkj_sms_log` (`log_id`,`log_phone`,`log_captcha`,`log_ip`,`log_msg`,`log_type`,`add_time`,`member_id`,`member_name`) VALUES('213','18332930699','433424','60.2.186.162','【办工师】您于2016-11-02申请注册会员，动态码：433424。','1','1478050316',NULL,NULL);
INSERT INTO `zmkj_sms_log` (`log_id`,`log_phone`,`log_captcha`,`log_ip`,`log_msg`,`log_type`,`add_time`,`member_id`,`member_name`) VALUES('214','13461152795','910921','1.194.18.144','【办工师】您于2016-11-02申请注册会员，动态码：910921。','1','1478050332',NULL,NULL);
INSERT INTO `zmkj_sms_log` (`log_id`,`log_phone`,`log_captcha`,`log_ip`,`log_msg`,`log_type`,`add_time`,`member_id`,`member_name`) VALUES('215','15238304399','425210','1.194.18.144','【办工师】您于2016-11-02申请重置登录密码，动态码：425210。','3','1478050387','57','phone_15238304399');
INSERT INTO `zmkj_sms_log` (`log_id`,`log_phone`,`log_captcha`,`log_ip`,`log_msg`,`log_type`,`add_time`,`member_id`,`member_name`) VALUES('216','17719879330','814204','1.194.18.144','【办工师】您于2016-11-02申请注册会员，动态码：814204。','1','1478050785',NULL,NULL);
INSERT INTO `zmkj_sms_log` (`log_id`,`log_phone`,`log_captcha`,`log_ip`,`log_msg`,`log_type`,`add_time`,`member_id`,`member_name`) VALUES('217','17719879330','701753','1.194.18.144','【办工师】您于2016-11-02申请重置登录密码，动态码：701753。','3','1478050964','156','phone_17719879330');
INSERT INTO `zmkj_sms_log` (`log_id`,`log_phone`,`log_captcha`,`log_ip`,`log_msg`,`log_type`,`add_time`,`member_id`,`member_name`) VALUES('218','15238304399','806183','1.194.18.144','【办工师】您于2016-11-02申请注册会员，动态码：806183。','1','1478051529',NULL,NULL);
INSERT INTO `zmkj_sms_log` (`log_id`,`log_phone`,`log_captcha`,`log_ip`,`log_msg`,`log_type`,`add_time`,`member_id`,`member_name`) VALUES('219','18037332316','576922','1.194.18.144','【办工师】您于2016-11-02申请注册会员，动态码：576922。','1','1478051622',NULL,NULL);
INSERT INTO `zmkj_sms_log` (`log_id`,`log_phone`,`log_captcha`,`log_ip`,`log_msg`,`log_type`,`add_time`,`member_id`,`member_name`) VALUES('220','13613544157','807050','1.194.18.144','【办工师】您于2016-11-02申请注册会员，动态码：807050。','1','1478053618',NULL,NULL);
INSERT INTO `zmkj_sms_log` (`log_id`,`log_phone`,`log_captcha`,`log_ip`,`log_msg`,`log_type`,`add_time`,`member_id`,`member_name`) VALUES('221','13613544157','735967','1.194.18.144','【办工师】您于2016-11-02申请重置登录密码，动态码：735967。','3','1478053850','158','Simon');
INSERT INTO `zmkj_sms_log` (`log_id`,`log_phone`,`log_captcha`,`log_ip`,`log_msg`,`log_type`,`add_time`,`member_id`,`member_name`) VALUES('222','13323855189','405966','171.10.141.135','【办工师】您于2016-11-02申请注册会员，动态码：405966。','1','1478071932',NULL,NULL);
INSERT INTO `zmkj_sms_log` (`log_id`,`log_phone`,`log_captcha`,`log_ip`,`log_msg`,`log_type`,`add_time`,`member_id`,`member_name`) VALUES('223','18037332316','925121','1.194.18.144','【办工师】您于2016-11-03申请重置登录密码，动态码：925121。','3','1478135328','133','phone_18037332316');
INSERT INTO `zmkj_sms_log` (`log_id`,`log_phone`,`log_captcha`,`log_ip`,`log_msg`,`log_type`,`add_time`,`member_id`,`member_name`) VALUES('224','18037332316','965489','1.194.18.144','【办工师】您于2016-11-03申请重置登录密码，动态码：965489。','3','1478135352','133','phone_18037332316');
INSERT INTO `zmkj_sms_log` (`log_id`,`log_phone`,`log_captcha`,`log_ip`,`log_msg`,`log_type`,`add_time`,`member_id`,`member_name`) VALUES('225','15538501173','890109','175.188.97.42','【办工师】您于2016-11-03申请注册会员，动态码：890109。','1','1478136046',NULL,NULL);
INSERT INTO `zmkj_sms_log` (`log_id`,`log_phone`,`log_captcha`,`log_ip`,`log_msg`,`log_type`,`add_time`,`member_id`,`member_name`) VALUES('226','15538501173','720102','175.188.97.42','【办工师】您于2016-11-03申请注册会员，动态码：720102。','1','1478136111',NULL,NULL);
INSERT INTO `zmkj_sms_log` (`log_id`,`log_phone`,`log_captcha`,`log_ip`,`log_msg`,`log_type`,`add_time`,`member_id`,`member_name`) VALUES('227','13520288595','194750','1.194.18.144','【办工师】您于2016-11-03申请注册会员，动态码：194750。','1','1478154323',NULL,NULL);
INSERT INTO `zmkj_sms_log` (`log_id`,`log_phone`,`log_captcha`,`log_ip`,`log_msg`,`log_type`,`add_time`,`member_id`,`member_name`) VALUES('228','15136066490','555567','1.194.18.144','【办工师】您于2016-11-03申请注册会员，动态码：555567。','1','1478154713',NULL,NULL);
INSERT INTO `zmkj_sms_log` (`log_id`,`log_phone`,`log_captcha`,`log_ip`,`log_msg`,`log_type`,`add_time`,`member_id`,`member_name`) VALUES('229','15136066490','987963','1.194.18.144','【办工师】您于2016-11-03申请注册会员，动态码：987963。','1','1478155569',NULL,NULL);
INSERT INTO `zmkj_sms_log` (`log_id`,`log_phone`,`log_captcha`,`log_ip`,`log_msg`,`log_type`,`add_time`,`member_id`,`member_name`) VALUES('230','15538201173','796868','175.188.97.42','【办工师】您于2016-11-03申请注册会员，动态码：796868。','1','1478171114',NULL,NULL);
INSERT INTO `zmkj_sms_log` (`log_id`,`log_phone`,`log_captcha`,`log_ip`,`log_msg`,`log_type`,`add_time`,`member_id`,`member_name`) VALUES('231','13303844662','721823','222.137.79.214','【办工师】您于2016-11-04申请注册会员，动态码：721823。','1','1478226155',NULL,NULL);
INSERT INTO `zmkj_sms_log` (`log_id`,`log_phone`,`log_captcha`,`log_ip`,`log_msg`,`log_type`,`add_time`,`member_id`,`member_name`) VALUES('232','13603844662','825846','221.15.158.87','【办工师】您于2016-11-04申请注册会员，动态码：825846。','1','1478226347',NULL,NULL);
INSERT INTO `zmkj_sms_log` (`log_id`,`log_phone`,`log_captcha`,`log_ip`,`log_msg`,`log_type`,`add_time`,`member_id`,`member_name`) VALUES('233','15136220273','376255','123.14.77.188','【办工师】您于2016-11-04申请注册会员，动态码：376255。','1','1478226936',NULL,NULL);
INSERT INTO `zmkj_sms_log` (`log_id`,`log_phone`,`log_captcha`,`log_ip`,`log_msg`,`log_type`,`add_time`,`member_id`,`member_name`) VALUES('234','15038205172','529586','117.136.44.164','【办工师】您于2016-11-04申请注册会员，动态码：529586。','1','1478235314',NULL,NULL);
INSERT INTO `zmkj_sms_log` (`log_id`,`log_phone`,`log_captcha`,`log_ip`,`log_msg`,`log_type`,`add_time`,`member_id`,`member_name`) VALUES('235','15038205172','222578','117.136.44.164','【办工师】您于2016-11-04申请重置登录密码，动态码：222578。','3','1478235382','175','phone_15038205172');
INSERT INTO `zmkj_sms_log` (`log_id`,`log_phone`,`log_captcha`,`log_ip`,`log_msg`,`log_type`,`add_time`,`member_id`,`member_name`) VALUES('236','15333819288','632525','117.136.61.61','【办工师】您于2016-11-04申请注册会员，动态码：632525。','1','1478243180',NULL,NULL);
INSERT INTO `zmkj_sms_log` (`log_id`,`log_phone`,`log_captcha`,`log_ip`,`log_msg`,`log_type`,`add_time`,`member_id`,`member_name`) VALUES('237','15333819288','425315','117.136.61.61','【办工师】您于2016-11-04申请重置登录密码，动态码：425315。','3','1478243764','177','phone_15333819288');
INSERT INTO `zmkj_sms_log` (`log_id`,`log_phone`,`log_captcha`,`log_ip`,`log_msg`,`log_type`,`add_time`,`member_id`,`member_name`) VALUES('238','13303844662','332659','106.33.150.175','【办工师】您于2016-11-05申请重置登录密码，动态码：332659。','3','1478275985','171','13303844662');
INSERT INTO `zmkj_sms_log` (`log_id`,`log_phone`,`log_captcha`,`log_ip`,`log_msg`,`log_type`,`add_time`,`member_id`,`member_name`) VALUES('239','13303844662','170647','222.137.85.111','【办工师】您于2016-11-05申请重置登录密码，动态码：170647。','3','1478276055','171','13303844662');
INSERT INTO `zmkj_sms_log` (`log_id`,`log_phone`,`log_captcha`,`log_ip`,`log_msg`,`log_type`,`add_time`,`member_id`,`member_name`) VALUES('240','18953871181','336287','182.35.30.12','【办工师】您于2016-11-05申请注册会员，动态码：336287。','1','1478327581',NULL,NULL);
INSERT INTO `zmkj_sms_log` (`log_id`,`log_phone`,`log_captcha`,`log_ip`,`log_msg`,`log_type`,`add_time`,`member_id`,`member_name`) VALUES('241','13809819993','593149','183.27.49.215','【办工师】您于2016-11-05申请注册会员，动态码：593149。','1','1478349726',NULL,NULL);
INSERT INTO `zmkj_sms_log` (`log_id`,`log_phone`,`log_captcha`,`log_ip`,`log_msg`,`log_type`,`add_time`,`member_id`,`member_name`) VALUES('242','13954881115','330339','182.35.30.12','【办工师】您于2016-11-05申请注册会员，动态码：330339。','1','1478355069',NULL,NULL);
INSERT INTO `zmkj_sms_log` (`log_id`,`log_phone`,`log_captcha`,`log_ip`,`log_msg`,`log_type`,`add_time`,`member_id`,`member_name`) VALUES('243','18905482902','628880','182.35.30.12','【办工师】您于2016-11-05申请注册会员，动态码：628880。','1','1478356345',NULL,NULL);
INSERT INTO `zmkj_sms_log` (`log_id`,`log_phone`,`log_captcha`,`log_ip`,`log_msg`,`log_type`,`add_time`,`member_id`,`member_name`) VALUES('244','18905482902','110803','182.35.30.12','【办工师】您于2016-11-05申请重置登录密码，动态码：110803。','3','1478356508','178','18905482902');
INSERT INTO `zmkj_sms_log` (`log_id`,`log_phone`,`log_captcha`,`log_ip`,`log_msg`,`log_type`,`add_time`,`member_id`,`member_name`) VALUES('245','18010169346','323262','60.2.186.162','【办工师】您于2016-11-06申请重置登录密码，动态码：323262。','3','1478395247','56','phone_18010169346');
INSERT INTO `zmkj_sms_log` (`log_id`,`log_phone`,`log_captcha`,`log_ip`,`log_msg`,`log_type`,`add_time`,`member_id`,`member_name`) VALUES('246','13363297275','948592','60.2.186.162','【办工师】您于2016-11-06申请重置登录密码，动态码：948592。','3','1478395380','55','13363297275');
INSERT INTO `zmkj_sms_log` (`log_id`,`log_phone`,`log_captcha`,`log_ip`,`log_msg`,`log_type`,`add_time`,`member_id`,`member_name`) VALUES('247','18010169346','144278','60.2.186.162','【办工师】您于2016-11-06申请重置登录密码，动态码：144278。','3','1478395578','56','phone_18010169346');
INSERT INTO `zmkj_sms_log` (`log_id`,`log_phone`,`log_captcha`,`log_ip`,`log_msg`,`log_type`,`add_time`,`member_id`,`member_name`) VALUES('248','18010169346','622580','60.2.186.162','【办工师】您于2016-11-06申请重置登录密码，动态码：622580。','3','1478395598','56','phone_18010169346');
INSERT INTO `zmkj_sms_log` (`log_id`,`log_phone`,`log_captcha`,`log_ip`,`log_msg`,`log_type`,`add_time`,`member_id`,`member_name`) VALUES('249','18010169346','781904','60.2.186.162','【办工师】您于2016-11-06申请重置登录密码，动态码：781904。','3','1478395712','56','phone_18010169346');
INSERT INTO `zmkj_sms_log` (`log_id`,`log_phone`,`log_captcha`,`log_ip`,`log_msg`,`log_type`,`add_time`,`member_id`,`member_name`) VALUES('250','18838083752','529953','61.52.69.145','【办工师】您于2016-11-06申请注册会员，动态码：529953。','1','1478403894',NULL,NULL);
INSERT INTO `zmkj_sms_log` (`log_id`,`log_phone`,`log_captcha`,`log_ip`,`log_msg`,`log_type`,`add_time`,`member_id`,`member_name`) VALUES('251','15036157792','863998','125.47.75.219','【办工师】您于2016-11-07申请注册会员，动态码：863998。','1','1478482030',NULL,NULL);
INSERT INTO `zmkj_sms_log` (`log_id`,`log_phone`,`log_captcha`,`log_ip`,`log_msg`,`log_type`,`add_time`,`member_id`,`member_name`) VALUES('252','15537158132','176456','171.10.140.69','【办工师】您于2016-11-07申请注册会员，动态码：176456。','1','1478492350',NULL,NULL);
INSERT INTO `zmkj_sms_log` (`log_id`,`log_phone`,`log_captcha`,`log_ip`,`log_msg`,`log_type`,`add_time`,`member_id`,`member_name`) VALUES('253','15136220273','134013','223.104.19.47','【办工师】您于2016-11-07申请重置登录密码，动态码：134013。','3','1478505364','172','15136220273');
INSERT INTO `zmkj_sms_log` (`log_id`,`log_phone`,`log_captcha`,`log_ip`,`log_msg`,`log_type`,`add_time`,`member_id`,`member_name`) VALUES('254','13027793803','315027','223.104.19.47','【办工师】您于2016-11-07申请注册会员，动态码：315027。','1','1478505450',NULL,NULL);
INSERT INTO `zmkj_sms_log` (`log_id`,`log_phone`,`log_captcha`,`log_ip`,`log_msg`,`log_type`,`add_time`,`member_id`,`member_name`) VALUES('255','13733151353','579819','123.52.71.86','【办工师】您于2016-11-07申请重置登录密码，动态码：579819。','3','1478510793','130','Simon');
INSERT INTO `zmkj_sms_log` (`log_id`,`log_phone`,`log_captcha`,`log_ip`,`log_msg`,`log_type`,`add_time`,`member_id`,`member_name`) VALUES('256','18121145747','659315','180.173.59.88','【办工师】您于2016-11-07申请注册会员，动态码：659315。','1','1478512391',NULL,NULL);
INSERT INTO `zmkj_sms_log` (`log_id`,`log_phone`,`log_captcha`,`log_ip`,`log_msg`,`log_type`,`add_time`,`member_id`,`member_name`) VALUES('257','18638176970','945566','1.194.19.71','【办工师】您于2016-11-10申请注册会员，动态码：945566。','1','1478742865',NULL,NULL);
INSERT INTO `zmkj_sms_log` (`log_id`,`log_phone`,`log_captcha`,`log_ip`,`log_msg`,`log_type`,`add_time`,`member_id`,`member_name`) VALUES('258','18013024353','731166','49.92.188.146','【办工师】您于2016-11-14申请注册会员，动态码：731166。','1','1479093371',NULL,NULL);
INSERT INTO `zmkj_sms_log` (`log_id`,`log_phone`,`log_captcha`,`log_ip`,`log_msg`,`log_type`,`add_time`,`member_id`,`member_name`) VALUES('259','15838051503','413500','115.60.4.217','【办工师】您于2016-11-14申请注册会员，动态码：413500。','1','1479106565',NULL,NULL);
INSERT INTO `zmkj_sms_log` (`log_id`,`log_phone`,`log_captcha`,`log_ip`,`log_msg`,`log_type`,`add_time`,`member_id`,`member_name`) VALUES('260','15226070890','291374','1.194.20.2','【办工师】您于2016-11-16申请注册会员，动态码：291374。','1','1479266588',NULL,NULL);
INSERT INTO `zmkj_sms_log` (`log_id`,`log_phone`,`log_captcha`,`log_ip`,`log_msg`,`log_type`,`add_time`,`member_id`,`member_name`) VALUES('261','15238304399','749194','117.136.61.116','【办工师】您于2016-11-16申请注册会员，动态码：749194。','1','1479291149',NULL,NULL);
INSERT INTO `zmkj_sms_log` (`log_id`,`log_phone`,`log_captcha`,`log_ip`,`log_msg`,`log_type`,`add_time`,`member_id`,`member_name`) VALUES('262','15226070890','661181','1.194.16.4','【办工师】您于2016-11-17申请注册会员，动态码：661181。','1','1479343550',NULL,NULL);
INSERT INTO `zmkj_sms_log` (`log_id`,`log_phone`,`log_captcha`,`log_ip`,`log_msg`,`log_type`,`add_time`,`member_id`,`member_name`) VALUES('263','13053059803','521914','36.5.248.175','【办工师】您于2016-11-18申请注册会员，动态码：521914。','1','1479444128',NULL,NULL);
INSERT INTO `zmkj_sms_log` (`log_id`,`log_phone`,`log_captcha`,`log_ip`,`log_msg`,`log_type`,`add_time`,`member_id`,`member_name`) VALUES('264','13837191249','268563','115.60.57.141','【办工师】您于2016-11-18申请注册会员，动态码：268563。','1','1479444844',NULL,NULL);
INSERT INTO `zmkj_sms_log` (`log_id`,`log_phone`,`log_captcha`,`log_ip`,`log_msg`,`log_type`,`add_time`,`member_id`,`member_name`) VALUES('265','15139180138','920936','123.52.71.132','【办工师】您于2016-11-21申请注册会员，动态码：920936。','1','1479686564',NULL,NULL);
INSERT INTO `zmkj_sns_albumclass` (`ac_id`,`ac_name`,`member_id`,`ac_des`,`ac_sort`,`ac_cover`,`upload_time`,`is_default`) VALUES('1','买家秀','2','买家秀默认相册','1','','1460945605','1');
INSERT INTO `zmkj_sns_albumclass` (`ac_id`,`ac_name`,`member_id`,`ac_des`,`ac_sort`,`ac_cover`,`upload_time`,`is_default`) VALUES('2','买家秀','2','买家秀默认相册','1','','1460945605','1');
INSERT INTO `zmkj_sns_albumclass` (`ac_id`,`ac_name`,`member_id`,`ac_des`,`ac_sort`,`ac_cover`,`upload_time`,`is_default`) VALUES('3','买家秀','3','买家秀默认相册','1','','1461288266','1');
INSERT INTO `zmkj_sns_albumclass` (`ac_id`,`ac_name`,`member_id`,`ac_des`,`ac_sort`,`ac_cover`,`upload_time`,`is_default`) VALUES('4','买家秀','3','买家秀默认相册','1','','1461288266','1');
INSERT INTO `zmkj_sns_albumclass` (`ac_id`,`ac_name`,`member_id`,`ac_des`,`ac_sort`,`ac_cover`,`upload_time`,`is_default`) VALUES('5','买家秀','4','买家秀默认相册','1','','1461375890','1');
INSERT INTO `zmkj_sns_albumclass` (`ac_id`,`ac_name`,`member_id`,`ac_des`,`ac_sort`,`ac_cover`,`upload_time`,`is_default`) VALUES('6','买家秀','4','买家秀默认相册','1','','1461375890','1');
INSERT INTO `zmkj_sns_albumclass` (`ac_id`,`ac_name`,`member_id`,`ac_des`,`ac_sort`,`ac_cover`,`upload_time`,`is_default`) VALUES('7','买家秀','5','买家秀默认相册','1','','1467011925','1');
INSERT INTO `zmkj_sns_albumclass` (`ac_id`,`ac_name`,`member_id`,`ac_des`,`ac_sort`,`ac_cover`,`upload_time`,`is_default`) VALUES('8','买家秀','5','买家秀默认相册','1','','1467011925','1');
INSERT INTO `zmkj_sns_albumclass` (`ac_id`,`ac_name`,`member_id`,`ac_des`,`ac_sort`,`ac_cover`,`upload_time`,`is_default`) VALUES('9','买家秀','16','买家秀默认相册','1','','1467420138','1');
INSERT INTO `zmkj_sns_albumclass` (`ac_id`,`ac_name`,`member_id`,`ac_des`,`ac_sort`,`ac_cover`,`upload_time`,`is_default`) VALUES('10','买家秀','16','买家秀默认相册','1','','1467420138','1');
INSERT INTO `zmkj_sns_albumclass` (`ac_id`,`ac_name`,`member_id`,`ac_des`,`ac_sort`,`ac_cover`,`upload_time`,`is_default`) VALUES('11','买家秀','17','买家秀默认相册','1','','1467425545','1');
INSERT INTO `zmkj_sns_albumclass` (`ac_id`,`ac_name`,`member_id`,`ac_des`,`ac_sort`,`ac_cover`,`upload_time`,`is_default`) VALUES('12','买家秀','17','买家秀默认相册','1','','1467425545','1');
INSERT INTO `zmkj_sns_albumclass` (`ac_id`,`ac_name`,`member_id`,`ac_des`,`ac_sort`,`ac_cover`,`upload_time`,`is_default`) VALUES('13','买家秀','18','买家秀默认相册','1','','1467445752','1');
INSERT INTO `zmkj_sns_albumclass` (`ac_id`,`ac_name`,`member_id`,`ac_des`,`ac_sort`,`ac_cover`,`upload_time`,`is_default`) VALUES('14','买家秀','18','买家秀默认相册','1','','1467445752','1');
INSERT INTO `zmkj_sns_albumclass` (`ac_id`,`ac_name`,`member_id`,`ac_des`,`ac_sort`,`ac_cover`,`upload_time`,`is_default`) VALUES('15','买家秀','19','买家秀默认相册','1','','1467507069','1');
INSERT INTO `zmkj_sns_albumclass` (`ac_id`,`ac_name`,`member_id`,`ac_des`,`ac_sort`,`ac_cover`,`upload_time`,`is_default`) VALUES('16','买家秀','19','买家秀默认相册','1','','1467507069','1');
INSERT INTO `zmkj_sns_albumclass` (`ac_id`,`ac_name`,`member_id`,`ac_des`,`ac_sort`,`ac_cover`,`upload_time`,`is_default`) VALUES('17','买家秀','20','买家秀默认相册','1','','1467687623','1');
INSERT INTO `zmkj_sns_albumclass` (`ac_id`,`ac_name`,`member_id`,`ac_des`,`ac_sort`,`ac_cover`,`upload_time`,`is_default`) VALUES('18','买家秀','21','买家秀默认相册','1','','1467687780','1');
INSERT INTO `zmkj_sns_albumclass` (`ac_id`,`ac_name`,`member_id`,`ac_des`,`ac_sort`,`ac_cover`,`upload_time`,`is_default`) VALUES('19','买家秀','22','买家秀默认相册','1','','1467689299','1');
INSERT INTO `zmkj_sns_albumclass` (`ac_id`,`ac_name`,`member_id`,`ac_des`,`ac_sort`,`ac_cover`,`upload_time`,`is_default`) VALUES('20','买家秀','23','买家秀默认相册','1','','1467697533','1');
INSERT INTO `zmkj_sns_albumclass` (`ac_id`,`ac_name`,`member_id`,`ac_des`,`ac_sort`,`ac_cover`,`upload_time`,`is_default`) VALUES('21','买家秀','24','买家秀默认相册','1','','1467711425','1');
INSERT INTO `zmkj_sns_albumclass` (`ac_id`,`ac_name`,`member_id`,`ac_des`,`ac_sort`,`ac_cover`,`upload_time`,`is_default`) VALUES('22','买家秀','25','买家秀默认相册','1','','1467961219','1');
INSERT INTO `zmkj_sns_albumclass` (`ac_id`,`ac_name`,`member_id`,`ac_des`,`ac_sort`,`ac_cover`,`upload_time`,`is_default`) VALUES('23','买家秀','26','买家秀默认相册','1','','1467965378','1');
INSERT INTO `zmkj_sns_albumclass` (`ac_id`,`ac_name`,`member_id`,`ac_des`,`ac_sort`,`ac_cover`,`upload_time`,`is_default`) VALUES('24','买家秀','26','买家秀默认相册','1','','1467965378','1');
INSERT INTO `zmkj_sns_albumclass` (`ac_id`,`ac_name`,`member_id`,`ac_des`,`ac_sort`,`ac_cover`,`upload_time`,`is_default`) VALUES('25','买家秀','27','买家秀默认相册','1','','1467970751','1');
INSERT INTO `zmkj_sns_albumclass` (`ac_id`,`ac_name`,`member_id`,`ac_des`,`ac_sort`,`ac_cover`,`upload_time`,`is_default`) VALUES('26','买家秀','28','买家秀默认相册','1','','1468283884','1');
INSERT INTO `zmkj_sns_albumclass` (`ac_id`,`ac_name`,`member_id`,`ac_des`,`ac_sort`,`ac_cover`,`upload_time`,`is_default`) VALUES('27','买家秀','28','买家秀默认相册','1','','1468283884','1');
INSERT INTO `zmkj_sns_albumclass` (`ac_id`,`ac_name`,`member_id`,`ac_des`,`ac_sort`,`ac_cover`,`upload_time`,`is_default`) VALUES('28','买家秀','29','买家秀默认相册','1','','1468311486','1');
INSERT INTO `zmkj_sns_albumclass` (`ac_id`,`ac_name`,`member_id`,`ac_des`,`ac_sort`,`ac_cover`,`upload_time`,`is_default`) VALUES('29','买家秀','30','买家秀默认相册','1','','1468313002','1');
INSERT INTO `zmkj_sns_albumclass` (`ac_id`,`ac_name`,`member_id`,`ac_des`,`ac_sort`,`ac_cover`,`upload_time`,`is_default`) VALUES('30','买家秀','30','买家秀默认相册','1','','1468313002','1');
INSERT INTO `zmkj_sns_albumclass` (`ac_id`,`ac_name`,`member_id`,`ac_des`,`ac_sort`,`ac_cover`,`upload_time`,`is_default`) VALUES('31','买家秀','31','买家秀默认相册','1','','1468398649','1');
INSERT INTO `zmkj_sns_albumclass` (`ac_id`,`ac_name`,`member_id`,`ac_des`,`ac_sort`,`ac_cover`,`upload_time`,`is_default`) VALUES('32','买家秀','31','买家秀默认相册','1','','1468398649','1');
INSERT INTO `zmkj_sns_albumclass` (`ac_id`,`ac_name`,`member_id`,`ac_des`,`ac_sort`,`ac_cover`,`upload_time`,`is_default`) VALUES('33','买家秀','32','买家秀默认相册','1','','1468825981','1');
INSERT INTO `zmkj_sns_albumclass` (`ac_id`,`ac_name`,`member_id`,`ac_des`,`ac_sort`,`ac_cover`,`upload_time`,`is_default`) VALUES('34','买家秀','33','买家秀默认相册','1','','1468836686','1');
INSERT INTO `zmkj_sns_albumclass` (`ac_id`,`ac_name`,`member_id`,`ac_des`,`ac_sort`,`ac_cover`,`upload_time`,`is_default`) VALUES('35','买家秀','34','买家秀默认相册','1','','1468916025','1');
INSERT INTO `zmkj_sns_albumclass` (`ac_id`,`ac_name`,`member_id`,`ac_des`,`ac_sort`,`ac_cover`,`upload_time`,`is_default`) VALUES('36','买家秀','34','买家秀默认相册','1','','1468916025','1');
INSERT INTO `zmkj_sns_albumclass` (`ac_id`,`ac_name`,`member_id`,`ac_des`,`ac_sort`,`ac_cover`,`upload_time`,`is_default`) VALUES('37','买家秀','35','买家秀默认相册','1','','1468918600','1');
INSERT INTO `zmkj_sns_albumclass` (`ac_id`,`ac_name`,`member_id`,`ac_des`,`ac_sort`,`ac_cover`,`upload_time`,`is_default`) VALUES('38','买家秀','36','买家秀默认相册','1','','1468921922','1');
INSERT INTO `zmkj_sns_albumclass` (`ac_id`,`ac_name`,`member_id`,`ac_des`,`ac_sort`,`ac_cover`,`upload_time`,`is_default`) VALUES('39','买家秀','36','买家秀默认相册','1','','1468921922','1');
INSERT INTO `zmkj_sns_albumclass` (`ac_id`,`ac_name`,`member_id`,`ac_des`,`ac_sort`,`ac_cover`,`upload_time`,`is_default`) VALUES('40','买家秀','37','买家秀默认相册','1','','1468922265','1');
INSERT INTO `zmkj_sns_albumclass` (`ac_id`,`ac_name`,`member_id`,`ac_des`,`ac_sort`,`ac_cover`,`upload_time`,`is_default`) VALUES('41','买家秀','37','买家秀默认相册','1','','1468922265','1');
INSERT INTO `zmkj_sns_albumclass` (`ac_id`,`ac_name`,`member_id`,`ac_des`,`ac_sort`,`ac_cover`,`upload_time`,`is_default`) VALUES('42','买家秀','38','买家秀默认相册','1','','1468927042','1');
INSERT INTO `zmkj_sns_albumclass` (`ac_id`,`ac_name`,`member_id`,`ac_des`,`ac_sort`,`ac_cover`,`upload_time`,`is_default`) VALUES('43','买家秀','38','买家秀默认相册','1','','1468927042','1');
INSERT INTO `zmkj_sns_albumclass` (`ac_id`,`ac_name`,`member_id`,`ac_des`,`ac_sort`,`ac_cover`,`upload_time`,`is_default`) VALUES('44','买家秀','39','买家秀默认相册','1','','1470051611','1');
INSERT INTO `zmkj_sns_albumclass` (`ac_id`,`ac_name`,`member_id`,`ac_des`,`ac_sort`,`ac_cover`,`upload_time`,`is_default`) VALUES('45','买家秀','39','买家秀默认相册','1','','1470051611','1');
INSERT INTO `zmkj_sns_albumclass` (`ac_id`,`ac_name`,`member_id`,`ac_des`,`ac_sort`,`ac_cover`,`upload_time`,`is_default`) VALUES('46','买家秀','40','买家秀默认相册','1','','1470187698','1');
INSERT INTO `zmkj_sns_albumclass` (`ac_id`,`ac_name`,`member_id`,`ac_des`,`ac_sort`,`ac_cover`,`upload_time`,`is_default`) VALUES('47','买家秀','40','买家秀默认相册','1','','1470187698','1');
INSERT INTO `zmkj_sns_albumclass` (`ac_id`,`ac_name`,`member_id`,`ac_des`,`ac_sort`,`ac_cover`,`upload_time`,`is_default`) VALUES('48','买家秀','44','买家秀默认相册','1','','1471229572','1');
INSERT INTO `zmkj_sns_albumclass` (`ac_id`,`ac_name`,`member_id`,`ac_des`,`ac_sort`,`ac_cover`,`upload_time`,`is_default`) VALUES('49','买家秀','49','买家秀默认相册','1','','1472782036','1');
INSERT INTO `zmkj_sns_albumclass` (`ac_id`,`ac_name`,`member_id`,`ac_des`,`ac_sort`,`ac_cover`,`upload_time`,`is_default`) VALUES('50','买家秀','50','买家秀默认相册','1','','1472862508','1');
INSERT INTO `zmkj_sns_albumclass` (`ac_id`,`ac_name`,`member_id`,`ac_des`,`ac_sort`,`ac_cover`,`upload_time`,`is_default`) VALUES('51','买家秀','51','买家秀默认相册','1','','1472867934','1');
INSERT INTO `zmkj_sns_albumclass` (`ac_id`,`ac_name`,`member_id`,`ac_des`,`ac_sort`,`ac_cover`,`upload_time`,`is_default`) VALUES('52','买家秀','52','买家秀默认相册','1','','1472868013','1');
INSERT INTO `zmkj_sns_albumclass` (`ac_id`,`ac_name`,`member_id`,`ac_des`,`ac_sort`,`ac_cover`,`upload_time`,`is_default`) VALUES('53','买家秀','53','买家秀默认相册','1','','1472868490','1');
INSERT INTO `zmkj_sns_albumclass` (`ac_id`,`ac_name`,`member_id`,`ac_des`,`ac_sort`,`ac_cover`,`upload_time`,`is_default`) VALUES('54','买家秀','54','买家秀默认相册','1','','1472868633','1');
INSERT INTO `zmkj_sns_albumclass` (`ac_id`,`ac_name`,`member_id`,`ac_des`,`ac_sort`,`ac_cover`,`upload_time`,`is_default`) VALUES('55','买家秀','56','买家秀默认相册','1','','1472882312','1');
INSERT INTO `zmkj_sns_albumclass` (`ac_id`,`ac_name`,`member_id`,`ac_des`,`ac_sort`,`ac_cover`,`upload_time`,`is_default`) VALUES('56','买家秀','57','买家秀默认相册','1','','1472888928','1');
INSERT INTO `zmkj_sns_albumclass` (`ac_id`,`ac_name`,`member_id`,`ac_des`,`ac_sort`,`ac_cover`,`upload_time`,`is_default`) VALUES('57','买家秀','60','买家秀默认相册','1','','1473486997','1');
INSERT INTO `zmkj_sns_albumclass` (`ac_id`,`ac_name`,`member_id`,`ac_des`,`ac_sort`,`ac_cover`,`upload_time`,`is_default`) VALUES('58','买家秀','61','买家秀默认相册','1','','1473494020','1');
INSERT INTO `zmkj_sns_albumclass` (`ac_id`,`ac_name`,`member_id`,`ac_des`,`ac_sort`,`ac_cover`,`upload_time`,`is_default`) VALUES('59','买家秀','61','买家秀默认相册','1','','1473494020','1');
INSERT INTO `zmkj_sns_albumclass` (`ac_id`,`ac_name`,`member_id`,`ac_des`,`ac_sort`,`ac_cover`,`upload_time`,`is_default`) VALUES('60','买家秀','63','买家秀默认相册','1','','1474247557','1');
INSERT INTO `zmkj_sns_albumclass` (`ac_id`,`ac_name`,`member_id`,`ac_des`,`ac_sort`,`ac_cover`,`upload_time`,`is_default`) VALUES('61','买家秀','64','买家秀默认相册','1','','1474247644','1');
INSERT INTO `zmkj_sns_albumclass` (`ac_id`,`ac_name`,`member_id`,`ac_des`,`ac_sort`,`ac_cover`,`upload_time`,`is_default`) VALUES('62','买家秀','65','买家秀默认相册','1','','1474397520','1');
INSERT INTO `zmkj_sns_albumclass` (`ac_id`,`ac_name`,`member_id`,`ac_des`,`ac_sort`,`ac_cover`,`upload_time`,`is_default`) VALUES('63','买家秀','65','买家秀默认相册','1','','1474397520','1');
INSERT INTO `zmkj_sns_albumclass` (`ac_id`,`ac_name`,`member_id`,`ac_des`,`ac_sort`,`ac_cover`,`upload_time`,`is_default`) VALUES('64','买家秀','66','买家秀默认相册','1','','1474537684','1');
INSERT INTO `zmkj_sns_albumclass` (`ac_id`,`ac_name`,`member_id`,`ac_des`,`ac_sort`,`ac_cover`,`upload_time`,`is_default`) VALUES('65','买家秀','66','买家秀默认相册','1','','1474537684','1');
INSERT INTO `zmkj_sns_albumclass` (`ac_id`,`ac_name`,`member_id`,`ac_des`,`ac_sort`,`ac_cover`,`upload_time`,`is_default`) VALUES('66','买家秀','67','买家秀默认相册','1','','1474601873','1');
INSERT INTO `zmkj_sns_albumclass` (`ac_id`,`ac_name`,`member_id`,`ac_des`,`ac_sort`,`ac_cover`,`upload_time`,`is_default`) VALUES('67','买家秀','68','买家秀默认相册','1','','1474601988','1');
INSERT INTO `zmkj_sns_albumclass` (`ac_id`,`ac_name`,`member_id`,`ac_des`,`ac_sort`,`ac_cover`,`upload_time`,`is_default`) VALUES('68','买家秀','69','买家秀默认相册','1','','1474768566','1');
INSERT INTO `zmkj_sns_albumclass` (`ac_id`,`ac_name`,`member_id`,`ac_des`,`ac_sort`,`ac_cover`,`upload_time`,`is_default`) VALUES('69','买家秀','69','买家秀默认相册','1','','1474768566','1');
INSERT INTO `zmkj_sns_albumclass` (`ac_id`,`ac_name`,`member_id`,`ac_des`,`ac_sort`,`ac_cover`,`upload_time`,`is_default`) VALUES('70','买家秀','70','买家秀默认相册','1','','1474780476','1');
INSERT INTO `zmkj_sns_albumclass` (`ac_id`,`ac_name`,`member_id`,`ac_des`,`ac_sort`,`ac_cover`,`upload_time`,`is_default`) VALUES('71','买家秀','70','买家秀默认相册','1','','1474780476','1');
INSERT INTO `zmkj_sns_albumclass` (`ac_id`,`ac_name`,`member_id`,`ac_des`,`ac_sort`,`ac_cover`,`upload_time`,`is_default`) VALUES('72','买家秀','71','买家秀默认相册','1','','1474805615','1');
INSERT INTO `zmkj_sns_albumclass` (`ac_id`,`ac_name`,`member_id`,`ac_des`,`ac_sort`,`ac_cover`,`upload_time`,`is_default`) VALUES('73','买家秀','71','买家秀默认相册','1','','1474805615','1');
INSERT INTO `zmkj_sns_albumclass` (`ac_id`,`ac_name`,`member_id`,`ac_des`,`ac_sort`,`ac_cover`,`upload_time`,`is_default`) VALUES('74','买家秀','72','买家秀默认相册','1','','1474806937','1');
INSERT INTO `zmkj_sns_albumclass` (`ac_id`,`ac_name`,`member_id`,`ac_des`,`ac_sort`,`ac_cover`,`upload_time`,`is_default`) VALUES('75','买家秀','72','买家秀默认相册','1','','1474806937','1');
INSERT INTO `zmkj_sns_albumclass` (`ac_id`,`ac_name`,`member_id`,`ac_des`,`ac_sort`,`ac_cover`,`upload_time`,`is_default`) VALUES('76','买家秀','73','买家秀默认相册','1','','1475053212','1');
INSERT INTO `zmkj_sns_albumclass` (`ac_id`,`ac_name`,`member_id`,`ac_des`,`ac_sort`,`ac_cover`,`upload_time`,`is_default`) VALUES('77','买家秀','73','买家秀默认相册','1','','1475053212','1');
INSERT INTO `zmkj_sns_albumclass` (`ac_id`,`ac_name`,`member_id`,`ac_des`,`ac_sort`,`ac_cover`,`upload_time`,`is_default`) VALUES('78','买家秀','80','买家秀默认相册','1','','1475913893','1');
INSERT INTO `zmkj_sns_albumclass` (`ac_id`,`ac_name`,`member_id`,`ac_des`,`ac_sort`,`ac_cover`,`upload_time`,`is_default`) VALUES('79','买家秀','81','买家秀默认相册','1','','1475984824','1');
INSERT INTO `zmkj_sns_albumclass` (`ac_id`,`ac_name`,`member_id`,`ac_des`,`ac_sort`,`ac_cover`,`upload_time`,`is_default`) VALUES('80','买家秀','81','买家秀默认相册','1','','1475984824','1');
INSERT INTO `zmkj_sns_albumclass` (`ac_id`,`ac_name`,`member_id`,`ac_des`,`ac_sort`,`ac_cover`,`upload_time`,`is_default`) VALUES('81','买家秀','82','买家秀默认相册','1','','1475988564','1');
INSERT INTO `zmkj_sns_albumclass` (`ac_id`,`ac_name`,`member_id`,`ac_des`,`ac_sort`,`ac_cover`,`upload_time`,`is_default`) VALUES('82','买家秀','82','买家秀默认相册','1','','1475988564','1');
INSERT INTO `zmkj_sns_albumclass` (`ac_id`,`ac_name`,`member_id`,`ac_des`,`ac_sort`,`ac_cover`,`upload_time`,`is_default`) VALUES('83','买家秀','84','买家秀默认相册','1','','1476114939','1');
INSERT INTO `zmkj_sns_albumclass` (`ac_id`,`ac_name`,`member_id`,`ac_des`,`ac_sort`,`ac_cover`,`upload_time`,`is_default`) VALUES('84','买家秀','84','买家秀默认相册','1','','1476114939','1');
INSERT INTO `zmkj_sns_albumclass` (`ac_id`,`ac_name`,`member_id`,`ac_des`,`ac_sort`,`ac_cover`,`upload_time`,`is_default`) VALUES('85','买家秀','85','买家秀默认相册','1','','1476238060','1');
INSERT INTO `zmkj_sns_albumclass` (`ac_id`,`ac_name`,`member_id`,`ac_des`,`ac_sort`,`ac_cover`,`upload_time`,`is_default`) VALUES('86','买家秀','86','买家秀默认相册','1','','1476265368','1');
INSERT INTO `zmkj_sns_albumclass` (`ac_id`,`ac_name`,`member_id`,`ac_des`,`ac_sort`,`ac_cover`,`upload_time`,`is_default`) VALUES('87','买家秀','86','买家秀默认相册','1','','1476265368','1');
INSERT INTO `zmkj_sns_albumclass` (`ac_id`,`ac_name`,`member_id`,`ac_des`,`ac_sort`,`ac_cover`,`upload_time`,`is_default`) VALUES('88','买家秀','87','买家秀默认相册','1','','1476580525','1');
INSERT INTO `zmkj_sns_albumclass` (`ac_id`,`ac_name`,`member_id`,`ac_des`,`ac_sort`,`ac_cover`,`upload_time`,`is_default`) VALUES('89','买家秀','89','买家秀默认相册','1','','1476695897','1');
INSERT INTO `zmkj_sns_albumclass` (`ac_id`,`ac_name`,`member_id`,`ac_des`,`ac_sort`,`ac_cover`,`upload_time`,`is_default`) VALUES('90','买家秀','89','买家秀默认相册','1','','1476695897','1');
INSERT INTO `zmkj_sns_albumclass` (`ac_id`,`ac_name`,`member_id`,`ac_des`,`ac_sort`,`ac_cover`,`upload_time`,`is_default`) VALUES('91','买家秀','90','买家秀默认相册','1','','1476758094','1');
INSERT INTO `zmkj_sns_albumclass` (`ac_id`,`ac_name`,`member_id`,`ac_des`,`ac_sort`,`ac_cover`,`upload_time`,`is_default`) VALUES('92','买家秀','94','买家秀默认相册','1','','1477061504','1');
INSERT INTO `zmkj_sns_albumclass` (`ac_id`,`ac_name`,`member_id`,`ac_des`,`ac_sort`,`ac_cover`,`upload_time`,`is_default`) VALUES('93','买家秀','96','买家秀默认相册','1','','1477194665','1');
INSERT INTO `zmkj_sns_albumclass` (`ac_id`,`ac_name`,`member_id`,`ac_des`,`ac_sort`,`ac_cover`,`upload_time`,`is_default`) VALUES('94','买家秀','96','买家秀默认相册','1','','1477194665','1');
INSERT INTO `zmkj_sns_albumclass` (`ac_id`,`ac_name`,`member_id`,`ac_des`,`ac_sort`,`ac_cover`,`upload_time`,`is_default`) VALUES('95','买家秀','110','买家秀默认相册','1','','1477361407','1');
INSERT INTO `zmkj_sns_albumclass` (`ac_id`,`ac_name`,`member_id`,`ac_des`,`ac_sort`,`ac_cover`,`upload_time`,`is_default`) VALUES('96','买家秀','110','买家秀默认相册','1','','1477361407','1');
INSERT INTO `zmkj_sns_albumclass` (`ac_id`,`ac_name`,`member_id`,`ac_des`,`ac_sort`,`ac_cover`,`upload_time`,`is_default`) VALUES('97','买家秀','112','买家秀默认相册','1','','1477445507','1');
INSERT INTO `zmkj_sns_albumclass` (`ac_id`,`ac_name`,`member_id`,`ac_des`,`ac_sort`,`ac_cover`,`upload_time`,`is_default`) VALUES('98','买家秀','117','买家秀默认相册','1','','1477553519','1');
INSERT INTO `zmkj_sns_albumclass` (`ac_id`,`ac_name`,`member_id`,`ac_des`,`ac_sort`,`ac_cover`,`upload_time`,`is_default`) VALUES('99','买家秀','118','买家秀默认相册','1','','1477656841','1');
INSERT INTO `zmkj_sns_albumclass` (`ac_id`,`ac_name`,`member_id`,`ac_des`,`ac_sort`,`ac_cover`,`upload_time`,`is_default`) VALUES('100','买家秀','124','买家秀默认相册','1','','1477718031','1');
INSERT INTO `zmkj_sns_albumclass` (`ac_id`,`ac_name`,`member_id`,`ac_des`,`ac_sort`,`ac_cover`,`upload_time`,`is_default`) VALUES('101','买家秀','125','买家秀默认相册','1','','1477873376','1');
INSERT INTO `zmkj_sns_albumclass` (`ac_id`,`ac_name`,`member_id`,`ac_des`,`ac_sort`,`ac_cover`,`upload_time`,`is_default`) VALUES('102','买家秀','125','买家秀默认相册','1','','1477873376','1');
INSERT INTO `zmkj_sns_albumclass` (`ac_id`,`ac_name`,`member_id`,`ac_des`,`ac_sort`,`ac_cover`,`upload_time`,`is_default`) VALUES('103','买家秀','126','买家秀默认相册','1','','1477873628','1');
INSERT INTO `zmkj_sns_albumclass` (`ac_id`,`ac_name`,`member_id`,`ac_des`,`ac_sort`,`ac_cover`,`upload_time`,`is_default`) VALUES('104','买家秀','126','买家秀默认相册','1','','1477873628','1');
INSERT INTO `zmkj_sns_albumclass` (`ac_id`,`ac_name`,`member_id`,`ac_des`,`ac_sort`,`ac_cover`,`upload_time`,`is_default`) VALUES('105','买家秀','127','买家秀默认相册','1','','1477876029','1');
INSERT INTO `zmkj_sns_albumclass` (`ac_id`,`ac_name`,`member_id`,`ac_des`,`ac_sort`,`ac_cover`,`upload_time`,`is_default`) VALUES('106','买家秀','127','买家秀默认相册','1','','1477876029','1');
INSERT INTO `zmkj_sns_albumclass` (`ac_id`,`ac_name`,`member_id`,`ac_des`,`ac_sort`,`ac_cover`,`upload_time`,`is_default`) VALUES('107','买家秀','128','买家秀默认相册','1','','1477896529','1');
INSERT INTO `zmkj_sns_albumclass` (`ac_id`,`ac_name`,`member_id`,`ac_des`,`ac_sort`,`ac_cover`,`upload_time`,`is_default`) VALUES('108','买家秀','129','买家秀默认相册','1','','1477897765','1');
INSERT INTO `zmkj_sns_albumclass` (`ac_id`,`ac_name`,`member_id`,`ac_des`,`ac_sort`,`ac_cover`,`upload_time`,`is_default`) VALUES('109','买家秀','129','买家秀默认相册','1','','1477897765','1');
INSERT INTO `zmkj_sns_albumclass` (`ac_id`,`ac_name`,`member_id`,`ac_des`,`ac_sort`,`ac_cover`,`upload_time`,`is_default`) VALUES('110','买家秀','131','买家秀默认相册','1','','1477900057','1');
INSERT INTO `zmkj_sns_albumclass` (`ac_id`,`ac_name`,`member_id`,`ac_des`,`ac_sort`,`ac_cover`,`upload_time`,`is_default`) VALUES('111','买家秀','131','买家秀默认相册','1','','1477900057','1');
INSERT INTO `zmkj_sns_albumclass` (`ac_id`,`ac_name`,`member_id`,`ac_des`,`ac_sort`,`ac_cover`,`upload_time`,`is_default`) VALUES('112','买家秀','132','买家秀默认相册','1','','1477905273','1');
INSERT INTO `zmkj_sns_albumclass` (`ac_id`,`ac_name`,`member_id`,`ac_des`,`ac_sort`,`ac_cover`,`upload_time`,`is_default`) VALUES('113','买家秀','133','买家秀默认相册','1','','1477959750','1');
INSERT INTO `zmkj_sns_albumclass` (`ac_id`,`ac_name`,`member_id`,`ac_des`,`ac_sort`,`ac_cover`,`upload_time`,`is_default`) VALUES('114','买家秀','134','买家秀默认相册','1','','1477959836','1');
INSERT INTO `zmkj_sns_albumclass` (`ac_id`,`ac_name`,`member_id`,`ac_des`,`ac_sort`,`ac_cover`,`upload_time`,`is_default`) VALUES('115','买家秀','136','买家秀默认相册','1','','1477960248','1');
INSERT INTO `zmkj_sns_albumclass` (`ac_id`,`ac_name`,`member_id`,`ac_des`,`ac_sort`,`ac_cover`,`upload_time`,`is_default`) VALUES('116','买家秀','136','买家秀默认相册','1','','1477960248','1');
INSERT INTO `zmkj_sns_albumclass` (`ac_id`,`ac_name`,`member_id`,`ac_des`,`ac_sort`,`ac_cover`,`upload_time`,`is_default`) VALUES('117','买家秀','138','买家秀默认相册','1','','1477960322','1');
INSERT INTO `zmkj_sns_albumclass` (`ac_id`,`ac_name`,`member_id`,`ac_des`,`ac_sort`,`ac_cover`,`upload_time`,`is_default`) VALUES('118','买家秀','138','买家秀默认相册','1','','1477960322','1');
INSERT INTO `zmkj_sns_albumclass` (`ac_id`,`ac_name`,`member_id`,`ac_des`,`ac_sort`,`ac_cover`,`upload_time`,`is_default`) VALUES('119','买家秀','140','买家秀默认相册','1','','1477964187','1');
INSERT INTO `zmkj_sns_albumclass` (`ac_id`,`ac_name`,`member_id`,`ac_des`,`ac_sort`,`ac_cover`,`upload_time`,`is_default`) VALUES('120','买家秀','140','买家秀默认相册','1','','1477964187','1');
INSERT INTO `zmkj_sns_albumclass` (`ac_id`,`ac_name`,`member_id`,`ac_des`,`ac_sort`,`ac_cover`,`upload_time`,`is_default`) VALUES('121','买家秀','143','买家秀默认相册','1','','1477968600','1');
INSERT INTO `zmkj_sns_albumclass` (`ac_id`,`ac_name`,`member_id`,`ac_des`,`ac_sort`,`ac_cover`,`upload_time`,`is_default`) VALUES('122','买家秀','143','买家秀默认相册','1','','1477968600','1');
INSERT INTO `zmkj_sns_albumclass` (`ac_id`,`ac_name`,`member_id`,`ac_des`,`ac_sort`,`ac_cover`,`upload_time`,`is_default`) VALUES('123','买家秀','152','买家秀默认相册','1','','1477988485','1');
INSERT INTO `zmkj_sns_albumclass` (`ac_id`,`ac_name`,`member_id`,`ac_des`,`ac_sort`,`ac_cover`,`upload_time`,`is_default`) VALUES('124','买家秀','153','买家秀默认相册','1','','1478001158','1');
INSERT INTO `zmkj_sns_albumclass` (`ac_id`,`ac_name`,`member_id`,`ac_des`,`ac_sort`,`ac_cover`,`upload_time`,`is_default`) VALUES('125','买家秀','156','买家秀默认相册','1','','1478050832','1');
INSERT INTO `zmkj_sns_albumclass` (`ac_id`,`ac_name`,`member_id`,`ac_des`,`ac_sort`,`ac_cover`,`upload_time`,`is_default`) VALUES('126','买家秀','160','买家秀默认相册','1','','1478072547','1');
INSERT INTO `zmkj_sns_albumclass` (`ac_id`,`ac_name`,`member_id`,`ac_des`,`ac_sort`,`ac_cover`,`upload_time`,`is_default`) VALUES('127','买家秀','160','买家秀默认相册','1','','1478072547','1');
INSERT INTO `zmkj_sns_albumclass` (`ac_id`,`ac_name`,`member_id`,`ac_des`,`ac_sort`,`ac_cover`,`upload_time`,`is_default`) VALUES('128','买家秀','161','买家秀默认相册','1','','1478140540','1');
INSERT INTO `zmkj_sns_albumclass` (`ac_id`,`ac_name`,`member_id`,`ac_des`,`ac_sort`,`ac_cover`,`upload_time`,`is_default`) VALUES('129','买家秀','161','买家秀默认相册','1','','1478140540','1');
INSERT INTO `zmkj_sns_albumclass` (`ac_id`,`ac_name`,`member_id`,`ac_des`,`ac_sort`,`ac_cover`,`upload_time`,`is_default`) VALUES('130','买家秀','162','买家秀默认相册','1','','1478143917','1');
INSERT INTO `zmkj_sns_albumclass` (`ac_id`,`ac_name`,`member_id`,`ac_des`,`ac_sort`,`ac_cover`,`upload_time`,`is_default`) VALUES('131','买家秀','162','买家秀默认相册','1','','1478143917','1');
INSERT INTO `zmkj_sns_albumclass` (`ac_id`,`ac_name`,`member_id`,`ac_des`,`ac_sort`,`ac_cover`,`upload_time`,`is_default`) VALUES('132','买家秀','164','买家秀默认相册','1','','1478154361','1');
INSERT INTO `zmkj_sns_albumclass` (`ac_id`,`ac_name`,`member_id`,`ac_des`,`ac_sort`,`ac_cover`,`upload_time`,`is_default`) VALUES('133','买家秀','165','买家秀默认相册','1','','1478154789','1');
INSERT INTO `zmkj_sns_albumclass` (`ac_id`,`ac_name`,`member_id`,`ac_des`,`ac_sort`,`ac_cover`,`upload_time`,`is_default`) VALUES('134','买家秀','166','买家秀默认相册','1','','1478156663','1');
INSERT INTO `zmkj_sns_albumclass` (`ac_id`,`ac_name`,`member_id`,`ac_des`,`ac_sort`,`ac_cover`,`upload_time`,`is_default`) VALUES('135','买家秀','166','买家秀默认相册','1','','1478156663','1');
INSERT INTO `zmkj_sns_albumclass` (`ac_id`,`ac_name`,`member_id`,`ac_des`,`ac_sort`,`ac_cover`,`upload_time`,`is_default`) VALUES('136','买家秀','167','买家秀默认相册','1','','1478162103','1');
INSERT INTO `zmkj_sns_albumclass` (`ac_id`,`ac_name`,`member_id`,`ac_des`,`ac_sort`,`ac_cover`,`upload_time`,`is_default`) VALUES('137','买家秀','167','买家秀默认相册','1','','1478162103','1');
INSERT INTO `zmkj_sns_albumclass` (`ac_id`,`ac_name`,`member_id`,`ac_des`,`ac_sort`,`ac_cover`,`upload_time`,`is_default`) VALUES('138','买家秀','168','买家秀默认相册','1','','1478171141','1');
INSERT INTO `zmkj_sns_albumclass` (`ac_id`,`ac_name`,`member_id`,`ac_des`,`ac_sort`,`ac_cover`,`upload_time`,`is_default`) VALUES('139','买家秀','169','买家秀默认相册','1','','1478171237','1');
INSERT INTO `zmkj_sns_albumclass` (`ac_id`,`ac_name`,`member_id`,`ac_des`,`ac_sort`,`ac_cover`,`upload_time`,`is_default`) VALUES('140','买家秀','169','买家秀默认相册','1','','1478171237','1');
INSERT INTO `zmkj_sns_albumclass` (`ac_id`,`ac_name`,`member_id`,`ac_des`,`ac_sort`,`ac_cover`,`upload_time`,`is_default`) VALUES('141','买家秀','170','买家秀默认相册','1','','1478225392','1');
INSERT INTO `zmkj_sns_albumclass` (`ac_id`,`ac_name`,`member_id`,`ac_des`,`ac_sort`,`ac_cover`,`upload_time`,`is_default`) VALUES('142','买家秀','170','买家秀默认相册','1','','1478225392','1');
INSERT INTO `zmkj_sns_albumclass` (`ac_id`,`ac_name`,`member_id`,`ac_des`,`ac_sort`,`ac_cover`,`upload_time`,`is_default`) VALUES('143','买家秀','173','买家秀默认相册','1','','1478229195','1');
INSERT INTO `zmkj_sns_albumclass` (`ac_id`,`ac_name`,`member_id`,`ac_des`,`ac_sort`,`ac_cover`,`upload_time`,`is_default`) VALUES('144','买家秀','173','买家秀默认相册','1','','1478229195','1');
INSERT INTO `zmkj_sns_albumclass` (`ac_id`,`ac_name`,`member_id`,`ac_des`,`ac_sort`,`ac_cover`,`upload_time`,`is_default`) VALUES('145','买家秀','174','买家秀默认相册','1','','1478229774','1');
INSERT INTO `zmkj_sns_albumclass` (`ac_id`,`ac_name`,`member_id`,`ac_des`,`ac_sort`,`ac_cover`,`upload_time`,`is_default`) VALUES('146','买家秀','174','买家秀默认相册','1','','1478229774','1');
INSERT INTO `zmkj_sns_albumclass` (`ac_id`,`ac_name`,`member_id`,`ac_des`,`ac_sort`,`ac_cover`,`upload_time`,`is_default`) VALUES('147','买家秀','175','买家秀默认相册','1','','1478235341','1');
INSERT INTO `zmkj_sns_albumclass` (`ac_id`,`ac_name`,`member_id`,`ac_des`,`ac_sort`,`ac_cover`,`upload_time`,`is_default`) VALUES('148','买家秀','176','买家秀默认相册','1','','1478240303','1');
INSERT INTO `zmkj_sns_albumclass` (`ac_id`,`ac_name`,`member_id`,`ac_des`,`ac_sort`,`ac_cover`,`upload_time`,`is_default`) VALUES('149','买家秀','176','买家秀默认相册','1','','1478240303','1');
INSERT INTO `zmkj_sns_albumclass` (`ac_id`,`ac_name`,`member_id`,`ac_des`,`ac_sort`,`ac_cover`,`upload_time`,`is_default`) VALUES('150','买家秀','177','买家秀默认相册','1','','1478243217','1');
INSERT INTO `zmkj_sns_albumclass` (`ac_id`,`ac_name`,`member_id`,`ac_des`,`ac_sort`,`ac_cover`,`upload_time`,`is_default`) VALUES('151','买家秀','130','买家秀默认相册','1','','1478328357','1');
INSERT INTO `zmkj_sns_albumclass` (`ac_id`,`ac_name`,`member_id`,`ac_des`,`ac_sort`,`ac_cover`,`upload_time`,`is_default`) VALUES('152','买家秀','135','买家秀默认相册','1','','1478328359','1');
INSERT INTO `zmkj_sns_albumclass` (`ac_id`,`ac_name`,`member_id`,`ac_des`,`ac_sort`,`ac_cover`,`upload_time`,`is_default`) VALUES('153','买家秀','179','买家秀默认相册','1','','1478398739','1');
INSERT INTO `zmkj_sns_albumclass` (`ac_id`,`ac_name`,`member_id`,`ac_des`,`ac_sort`,`ac_cover`,`upload_time`,`is_default`) VALUES('154','买家秀','179','买家秀默认相册','1','','1478398739','1');
INSERT INTO `zmkj_sns_albumclass` (`ac_id`,`ac_name`,`member_id`,`ac_des`,`ac_sort`,`ac_cover`,`upload_time`,`is_default`) VALUES('155','买家秀','180','买家秀默认相册','1','','1478399627','1');
INSERT INTO `zmkj_sns_albumclass` (`ac_id`,`ac_name`,`member_id`,`ac_des`,`ac_sort`,`ac_cover`,`upload_time`,`is_default`) VALUES('156','买家秀','181','买家秀默认相册','1','','1478403970','1');
INSERT INTO `zmkj_sns_albumclass` (`ac_id`,`ac_name`,`member_id`,`ac_des`,`ac_sort`,`ac_cover`,`upload_time`,`is_default`) VALUES('157','买家秀','182','买家秀默认相册','1','','1478478104','1');
INSERT INTO `zmkj_sns_albumclass` (`ac_id`,`ac_name`,`member_id`,`ac_des`,`ac_sort`,`ac_cover`,`upload_time`,`is_default`) VALUES('158','买家秀','182','买家秀默认相册','1','','1478478104','1');
INSERT INTO `zmkj_sns_albumclass` (`ac_id`,`ac_name`,`member_id`,`ac_des`,`ac_sort`,`ac_cover`,`upload_time`,`is_default`) VALUES('159','买家秀','184','买家秀默认相册','1','','1478482847','1');
INSERT INTO `zmkj_sns_albumclass` (`ac_id`,`ac_name`,`member_id`,`ac_des`,`ac_sort`,`ac_cover`,`upload_time`,`is_default`) VALUES('160','买家秀','184','买家秀默认相册','1','','1478482847','1');
INSERT INTO `zmkj_sns_albumclass` (`ac_id`,`ac_name`,`member_id`,`ac_des`,`ac_sort`,`ac_cover`,`upload_time`,`is_default`) VALUES('161','买家秀','185','买家秀默认相册','1','','1478484074','1');
INSERT INTO `zmkj_sns_albumclass` (`ac_id`,`ac_name`,`member_id`,`ac_des`,`ac_sort`,`ac_cover`,`upload_time`,`is_default`) VALUES('162','买家秀','185','买家秀默认相册','1','','1478484074','1');
INSERT INTO `zmkj_sns_albumclass` (`ac_id`,`ac_name`,`member_id`,`ac_des`,`ac_sort`,`ac_cover`,`upload_time`,`is_default`) VALUES('163','买家秀','186','买家秀默认相册','1','','1478487439','1');
INSERT INTO `zmkj_sns_albumclass` (`ac_id`,`ac_name`,`member_id`,`ac_des`,`ac_sort`,`ac_cover`,`upload_time`,`is_default`) VALUES('164','买家秀','186','买家秀默认相册','1','','1478487439','1');
INSERT INTO `zmkj_sns_albumclass` (`ac_id`,`ac_name`,`member_id`,`ac_des`,`ac_sort`,`ac_cover`,`upload_time`,`is_default`) VALUES('165','买家秀','187','买家秀默认相册','1','','1478492375','1');
INSERT INTO `zmkj_sns_albumclass` (`ac_id`,`ac_name`,`member_id`,`ac_des`,`ac_sort`,`ac_cover`,`upload_time`,`is_default`) VALUES('166','买家秀','188','买家秀默认相册','1','','1478501516','1');
INSERT INTO `zmkj_sns_albumclass` (`ac_id`,`ac_name`,`member_id`,`ac_des`,`ac_sort`,`ac_cover`,`upload_time`,`is_default`) VALUES('167','买家秀','188','买家秀默认相册','1','','1478501516','1');
INSERT INTO `zmkj_sns_albumclass` (`ac_id`,`ac_name`,`member_id`,`ac_des`,`ac_sort`,`ac_cover`,`upload_time`,`is_default`) VALUES('168','买家秀','189','买家秀默认相册','1','','1478503354','1');
INSERT INTO `zmkj_sns_albumclass` (`ac_id`,`ac_name`,`member_id`,`ac_des`,`ac_sort`,`ac_cover`,`upload_time`,`is_default`) VALUES('169','买家秀','189','买家秀默认相册','1','','1478503354','1');
INSERT INTO `zmkj_sns_albumclass` (`ac_id`,`ac_name`,`member_id`,`ac_des`,`ac_sort`,`ac_cover`,`upload_time`,`is_default`) VALUES('170','买家秀','190','买家秀默认相册','1','','1478505874','1');
INSERT INTO `zmkj_sns_albumclass` (`ac_id`,`ac_name`,`member_id`,`ac_des`,`ac_sort`,`ac_cover`,`upload_time`,`is_default`) VALUES('171','买家秀','190','买家秀默认相册','1','','1478505874','1');
INSERT INTO `zmkj_sns_albumclass` (`ac_id`,`ac_name`,`member_id`,`ac_des`,`ac_sort`,`ac_cover`,`upload_time`,`is_default`) VALUES('172','买家秀','191','买家秀默认相册','1','','1478568256','1');
INSERT INTO `zmkj_sns_albumclass` (`ac_id`,`ac_name`,`member_id`,`ac_des`,`ac_sort`,`ac_cover`,`upload_time`,`is_default`) VALUES('173','买家秀','191','买家秀默认相册','1','','1478568256','1');
INSERT INTO `zmkj_sns_albumclass` (`ac_id`,`ac_name`,`member_id`,`ac_des`,`ac_sort`,`ac_cover`,`upload_time`,`is_default`) VALUES('174','买家秀','192','买家秀默认相册','1','','1478574579','1');
INSERT INTO `zmkj_sns_albumclass` (`ac_id`,`ac_name`,`member_id`,`ac_des`,`ac_sort`,`ac_cover`,`upload_time`,`is_default`) VALUES('175','买家秀','192','买家秀默认相册','1','','1478574579','1');
INSERT INTO `zmkj_sns_albumclass` (`ac_id`,`ac_name`,`member_id`,`ac_des`,`ac_sort`,`ac_cover`,`upload_time`,`is_default`) VALUES('176','买家秀','193','买家秀默认相册','1','','1478575729','1');
INSERT INTO `zmkj_sns_albumclass` (`ac_id`,`ac_name`,`member_id`,`ac_des`,`ac_sort`,`ac_cover`,`upload_time`,`is_default`) VALUES('177','买家秀','193','买家秀默认相册','1','','1478575729','1');
INSERT INTO `zmkj_sns_albumclass` (`ac_id`,`ac_name`,`member_id`,`ac_des`,`ac_sort`,`ac_cover`,`upload_time`,`is_default`) VALUES('178','买家秀','196','买家秀默认相册','1','','1478591366','1');
INSERT INTO `zmkj_sns_albumclass` (`ac_id`,`ac_name`,`member_id`,`ac_des`,`ac_sort`,`ac_cover`,`upload_time`,`is_default`) VALUES('179','买家秀','196','买家秀默认相册','1','','1478591366','1');
INSERT INTO `zmkj_sns_albumclass` (`ac_id`,`ac_name`,`member_id`,`ac_des`,`ac_sort`,`ac_cover`,`upload_time`,`is_default`) VALUES('180','买家秀','197','买家秀默认相册','1','','1478593695','1');
INSERT INTO `zmkj_sns_albumclass` (`ac_id`,`ac_name`,`member_id`,`ac_des`,`ac_sort`,`ac_cover`,`upload_time`,`is_default`) VALUES('181','买家秀','197','买家秀默认相册','1','','1478593695','1');
INSERT INTO `zmkj_sns_albumclass` (`ac_id`,`ac_name`,`member_id`,`ac_des`,`ac_sort`,`ac_cover`,`upload_time`,`is_default`) VALUES('182','买家秀','198','买家秀默认相册','1','','1478672477','1');
INSERT INTO `zmkj_sns_albumclass` (`ac_id`,`ac_name`,`member_id`,`ac_des`,`ac_sort`,`ac_cover`,`upload_time`,`is_default`) VALUES('183','买家秀','198','买家秀默认相册','1','','1478672477','1');
INSERT INTO `zmkj_sns_albumclass` (`ac_id`,`ac_name`,`member_id`,`ac_des`,`ac_sort`,`ac_cover`,`upload_time`,`is_default`) VALUES('184','买家秀','200','买家秀默认相册','1','','1478742914','1');
INSERT INTO `zmkj_sns_albumclass` (`ac_id`,`ac_name`,`member_id`,`ac_des`,`ac_sort`,`ac_cover`,`upload_time`,`is_default`) VALUES('185','买家秀','202','买家秀默认相册','1','','1478760173','1');
INSERT INTO `zmkj_sns_albumclass` (`ac_id`,`ac_name`,`member_id`,`ac_des`,`ac_sort`,`ac_cover`,`upload_time`,`is_default`) VALUES('186','买家秀','202','买家秀默认相册','1','','1478760173','1');
INSERT INTO `zmkj_sns_albumclass` (`ac_id`,`ac_name`,`member_id`,`ac_des`,`ac_sort`,`ac_cover`,`upload_time`,`is_default`) VALUES('187','买家秀','205','买家秀默认相册','1','','1478824775','1');
INSERT INTO `zmkj_sns_albumclass` (`ac_id`,`ac_name`,`member_id`,`ac_des`,`ac_sort`,`ac_cover`,`upload_time`,`is_default`) VALUES('188','买家秀','205','买家秀默认相册','1','','1478824775','1');
INSERT INTO `zmkj_sns_albumclass` (`ac_id`,`ac_name`,`member_id`,`ac_des`,`ac_sort`,`ac_cover`,`upload_time`,`is_default`) VALUES('189','买家秀','206','买家秀默认相册','1','','1478825456','1');
INSERT INTO `zmkj_sns_albumclass` (`ac_id`,`ac_name`,`member_id`,`ac_des`,`ac_sort`,`ac_cover`,`upload_time`,`is_default`) VALUES('190','买家秀','206','买家秀默认相册','1','','1478825456','1');
INSERT INTO `zmkj_sns_albumclass` (`ac_id`,`ac_name`,`member_id`,`ac_des`,`ac_sort`,`ac_cover`,`upload_time`,`is_default`) VALUES('191','买家秀','207','买家秀默认相册','1','','1478832479','1');
INSERT INTO `zmkj_sns_albumclass` (`ac_id`,`ac_name`,`member_id`,`ac_des`,`ac_sort`,`ac_cover`,`upload_time`,`is_default`) VALUES('192','买家秀','207','买家秀默认相册','1','','1478832479','1');
INSERT INTO `zmkj_sns_albumclass` (`ac_id`,`ac_name`,`member_id`,`ac_des`,`ac_sort`,`ac_cover`,`upload_time`,`is_default`) VALUES('193','买家秀','208','买家秀默认相册','1','','1478936034','1');
INSERT INTO `zmkj_sns_albumclass` (`ac_id`,`ac_name`,`member_id`,`ac_des`,`ac_sort`,`ac_cover`,`upload_time`,`is_default`) VALUES('194','买家秀','208','买家秀默认相册','1','','1478936034','1');
INSERT INTO `zmkj_sns_albumclass` (`ac_id`,`ac_name`,`member_id`,`ac_des`,`ac_sort`,`ac_cover`,`upload_time`,`is_default`) VALUES('195','买家秀','209','买家秀默认相册','1','','1479026501','1');
INSERT INTO `zmkj_sns_albumclass` (`ac_id`,`ac_name`,`member_id`,`ac_des`,`ac_sort`,`ac_cover`,`upload_time`,`is_default`) VALUES('196','买家秀','209','买家秀默认相册','1','','1479026501','1');
INSERT INTO `zmkj_sns_albumclass` (`ac_id`,`ac_name`,`member_id`,`ac_des`,`ac_sort`,`ac_cover`,`upload_time`,`is_default`) VALUES('197','买家秀','212','买家秀默认相册','1','','1479255234','1');
INSERT INTO `zmkj_sns_albumclass` (`ac_id`,`ac_name`,`member_id`,`ac_des`,`ac_sort`,`ac_cover`,`upload_time`,`is_default`) VALUES('198','买家秀','212','买家秀默认相册','1','','1479255234','1');
INSERT INTO `zmkj_sns_albumclass` (`ac_id`,`ac_name`,`member_id`,`ac_des`,`ac_sort`,`ac_cover`,`upload_time`,`is_default`) VALUES('199','买家秀','213','买家秀默认相册','1','','1479258693','1');
INSERT INTO `zmkj_sns_albumclass` (`ac_id`,`ac_name`,`member_id`,`ac_des`,`ac_sort`,`ac_cover`,`upload_time`,`is_default`) VALUES('200','买家秀','213','买家秀默认相册','1','','1479258693','1');
INSERT INTO `zmkj_sns_albumclass` (`ac_id`,`ac_name`,`member_id`,`ac_des`,`ac_sort`,`ac_cover`,`upload_time`,`is_default`) VALUES('201','买家秀','214','买家秀默认相册','1','','1479266603','1');
INSERT INTO `zmkj_sns_albumclass` (`ac_id`,`ac_name`,`member_id`,`ac_des`,`ac_sort`,`ac_cover`,`upload_time`,`is_default`) VALUES('202','买家秀','215','买家秀默认相册','1','','1479266909','1');
INSERT INTO `zmkj_sns_albumclass` (`ac_id`,`ac_name`,`member_id`,`ac_des`,`ac_sort`,`ac_cover`,`upload_time`,`is_default`) VALUES('203','买家秀','215','买家秀默认相册','1','','1479266909','1');
INSERT INTO `zmkj_sns_albumclass` (`ac_id`,`ac_name`,`member_id`,`ac_des`,`ac_sort`,`ac_cover`,`upload_time`,`is_default`) VALUES('204','买家秀','216','买家秀默认相册','1','','1479277041','1');
INSERT INTO `zmkj_sns_albumclass` (`ac_id`,`ac_name`,`member_id`,`ac_des`,`ac_sort`,`ac_cover`,`upload_time`,`is_default`) VALUES('205','买家秀','216','买家秀默认相册','1','','1479277041','1');
INSERT INTO `zmkj_sns_albumclass` (`ac_id`,`ac_name`,`member_id`,`ac_des`,`ac_sort`,`ac_cover`,`upload_time`,`is_default`) VALUES('206','买家秀','217','买家秀默认相册','1','','1479280303','1');
INSERT INTO `zmkj_sns_albumclass` (`ac_id`,`ac_name`,`member_id`,`ac_des`,`ac_sort`,`ac_cover`,`upload_time`,`is_default`) VALUES('207','买家秀','217','买家秀默认相册','1','','1479280303','1');
INSERT INTO `zmkj_sns_albumclass` (`ac_id`,`ac_name`,`member_id`,`ac_des`,`ac_sort`,`ac_cover`,`upload_time`,`is_default`) VALUES('208','买家秀','218','买家秀默认相册','1','','1479291913','1');
INSERT INTO `zmkj_sns_albumclass` (`ac_id`,`ac_name`,`member_id`,`ac_des`,`ac_sort`,`ac_cover`,`upload_time`,`is_default`) VALUES('209','买家秀','218','买家秀默认相册','1','','1479291913','1');
INSERT INTO `zmkj_sns_albumclass` (`ac_id`,`ac_name`,`member_id`,`ac_des`,`ac_sort`,`ac_cover`,`upload_time`,`is_default`) VALUES('210','买家秀','221','买家秀默认相册','1','','1479383098','1');
INSERT INTO `zmkj_sns_albumclass` (`ac_id`,`ac_name`,`member_id`,`ac_des`,`ac_sort`,`ac_cover`,`upload_time`,`is_default`) VALUES('211','买家秀','221','买家秀默认相册','1','','1479383098','1');
INSERT INTO `zmkj_sns_albumclass` (`ac_id`,`ac_name`,`member_id`,`ac_des`,`ac_sort`,`ac_cover`,`upload_time`,`is_default`) VALUES('212','买家秀','222','买家秀默认相册','1','','1479383773','1');
INSERT INTO `zmkj_sns_albumclass` (`ac_id`,`ac_name`,`member_id`,`ac_des`,`ac_sort`,`ac_cover`,`upload_time`,`is_default`) VALUES('213','买家秀','222','买家秀默认相册','1','','1479383773','1');
INSERT INTO `zmkj_sns_albumclass` (`ac_id`,`ac_name`,`member_id`,`ac_des`,`ac_sort`,`ac_cover`,`upload_time`,`is_default`) VALUES('214','买家秀','223','买家秀默认相册','1','','1479384037','1');
INSERT INTO `zmkj_sns_albumclass` (`ac_id`,`ac_name`,`member_id`,`ac_des`,`ac_sort`,`ac_cover`,`upload_time`,`is_default`) VALUES('215','买家秀','223','买家秀默认相册','1','','1479384037','1');
INSERT INTO `zmkj_sns_albumclass` (`ac_id`,`ac_name`,`member_id`,`ac_des`,`ac_sort`,`ac_cover`,`upload_time`,`is_default`) VALUES('216','买家秀','224','买家秀默认相册','1','','1479384218','1');
INSERT INTO `zmkj_sns_albumclass` (`ac_id`,`ac_name`,`member_id`,`ac_des`,`ac_sort`,`ac_cover`,`upload_time`,`is_default`) VALUES('217','买家秀','224','买家秀默认相册','1','','1479384218','1');
INSERT INTO `zmkj_sns_albumclass` (`ac_id`,`ac_name`,`member_id`,`ac_des`,`ac_sort`,`ac_cover`,`upload_time`,`is_default`) VALUES('218','买家秀','225','买家秀默认相册','1','','1479384389','1');
INSERT INTO `zmkj_sns_albumclass` (`ac_id`,`ac_name`,`member_id`,`ac_des`,`ac_sort`,`ac_cover`,`upload_time`,`is_default`) VALUES('219','买家秀','225','买家秀默认相册','1','','1479384389','1');
INSERT INTO `zmkj_sns_albumclass` (`ac_id`,`ac_name`,`member_id`,`ac_des`,`ac_sort`,`ac_cover`,`upload_time`,`is_default`) VALUES('220','买家秀','226','买家秀默认相册','1','','1479384733','1');
INSERT INTO `zmkj_sns_albumclass` (`ac_id`,`ac_name`,`member_id`,`ac_des`,`ac_sort`,`ac_cover`,`upload_time`,`is_default`) VALUES('221','买家秀','226','买家秀默认相册','1','','1479384733','1');
INSERT INTO `zmkj_sns_albumclass` (`ac_id`,`ac_name`,`member_id`,`ac_des`,`ac_sort`,`ac_cover`,`upload_time`,`is_default`) VALUES('222','买家秀','227','买家秀默认相册','1','','1479384990','1');
INSERT INTO `zmkj_sns_albumclass` (`ac_id`,`ac_name`,`member_id`,`ac_des`,`ac_sort`,`ac_cover`,`upload_time`,`is_default`) VALUES('223','买家秀','227','买家秀默认相册','1','','1479384990','1');
INSERT INTO `zmkj_sns_albumclass` (`ac_id`,`ac_name`,`member_id`,`ac_des`,`ac_sort`,`ac_cover`,`upload_time`,`is_default`) VALUES('224','买家秀','228','买家秀默认相册','1','','1479385819','1');
INSERT INTO `zmkj_sns_albumclass` (`ac_id`,`ac_name`,`member_id`,`ac_des`,`ac_sort`,`ac_cover`,`upload_time`,`is_default`) VALUES('225','买家秀','228','买家秀默认相册','1','','1479385819','1');
INSERT INTO `zmkj_sns_albumclass` (`ac_id`,`ac_name`,`member_id`,`ac_des`,`ac_sort`,`ac_cover`,`upload_time`,`is_default`) VALUES('226','买家秀','229','买家秀默认相册','1','','1479386608','1');
INSERT INTO `zmkj_sns_albumclass` (`ac_id`,`ac_name`,`member_id`,`ac_des`,`ac_sort`,`ac_cover`,`upload_time`,`is_default`) VALUES('227','买家秀','229','买家秀默认相册','1','','1479386608','1');
INSERT INTO `zmkj_sns_albumclass` (`ac_id`,`ac_name`,`member_id`,`ac_des`,`ac_sort`,`ac_cover`,`upload_time`,`is_default`) VALUES('228','买家秀','230','买家秀默认相册','1','','1479386726','1');
INSERT INTO `zmkj_sns_albumclass` (`ac_id`,`ac_name`,`member_id`,`ac_des`,`ac_sort`,`ac_cover`,`upload_time`,`is_default`) VALUES('229','买家秀','230','买家秀默认相册','1','','1479386726','1');
INSERT INTO `zmkj_sns_albumclass` (`ac_id`,`ac_name`,`member_id`,`ac_des`,`ac_sort`,`ac_cover`,`upload_time`,`is_default`) VALUES('230','买家秀','231','买家秀默认相册','1','','1479386786','1');
INSERT INTO `zmkj_sns_albumclass` (`ac_id`,`ac_name`,`member_id`,`ac_des`,`ac_sort`,`ac_cover`,`upload_time`,`is_default`) VALUES('231','买家秀','231','买家秀默认相册','1','','1479386786','1');
INSERT INTO `zmkj_sns_albumclass` (`ac_id`,`ac_name`,`member_id`,`ac_des`,`ac_sort`,`ac_cover`,`upload_time`,`is_default`) VALUES('232','买家秀','232','买家秀默认相册','1','','1479386841','1');
INSERT INTO `zmkj_sns_albumclass` (`ac_id`,`ac_name`,`member_id`,`ac_des`,`ac_sort`,`ac_cover`,`upload_time`,`is_default`) VALUES('233','买家秀','232','买家秀默认相册','1','','1479386841','1');
INSERT INTO `zmkj_sns_albumclass` (`ac_id`,`ac_name`,`member_id`,`ac_des`,`ac_sort`,`ac_cover`,`upload_time`,`is_default`) VALUES('234','买家秀','233','买家秀默认相册','1','','1479440874','1');
INSERT INTO `zmkj_sns_albumclass` (`ac_id`,`ac_name`,`member_id`,`ac_des`,`ac_sort`,`ac_cover`,`upload_time`,`is_default`) VALUES('235','买家秀','233','买家秀默认相册','1','','1479440874','1');
INSERT INTO `zmkj_sns_albumclass` (`ac_id`,`ac_name`,`member_id`,`ac_des`,`ac_sort`,`ac_cover`,`upload_time`,`is_default`) VALUES('236','买家秀','236','买家秀默认相册','1','','1479451951','1');
INSERT INTO `zmkj_sns_albumclass` (`ac_id`,`ac_name`,`member_id`,`ac_des`,`ac_sort`,`ac_cover`,`upload_time`,`is_default`) VALUES('237','买家秀','236','买家秀默认相册','1','','1479451951','1');
INSERT INTO `zmkj_sns_albumclass` (`ac_id`,`ac_name`,`member_id`,`ac_des`,`ac_sort`,`ac_cover`,`upload_time`,`is_default`) VALUES('238','买家秀','237','买家秀默认相册','1','','1479456018','1');
INSERT INTO `zmkj_sns_albumclass` (`ac_id`,`ac_name`,`member_id`,`ac_des`,`ac_sort`,`ac_cover`,`upload_time`,`is_default`) VALUES('239','买家秀','237','买家秀默认相册','1','','1479456018','1');
INSERT INTO `zmkj_sns_albumclass` (`ac_id`,`ac_name`,`member_id`,`ac_des`,`ac_sort`,`ac_cover`,`upload_time`,`is_default`) VALUES('240','买家秀','238','买家秀默认相册','1','','1479460615','1');
INSERT INTO `zmkj_sns_albumclass` (`ac_id`,`ac_name`,`member_id`,`ac_des`,`ac_sort`,`ac_cover`,`upload_time`,`is_default`) VALUES('241','买家秀','238','买家秀默认相册','1','','1479460615','1');
INSERT INTO `zmkj_sns_albumclass` (`ac_id`,`ac_name`,`member_id`,`ac_des`,`ac_sort`,`ac_cover`,`upload_time`,`is_default`) VALUES('242','买家秀','239','买家秀默认相册','1','','1479461780','1');
INSERT INTO `zmkj_sns_albumclass` (`ac_id`,`ac_name`,`member_id`,`ac_des`,`ac_sort`,`ac_cover`,`upload_time`,`is_default`) VALUES('243','买家秀','239','买家秀默认相册','1','','1479461780','1');
INSERT INTO `zmkj_sns_albumclass` (`ac_id`,`ac_name`,`member_id`,`ac_des`,`ac_sort`,`ac_cover`,`upload_time`,`is_default`) VALUES('244','买家秀','103','买家秀默认相册','1','','1479506718','1');
INSERT INTO `zmkj_sns_albumclass` (`ac_id`,`ac_name`,`member_id`,`ac_des`,`ac_sort`,`ac_cover`,`upload_time`,`is_default`) VALUES('245','买家秀','241','买家秀默认相册','1','','1479687169','1');
INSERT INTO `zmkj_sns_albumclass` (`ac_id`,`ac_name`,`member_id`,`ac_des`,`ac_sort`,`ac_cover`,`upload_time`,`is_default`) VALUES('246','买家秀','241','买家秀默认相册','1','','1479687169','1');
INSERT INTO `zmkj_sns_albumclass` (`ac_id`,`ac_name`,`member_id`,`ac_des`,`ac_sort`,`ac_cover`,`upload_time`,`is_default`) VALUES('247','买家秀','242','买家秀默认相册','1','','1479695170','1');
INSERT INTO `zmkj_sns_albumclass` (`ac_id`,`ac_name`,`member_id`,`ac_des`,`ac_sort`,`ac_cover`,`upload_time`,`is_default`) VALUES('248','买家秀','242','买家秀默认相册','1','','1479695170','1');
INSERT INTO `zmkj_sns_albumclass` (`ac_id`,`ac_name`,`member_id`,`ac_des`,`ac_sort`,`ac_cover`,`upload_time`,`is_default`) VALUES('249','买家秀','243','买家秀默认相册','1','','1479696098','1');
INSERT INTO `zmkj_sns_albumclass` (`ac_id`,`ac_name`,`member_id`,`ac_des`,`ac_sort`,`ac_cover`,`upload_time`,`is_default`) VALUES('250','买家秀','243','买家秀默认相册','1','','1479696098','1');
INSERT INTO `zmkj_sns_albumclass` (`ac_id`,`ac_name`,`member_id`,`ac_des`,`ac_sort`,`ac_cover`,`upload_time`,`is_default`) VALUES('251','买家秀','244','买家秀默认相册','1','','1479697666','1');
INSERT INTO `zmkj_sns_albumclass` (`ac_id`,`ac_name`,`member_id`,`ac_des`,`ac_sort`,`ac_cover`,`upload_time`,`is_default`) VALUES('252','买家秀','244','买家秀默认相册','1','','1479697666','1');
INSERT INTO `zmkj_sns_albumclass` (`ac_id`,`ac_name`,`member_id`,`ac_des`,`ac_sort`,`ac_cover`,`upload_time`,`is_default`) VALUES('253','买家秀','245','买家秀默认相册','1','','1515299098','1');
INSERT INTO `zmkj_sns_albumclass` (`ac_id`,`ac_name`,`member_id`,`ac_des`,`ac_sort`,`ac_cover`,`upload_time`,`is_default`) VALUES('254','买家秀','245','买家秀默认相册','1','','1515299098','1');
INSERT INTO `zmkj_sns_albumclass` (`ac_id`,`ac_name`,`member_id`,`ac_des`,`ac_sort`,`ac_cover`,`upload_time`,`is_default`) VALUES('255','买家秀','246','买家秀默认相册','1','','1515301740','1');
INSERT INTO `zmkj_sns_albumclass` (`ac_id`,`ac_name`,`member_id`,`ac_des`,`ac_sort`,`ac_cover`,`upload_time`,`is_default`) VALUES('256','买家秀','247','买家秀默认相册','1','','1515388679','1');
INSERT INTO `zmkj_sns_albumclass` (`ac_id`,`ac_name`,`member_id`,`ac_des`,`ac_sort`,`ac_cover`,`upload_time`,`is_default`) VALUES('257','买家秀','247','买家秀默认相册','1','','1515388679','1');
INSERT INTO `zmkj_sns_albumclass` (`ac_id`,`ac_name`,`member_id`,`ac_des`,`ac_sort`,`ac_cover`,`upload_time`,`is_default`) VALUES('258','买家秀','248','买家秀默认相册','1','','1515390090','1');
INSERT INTO `zmkj_sns_albumclass` (`ac_id`,`ac_name`,`member_id`,`ac_des`,`ac_sort`,`ac_cover`,`upload_time`,`is_default`) VALUES('259','买家秀','248','买家秀默认相册','1','','1515390090','1');
INSERT INTO `zmkj_sns_albumclass` (`ac_id`,`ac_name`,`member_id`,`ac_des`,`ac_sort`,`ac_cover`,`upload_time`,`is_default`) VALUES('260','买家秀','249','买家秀默认相册','1','','1515405304','1');
INSERT INTO `zmkj_sns_albumclass` (`ac_id`,`ac_name`,`member_id`,`ac_des`,`ac_sort`,`ac_cover`,`upload_time`,`is_default`) VALUES('261','买家秀','250','买家秀默认相册','1','','1515477143','1');
INSERT INTO `zmkj_sns_albumclass` (`ac_id`,`ac_name`,`member_id`,`ac_des`,`ac_sort`,`ac_cover`,`upload_time`,`is_default`) VALUES('262','买家秀','250','买家秀默认相册','1','','1515477143','1');
INSERT INTO `zmkj_sns_albumclass` (`ac_id`,`ac_name`,`member_id`,`ac_des`,`ac_sort`,`ac_cover`,`upload_time`,`is_default`) VALUES('263','买家秀','251','买家秀默认相册','1','','1515484562','1');
INSERT INTO `zmkj_sns_albumclass` (`ac_id`,`ac_name`,`member_id`,`ac_des`,`ac_sort`,`ac_cover`,`upload_time`,`is_default`) VALUES('264','买家秀','251','买家秀默认相册','1','','1515484562','1');
INSERT INTO `zmkj_sns_albumclass` (`ac_id`,`ac_name`,`member_id`,`ac_des`,`ac_sort`,`ac_cover`,`upload_time`,`is_default`) VALUES('265','买家秀','252','买家秀默认相册','1','','1515663258','1');
INSERT INTO `zmkj_sns_albumclass` (`ac_id`,`ac_name`,`member_id`,`ac_des`,`ac_sort`,`ac_cover`,`upload_time`,`is_default`) VALUES('266','买家秀','252','买家秀默认相册','1','','1515663258','1');
INSERT INTO `zmkj_sns_albumclass` (`ac_id`,`ac_name`,`member_id`,`ac_des`,`ac_sort`,`ac_cover`,`upload_time`,`is_default`) VALUES('267','买家秀','253','买家秀默认相册','1','','1515680341','1');
INSERT INTO `zmkj_sns_albumclass` (`ac_id`,`ac_name`,`member_id`,`ac_des`,`ac_sort`,`ac_cover`,`upload_time`,`is_default`) VALUES('268','买家秀','253','买家秀默认相册','1','','1515680341','1');
INSERT INTO `zmkj_sns_albumclass` (`ac_id`,`ac_name`,`member_id`,`ac_des`,`ac_sort`,`ac_cover`,`upload_time`,`is_default`) VALUES('269','买家秀','254','买家秀默认相册','1','','1515726348','1');
INSERT INTO `zmkj_sns_albumclass` (`ac_id`,`ac_name`,`member_id`,`ac_des`,`ac_sort`,`ac_cover`,`upload_time`,`is_default`) VALUES('270','买家秀','254','买家秀默认相册','1','','1515726348','1');
INSERT INTO `zmkj_sns_albumclass` (`ac_id`,`ac_name`,`member_id`,`ac_des`,`ac_sort`,`ac_cover`,`upload_time`,`is_default`) VALUES('271','买家秀','255','买家秀默认相册','1','','1515999562','1');
INSERT INTO `zmkj_sns_albumclass` (`ac_id`,`ac_name`,`member_id`,`ac_des`,`ac_sort`,`ac_cover`,`upload_time`,`is_default`) VALUES('272','买家秀','255','买家秀默认相册','1','','1515999562','1');
INSERT INTO `zmkj_sns_albumpic` (`ap_id`,`ap_name`,`ac_id`,`ap_cover`,`ap_size`,`ap_spec`,`member_id`,`upload_time`,`ap_type`,`item_id`) VALUES('1','111','5','2016/11/4_05316814021772168.jpg','879394','1024x768','4','1478337402','0','0');
INSERT INTO `zmkj_sns_albumpic` (`ap_id`,`ap_name`,`ac_id`,`ap_cover`,`ap_size`,`ap_spec`,`member_id`,`upload_time`,`ap_type`,`item_id`) VALUES('2','Tulips','5','2016/11/4_05316814055731250.jpg','620888','1024x768','4','1478337405','0','0');
INSERT INTO `zmkj_sns_albumpic` (`ap_id`,`ap_name`,`ac_id`,`ap_cover`,`ap_size`,`ap_spec`,`member_id`,`upload_time`,`ap_type`,`item_id`) VALUES('3','Desert','5','2016/11/4_05316814089669948.jpg','845941','1024x768','4','1478337409','0','0');
INSERT INTO `zmkj_sns_albumpic` (`ap_id`,`ap_name`,`ac_id`,`ap_cover`,`ap_size`,`ap_spec`,`member_id`,`upload_time`,`ap_type`,`item_id`) VALUES('4','Tulips','5','2016/11/4_05316827417506861.jpg','620888','1024x768','4','1478338741','0','0');
INSERT INTO `zmkj_sns_albumpic` (`ap_id`,`ap_name`,`ac_id`,`ap_cover`,`ap_size`,`ap_spec`,`member_id`,`upload_time`,`ap_type`,`item_id`) VALUES('5','Tulips','5','2016/11/4_05316841317398535.jpg','620888','1024x768','4','1478340131','0','0');
INSERT INTO `zmkj_sns_albumpic` (`ap_id`,`ap_name`,`ac_id`,`ap_cover`,`ap_size`,`ap_spec`,`member_id`,`upload_time`,`ap_type`,`item_id`) VALUES('6','Tulips','5','2016/11/4_05316841407347107.jpg','620888','1024x768','4','1478340140','0','0');
INSERT INTO `zmkj_sns_albumpic` (`ap_id`,`ap_name`,`ac_id`,`ap_cover`,`ap_size`,`ap_spec`,`member_id`,`upload_time`,`ap_type`,`item_id`) VALUES('7','Hydrangeas','5','2016/11/4_05316841458777327.jpg','595284','1024x768','4','1478340146','0','0');
INSERT INTO `zmkj_sns_albumpic` (`ap_id`,`ap_name`,`ac_id`,`ap_cover`,`ap_size`,`ap_spec`,`member_id`,`upload_time`,`ap_type`,`item_id`) VALUES('8','Desert','5','2016/11/4_05316841489289513.jpg','845941','1024x768','4','1478340149','0','0');
INSERT INTO `zmkj_sns_albumpic` (`ap_id`,`ap_name`,`ac_id`,`ap_cover`,`ap_size`,`ap_spec`,`member_id`,`upload_time`,`ap_type`,`item_id`) VALUES('9','Jellyfish','5','2016/11/4_05316841490898309.jpg','775702','1024x768','4','1478340149','0','0');

INSERT INTO `zmkj_sns_goods` (`snsgoods_goodsid`,`snsgoods_goodsname`,`snsgoods_goodsimage`,`snsgoods_goodsprice`,`snsgoods_storeid`,`snsgoods_storename`,`snsgoods_addtime`,`snsgoods_likenum`,`snsgoods_likemember`,`snsgoods_sharenum`) VALUES('100213','南天PR2E平推24针A4针式打印机出库单税控票据连打快递单打印机','2016/11/14_05319994473173971.jpg','380.00','14','河南赢在仁间','1479274410','0',NULL,'1');

INSERT INTO `zmkj_sns_sharegoods` (`share_id`,`share_goodsid`,`share_memberid`,`share_membername`,`share_content`,`share_addtime`,`share_likeaddtime`,`share_privacy`,`share_commentcount`,`share_isshare`,`share_islike`) VALUES('1','100213','214','phone_15226070890','分享了商品','1479274410','0','0','0','1','0');

INSERT INTO `zmkj_sns_tracelog` (`trace_id`,`trace_originalid`,`trace_originalmemberid`,`trace_originalstate`,`trace_memberid`,`trace_membername`,`trace_memberavatar`,`trace_title`,`trace_content`,`trace_addtime`,`trace_state`,`trace_privacy`,`trace_commentcount`,`trace_copycount`,`trace_orgcommentcount`,`trace_orgcopycount`,`trace_from`) VALUES('1','0','0','0','214','phone_15226070890',NULL,'分享了商品','<div class="fd-media">
					<div class="goodsimg"><a target="_blank" href="http://www.nrwspt.com/shop/index.php?act=goods&op=index&goods_id=100213"><img src="http://www.nrwspt.com/data/upload/shop/store/goods/14/2016/11/14_05319994473173971_240.jpg" onload="javascript:DrawImage(this,120,120);" alt="南天PR2E平推24针A4针式打印机出库单税控票据连打快递单打印机"></a></div>
					<div class="goodsinfo">
						<dl>
							<dt><a target="_blank" href="http://www.nrwspt.com/shop/index.php?act=goods&op=index&goods_id=100213">南天PR2E平推24针A4针式打印机出库单税控票据连打快递单打印机</a></dt>
							<dd>价&nbsp;&nbsp;格：&yen;380.00</dd>
							<dd>运&nbsp;&nbsp;费：&yen;0.00</dd>
	                  		<dd nctype="collectbtn_100213"><a href="javascript:void(0);" onclick="javascript:collect_goods(''100213'',''succ'',''collectbtn_100213'');">收藏该宝贝</a></dd>
	                  	</dl>
	                  </div>
	             </div>','1479274410','0','0','0','0','0','0','1');

INSERT INTO `zmkj_sns_visitor` (`v_id`,`v_mid`,`v_mname`,`v_mavatar`,`v_ownermid`,`v_ownermname`,`v_ownermavatar`,`v_addtime`) VALUES('1','29','如此星辰如此雪灬丶','avatar_29.jpg','4','aaaaaa',NULL,'1468318712');
INSERT INTO `zmkj_sns_visitor` (`v_id`,`v_mid`,`v_mname`,`v_mavatar`,`v_ownermid`,`v_ownermname`,`v_ownermavatar`,`v_addtime`) VALUES('2','32','伴我╮別絆我。','avatar_32.jpg','4','aaaaaa',NULL,'1468895562');
INSERT INTO `zmkj_sns_visitor` (`v_id`,`v_mid`,`v_mname`,`v_mavatar`,`v_ownermid`,`v_ownermname`,`v_ownermavatar`,`v_addtime`) VALUES('3','192','世博办公',NULL,'55','13363297275',NULL,'1479112044');
INSERT INTO `zmkj_sns_visitor` (`v_id`,`v_mid`,`v_mname`,`v_mavatar`,`v_ownermid`,`v_ownermname`,`v_ownermavatar`,`v_addtime`) VALUES('4','241','niuchao',NULL,'60','18332930699','avatar_60.jpg','1479690956');

INSERT INTO `zmkj_spec` (`sp_id`,`sp_name`,`sp_sort`,`class_id`,`class_name`) VALUES('1','颜色','0','1097','文件袋');
INSERT INTO `zmkj_spec` (`sp_id`,`sp_name`,`sp_sort`,`class_id`,`class_name`) VALUES('23','用途','3','1200','办公设备');
INSERT INTO `zmkj_spec` (`sp_id`,`sp_name`,`sp_sort`,`class_id`,`class_name`) VALUES('22','尺寸','0',NULL,NULL);
INSERT INTO `zmkj_spec` (`sp_id`,`sp_name`,`sp_sort`,`class_id`,`class_name`) VALUES('20','型号','2','1124','办公设备');
INSERT INTO `zmkj_spec` (`sp_id`,`sp_name`,`sp_sort`,`class_id`,`class_name`) VALUES('24','颜色','1','1200','办公设备');

INSERT INTO `zmkj_spec_value` (`sp_value_id`,`sp_value_name`,`sp_id`,`gc_id`,`store_id`,`sp_value_color`,`sp_value_sort`) VALUES('221','落月黄','1','15','1','#ffff00','1');
INSERT INTO `zmkj_spec_value` (`sp_value_id`,`sp_value_name`,`sp_id`,`gc_id`,`store_id`,`sp_value_color`,`sp_value_sort`) VALUES('222','蓝色','1','15','1','#4f81bd','2');
INSERT INTO `zmkj_spec_value` (`sp_value_id`,`sp_value_name`,`sp_id`,`gc_id`,`store_id`,`sp_value_color`,`sp_value_sort`) VALUES('223','白色','1','15','1','#ffffff','3');
INSERT INTO `zmkj_spec_value` (`sp_value_id`,`sp_value_name`,`sp_id`,`gc_id`,`store_id`,`sp_value_color`,`sp_value_sort`) VALUES('224','绿色','1','15','1','#00b050','4');
INSERT INTO `zmkj_spec_value` (`sp_value_id`,`sp_value_name`,`sp_id`,`gc_id`,`store_id`,`sp_value_color`,`sp_value_sort`) VALUES('225','梅红','1','15','1','#b2a2c7','5');
INSERT INTO `zmkj_spec_value` (`sp_value_id`,`sp_value_name`,`sp_id`,`gc_id`,`store_id`,`sp_value_color`,`sp_value_sort`) VALUES('226','黑色','1','15','1','#000000','6');
INSERT INTO `zmkj_spec_value` (`sp_value_id`,`sp_value_name`,`sp_id`,`gc_id`,`store_id`,`sp_value_color`,`sp_value_sort`) VALUES('227','橙色','1','15','1','#f79646','7');
INSERT INTO `zmkj_spec_value` (`sp_value_id`,`sp_value_name`,`sp_id`,`gc_id`,`store_id`,`sp_value_color`,`sp_value_sort`) VALUES('228','灰色','1','14','1','#d8d8d8','8');
INSERT INTO `zmkj_spec_value` (`sp_value_id`,`sp_value_name`,`sp_id`,`gc_id`,`store_id`,`sp_value_color`,`sp_value_sort`) VALUES('239','绿色','1','14','1','#92d050','1');
INSERT INTO `zmkj_spec_value` (`sp_value_id`,`sp_value_name`,`sp_id`,`gc_id`,`store_id`,`sp_value_color`,`sp_value_sort`) VALUES('240','梅红','1','14','1','#c0504d','2');
INSERT INTO `zmkj_spec_value` (`sp_value_id`,`sp_value_name`,`sp_id`,`gc_id`,`store_id`,`sp_value_color`,`sp_value_sort`) VALUES('241','蓝色','1','14','1','#4f81bd','3');
INSERT INTO `zmkj_spec_value` (`sp_value_id`,`sp_value_name`,`sp_id`,`gc_id`,`store_id`,`sp_value_color`,`sp_value_sort`) VALUES('242','黑色','1','14','1','#000000','4');
INSERT INTO `zmkj_spec_value` (`sp_value_id`,`sp_value_name`,`sp_id`,`gc_id`,`store_id`,`sp_value_color`,`sp_value_sort`) VALUES('243','橙色','1','14','1','#f79646','5');
INSERT INTO `zmkj_spec_value` (`sp_value_id`,`sp_value_name`,`sp_id`,`gc_id`,`store_id`,`sp_value_color`,`sp_value_sort`) VALUES('244','红色','1','16','1','#ff0000','1');
INSERT INTO `zmkj_spec_value` (`sp_value_id`,`sp_value_name`,`sp_id`,`gc_id`,`store_id`,`sp_value_color`,`sp_value_sort`) VALUES('245','黑色','1','13','1','#000000','1');
INSERT INTO `zmkj_spec_value` (`sp_value_id`,`sp_value_name`,`sp_id`,`gc_id`,`store_id`,`sp_value_color`,`sp_value_sort`) VALUES('246','白色','1','12','1','#ffffff','1');
INSERT INTO `zmkj_spec_value` (`sp_value_id`,`sp_value_name`,`sp_id`,`gc_id`,`store_id`,`sp_value_color`,`sp_value_sort`) VALUES('247','条纹','1','12','1','#4f81bd','2');
INSERT INTO `zmkj_spec_value` (`sp_value_id`,`sp_value_name`,`sp_id`,`gc_id`,`store_id`,`sp_value_color`,`sp_value_sort`) VALUES('248','黑色','1','12','1','#000000','3');
INSERT INTO `zmkj_spec_value` (`sp_value_id`,`sp_value_name`,`sp_id`,`gc_id`,`store_id`,`sp_value_color`,`sp_value_sort`) VALUES('249','白色','1','14','1','#ffffff','6');
INSERT INTO `zmkj_spec_value` (`sp_value_id`,`sp_value_name`,`sp_id`,`gc_id`,`store_id`,`sp_value_color`,`sp_value_sort`) VALUES('250','紫色','1','14','1','#8064a2','7');
INSERT INTO `zmkj_spec_value` (`sp_value_id`,`sp_value_name`,`sp_id`,`gc_id`,`store_id`,`sp_value_color`,`sp_value_sort`) VALUES('251','粉色','1','14','1','#ff99ff','9');
INSERT INTO `zmkj_spec_value` (`sp_value_id`,`sp_value_name`,`sp_id`,`gc_id`,`store_id`,`sp_value_color`,`sp_value_sort`) VALUES('252','薄荷绿','1','58','1','#ebf1dd','1');
INSERT INTO `zmkj_spec_value` (`sp_value_id`,`sp_value_name`,`sp_id`,`gc_id`,`store_id`,`sp_value_color`,`sp_value_sort`) VALUES('253','肤色','1','58','1','#fdeada','2');
INSERT INTO `zmkj_spec_value` (`sp_value_id`,`sp_value_name`,`sp_id`,`gc_id`,`store_id`,`sp_value_color`,`sp_value_sort`) VALUES('391','法国 黑色','1','620','1','#000000','1');
INSERT INTO `zmkj_spec_value` (`sp_value_id`,`sp_value_name`,`sp_id`,`gc_id`,`store_id`,`sp_value_color`,`sp_value_sort`) VALUES('392','法国 红色','1','620','1','#c00000','2');
INSERT INTO `zmkj_spec_value` (`sp_value_id`,`sp_value_name`,`sp_id`,`gc_id`,`store_id`,`sp_value_color`,`sp_value_sort`) VALUES('393','法国 棕色','1','620','1','#938953','3');
INSERT INTO `zmkj_spec_value` (`sp_value_id`,`sp_value_name`,`sp_id`,`gc_id`,`store_id`,`sp_value_color`,`sp_value_sort`) VALUES('394','比利时 黑色','1','620','1','#000000','4');
INSERT INTO `zmkj_spec_value` (`sp_value_id`,`sp_value_name`,`sp_id`,`gc_id`,`store_id`,`sp_value_color`,`sp_value_sort`) VALUES('395','比利时 棕色','1','620','1','#7f7f7f','5');
INSERT INTO `zmkj_spec_value` (`sp_value_id`,`sp_value_name`,`sp_id`,`gc_id`,`store_id`,`sp_value_color`,`sp_value_sort`) VALUES('396','1','1','617','1','#ffffff','1');
INSERT INTO `zmkj_spec_value` (`sp_value_id`,`sp_value_name`,`sp_id`,`gc_id`,`store_id`,`sp_value_color`,`sp_value_sort`) VALUES('397','2','1','617','1','#ffffff','2');
INSERT INTO `zmkj_spec_value` (`sp_value_id`,`sp_value_name`,`sp_id`,`gc_id`,`store_id`,`sp_value_color`,`sp_value_sort`) VALUES('398','3','1','617','1','#ffffff','3');
INSERT INTO `zmkj_spec_value` (`sp_value_id`,`sp_value_name`,`sp_id`,`gc_id`,`store_id`,`sp_value_color`,`sp_value_sort`) VALUES('399','4','1','617','1','#ffffff','4');
INSERT INTO `zmkj_spec_value` (`sp_value_id`,`sp_value_name`,`sp_id`,`gc_id`,`store_id`,`sp_value_color`,`sp_value_sort`) VALUES('400','5','1','617','1','#ffffff','5');
INSERT INTO `zmkj_spec_value` (`sp_value_id`,`sp_value_name`,`sp_id`,`gc_id`,`store_id`,`sp_value_color`,`sp_value_sort`) VALUES('402','6','1','617','1','#ffffff','6');
INSERT INTO `zmkj_spec_value` (`sp_value_id`,`sp_value_name`,`sp_id`,`gc_id`,`store_id`,`sp_value_color`,`sp_value_sort`) VALUES('457','家用','23','1201','38',NULL,'0');
INSERT INTO `zmkj_spec_value` (`sp_value_id`,`sp_value_name`,`sp_id`,`gc_id`,`store_id`,`sp_value_color`,`sp_value_sort`) VALUES('456','1.5米公司级','22','1201','38',NULL,'0');
INSERT INTO `zmkj_spec_value` (`sp_value_id`,`sp_value_name`,`sp_id`,`gc_id`,`store_id`,`sp_value_color`,`sp_value_sort`) VALUES('413','1','1','36','1','#000000','1');
INSERT INTO `zmkj_spec_value` (`sp_value_id`,`sp_value_name`,`sp_id`,`gc_id`,`store_id`,`sp_value_color`,`sp_value_sort`) VALUES('414','2','1','36','1','#d8d8d8','2');
INSERT INTO `zmkj_spec_value` (`sp_value_id`,`sp_value_name`,`sp_id`,`gc_id`,`store_id`,`sp_value_color`,`sp_value_sort`) VALUES('415','3','1','36','1','#595959','3');
INSERT INTO `zmkj_spec_value` (`sp_value_id`,`sp_value_name`,`sp_id`,`gc_id`,`store_id`,`sp_value_color`,`sp_value_sort`) VALUES('416','4','1','36','1','#c6d9f0','4');
INSERT INTO `zmkj_spec_value` (`sp_value_id`,`sp_value_name`,`sp_id`,`gc_id`,`store_id`,`sp_value_color`,`sp_value_sort`) VALUES('417','5','1','36','1','#f2dcdb','5');
INSERT INTO `zmkj_spec_value` (`sp_value_id`,`sp_value_name`,`sp_id`,`gc_id`,`store_id`,`sp_value_color`,`sp_value_sort`) VALUES('418','6','1','36','1','#938953','6');
INSERT INTO `zmkj_spec_value` (`sp_value_id`,`sp_value_name`,`sp_id`,`gc_id`,`store_id`,`sp_value_color`,`sp_value_sort`) VALUES('419','7','1','36','1','#ddd9c3','7');
INSERT INTO `zmkj_spec_value` (`sp_value_id`,`sp_value_name`,`sp_id`,`gc_id`,`store_id`,`sp_value_color`,`sp_value_sort`) VALUES('421','红色','1','1055','1',NULL,'0');
INSERT INTO `zmkj_spec_value` (`sp_value_id`,`sp_value_name`,`sp_id`,`gc_id`,`store_id`,`sp_value_color`,`sp_value_sort`) VALUES('422','黑色','1','1055','1',NULL,'0');
INSERT INTO `zmkj_spec_value` (`sp_value_id`,`sp_value_name`,`sp_id`,`gc_id`,`store_id`,`sp_value_color`,`sp_value_sort`) VALUES('423','红白','1','1055','1',NULL,'0');
INSERT INTO `zmkj_spec_value` (`sp_value_id`,`sp_value_name`,`sp_id`,`gc_id`,`store_id`,`sp_value_color`,`sp_value_sort`) VALUES('428','白色','1','1055','1',NULL,'0');
INSERT INTO `zmkj_spec_value` (`sp_value_id`,`sp_value_name`,`sp_id`,`gc_id`,`store_id`,`sp_value_color`,`sp_value_sort`) VALUES('429','黄色','1','1055','1',NULL,'0');
INSERT INTO `zmkj_spec_value` (`sp_value_id`,`sp_value_name`,`sp_id`,`gc_id`,`store_id`,`sp_value_color`,`sp_value_sort`) VALUES('430','桔色','1','1055','1',NULL,'0');
INSERT INTO `zmkj_spec_value` (`sp_value_id`,`sp_value_name`,`sp_id`,`gc_id`,`store_id`,`sp_value_color`,`sp_value_sort`) VALUES('431','蓝色','1','1055','1',NULL,'0');
INSERT INTO `zmkj_spec_value` (`sp_value_id`,`sp_value_name`,`sp_id`,`gc_id`,`store_id`,`sp_value_color`,`sp_value_sort`) VALUES('432','银色','1','1055','1',NULL,'0');
INSERT INTO `zmkj_spec_value` (`sp_value_id`,`sp_value_name`,`sp_id`,`gc_id`,`store_id`,`sp_value_color`,`sp_value_sort`) VALUES('433','红色','1','1126','1',NULL,'0');
INSERT INTO `zmkj_spec_value` (`sp_value_id`,`sp_value_name`,`sp_id`,`gc_id`,`store_id`,`sp_value_color`,`sp_value_sort`) VALUES('434','黄色','1','1126','1',NULL,'0');
INSERT INTO `zmkj_spec_value` (`sp_value_id`,`sp_value_name`,`sp_id`,`gc_id`,`store_id`,`sp_value_color`,`sp_value_sort`) VALUES('455','1米超大','22','1201','38',NULL,'0');
INSERT INTO `zmkj_spec_value` (`sp_value_id`,`sp_value_name`,`sp_id`,`gc_id`,`store_id`,`sp_value_color`,`sp_value_sort`) VALUES('437','黑色','1','1126','1',NULL,'0');
INSERT INTO `zmkj_spec_value` (`sp_value_id`,`sp_value_name`,`sp_id`,`gc_id`,`store_id`,`sp_value_color`,`sp_value_sort`) VALUES('454','50厘米','22','1201','38',NULL,'0');
INSERT INTO `zmkj_spec_value` (`sp_value_id`,`sp_value_name`,`sp_id`,`gc_id`,`store_id`,`sp_value_color`,`sp_value_sort`) VALUES('462','民用','23','1202','40',NULL,'2');
INSERT INTO `zmkj_spec_value` (`sp_value_id`,`sp_value_name`,`sp_id`,`gc_id`,`store_id`,`sp_value_color`,`sp_value_sort`) VALUES('461','商用','23','1202','40',NULL,'1');
INSERT INTO `zmkj_spec_value` (`sp_value_id`,`sp_value_name`,`sp_id`,`gc_id`,`store_id`,`sp_value_color`,`sp_value_sort`) VALUES('460','黑色','24','1202','40',NULL,'1');
INSERT INTO `zmkj_spec_value` (`sp_value_id`,`sp_value_name`,`sp_id`,`gc_id`,`store_id`,`sp_value_color`,`sp_value_sort`) VALUES('446','白色','1','1130','5',NULL,'0');
INSERT INTO `zmkj_spec_value` (`sp_value_id`,`sp_value_name`,`sp_id`,`gc_id`,`store_id`,`sp_value_color`,`sp_value_sort`) VALUES('445','红色','1','1130','5',NULL,'0');
INSERT INTO `zmkj_spec_value` (`sp_value_id`,`sp_value_name`,`sp_id`,`gc_id`,`store_id`,`sp_value_color`,`sp_value_sort`) VALUES('450','B0','20','1201','38',NULL,'0');
INSERT INTO `zmkj_spec_value` (`sp_value_id`,`sp_value_name`,`sp_id`,`gc_id`,`store_id`,`sp_value_color`,`sp_value_sort`) VALUES('449','A0','20','1201','38',NULL,'0');
INSERT INTO `zmkj_spec_value` (`sp_value_id`,`sp_value_name`,`sp_id`,`gc_id`,`store_id`,`sp_value_color`,`sp_value_sort`) VALUES('458','商用','23','1201','38',NULL,'0');
INSERT INTO `zmkj_spec_value` (`sp_value_id`,`sp_value_name`,`sp_id`,`gc_id`,`store_id`,`sp_value_color`,`sp_value_sort`) VALUES('459','公司级','23','1201','38',NULL,'0');
INSERT INTO `zmkj_spec_value` (`sp_value_id`,`sp_value_name`,`sp_id`,`gc_id`,`store_id`,`sp_value_color`,`sp_value_sort`) VALUES('463','013tu','20','1202','40',NULL,'1');
INSERT INTO `zmkj_spec_value` (`sp_value_id`,`sp_value_name`,`sp_id`,`gc_id`,`store_id`,`sp_value_color`,`sp_value_sort`) VALUES('464','014tu','20','1202','40',NULL,'2');
INSERT INTO `zmkj_spec_value` (`sp_value_id`,`sp_value_name`,`sp_id`,`gc_id`,`store_id`,`sp_value_color`,`sp_value_sort`) VALUES('470','13-af001TU ','20','1202','40',NULL,'0');
INSERT INTO `zmkj_spec_value` (`sp_value_id`,`sp_value_name`,`sp_id`,`gc_id`,`store_id`,`sp_value_color`,`sp_value_sort`) VALUES('469','21寸','22','1202','40',NULL,'0');
INSERT INTO `zmkj_spec_value` (`sp_value_id`,`sp_value_name`,`sp_id`,`gc_id`,`store_id`,`sp_value_color`,`sp_value_sort`) VALUES('471','13.3FHD','22','1202','40',NULL,'0');
INSERT INTO `zmkj_spec_value` (`sp_value_id`,`sp_value_name`,`sp_id`,`gc_id`,`store_id`,`sp_value_color`,`sp_value_sort`) VALUES('472','陶瓷白','24','1202','40',NULL,'0');
INSERT INTO `zmkj_store` (`store_id`,`store_name`,`grade_id`,`member_id`,`member_name`,`seller_name`,`sc_id`,`store_company_name`,`province_id`,`area_info`,`store_address`,`store_zip`,`store_state`,`store_close_info`,`store_sort`,`store_time`,`store_end_time`,`store_label`,`store_banner`,`store_avatar`,`store_keywords`,`store_description`,`store_qq`,`store_ww`,`store_phone`,`store_zy`,`store_domain`,`store_domain_times`,`store_recommend`,`store_theme`,`store_credit`,`store_desccredit`,`store_servicecredit`,`store_deliverycredit`,`store_collect`,`store_slide`,`store_slide_url`,`store_stamp`,`store_printdesc`,`store_sales`,`store_presales`,`store_aftersales`,`store_workingtime`,`store_free_price`,`store_decoration_switch`,`store_decoration_only`,`store_decoration_image_count`,`live_store_name`,`live_store_address`,`live_store_tel`,`live_store_bus`,`is_own_shop`,`bind_all_gc`,`store_vrcode_prefix`,`store_baozh`,`store_baozhopen`,`store_baozhrmb`,`store_qtian`,`store_zhping`,`store_erxiaoshi`,`store_tuihuo`,`store_shiyong`,`store_shiti`,`store_xiaoxie`,`store_huodaofk`,`store_free_time`,`mb_title_img`,`mb_sliders`,`deliver_region`,`serviceid`,`store_amount`) VALUES('1','诺融科技','1','1','zhuimengkeji','zhukun','0','诺融科技','0','','','','1',NULL,'0','1458609926',NULL,'05223487042745113.png',NULL,'05223486935148513_sm.png','','诺融科技',NULL,NULL,NULL,NULL,NULL,NULL,'0','default','0','0','0','0','4',NULL,NULL,NULL,NULL,'0',NULL,NULL,NULL,'0.00','0','0','0',NULL,NULL,'0311-66563684',NULL,'1','1',NULL,NULL,NULL,'零',NULL,NULL,NULL,NULL,NULL,NULL,NULL,NULL,NULL,NULL,NULL,NULL,'KEFU147505499781511','0.36');
INSERT INTO `zmkj_store` (`store_id`,`store_name`,`grade_id`,`member_id`,`member_name`,`seller_name`,`sc_id`,`store_company_name`,`province_id`,`area_info`,`store_address`,`store_zip`,`store_state`,`store_close_info`,`store_sort`,`store_time`,`store_end_time`,`store_label`,`store_banner`,`store_avatar`,`store_keywords`,`store_description`,`store_qq`,`store_ww`,`store_phone`,`store_zy`,`store_domain`,`store_domain_times`,`store_recommend`,`store_theme`,`store_credit`,`store_desccredit`,`store_servicecredit`,`store_deliverycredit`,`store_collect`,`store_slide`,`store_slide_url`,`store_stamp`,`store_printdesc`,`store_sales`,`store_presales`,`store_aftersales`,`store_workingtime`,`store_free_price`,`store_decoration_switch`,`store_decoration_only`,`store_decoration_image_count`,`live_store_name`,`live_store_address`,`live_store_tel`,`live_store_bus`,`is_own_shop`,`bind_all_gc`,`store_vrcode_prefix`,`store_baozh`,`store_baozhopen`,`store_baozhrmb`,`store_qtian`,`store_zhping`,`store_erxiaoshi`,`store_tuihuo`,`store_shiyong`,`store_shiti`,`store_xiaoxie`,`store_huodaofk`,`store_free_time`,`mb_title_img`,`mb_sliders`,`deliver_region`,`serviceid`,`store_amount`) VALUES('4','河北瑞之德电子科技有限公司','1','83','13783472378','13783472378','3','河北瑞之德电子科技有限公司','0','河北 石家庄市 新华区','金桥北大街6号','','1',NULL,'0','1476944122','1540051200',NULL,NULL,NULL,'','',NULL,NULL,NULL,NULL,NULL,NULL,'0','default','0','0','0','0','1',NULL,NULL,NULL,NULL,'0',NULL,NULL,NULL,'0.00','0','0','0',NULL,NULL,NULL,NULL,'0','0',NULL,NULL,NULL,'零','1','1','1','1',NULL,'1','1',NULL,NULL,NULL,NULL,NULL,NULL,'0');
INSERT INTO `zmkj_store` (`store_id`,`store_name`,`grade_id`,`member_id`,`member_name`,`seller_name`,`sc_id`,`store_company_name`,`province_id`,`area_info`,`store_address`,`store_zip`,`store_state`,`store_close_info`,`store_sort`,`store_time`,`store_end_time`,`store_label`,`store_banner`,`store_avatar`,`store_keywords`,`store_description`,`store_qq`,`store_ww`,`store_phone`,`store_zy`,`store_domain`,`store_domain_times`,`store_recommend`,`store_theme`,`store_credit`,`store_desccredit`,`store_servicecredit`,`store_deliverycredit`,`store_collect`,`store_slide`,`store_slide_url`,`store_stamp`,`store_printdesc`,`store_sales`,`store_presales`,`store_aftersales`,`store_workingtime`,`store_free_price`,`store_decoration_switch`,`store_decoration_only`,`store_decoration_image_count`,`live_store_name`,`live_store_address`,`live_store_tel`,`live_store_bus`,`is_own_shop`,`bind_all_gc`,`store_vrcode_prefix`,`store_baozh`,`store_baozhopen`,`store_baozhrmb`,`store_qtian`,`store_zhping`,`store_erxiaoshi`,`store_tuihuo`,`store_shiyong`,`store_shiti`,`store_xiaoxie`,`store_huodaofk`,`store_free_time`,`mb_title_img`,`mb_sliders`,`deliver_region`,`serviceid`,`store_amount`) VALUES('5','Simon旗舰店','3','130','Simon','Simon_D','3','Simon','0','河北 石家庄市 新华区','太和电子城','','1',NULL,'0','1478134175','1509724800','05320860219671971.jpg',NULL,NULL,'','',NULL,NULL,NULL,'电脑配件、劳保用品、组装电脑',NULL,NULL,'0','style1','0','0','0','0','0',NULL,NULL,NULL,NULL,'0',NULL,NULL,NULL,'0.00','0','0','0',NULL,NULL,NULL,NULL,'0','0',NULL,NULL,NULL,'零',NULL,NULL,NULL,NULL,NULL,NULL,NULL,NULL,NULL,NULL,NULL,NULL,'1','0');
INSERT INTO `zmkj_store` (`store_id`,`store_name`,`grade_id`,`member_id`,`member_name`,`seller_name`,`sc_id`,`store_company_name`,`province_id`,`area_info`,`store_address`,`store_zip`,`store_state`,`store_close_info`,`store_sort`,`store_time`,`store_end_time`,`store_label`,`store_banner`,`store_avatar`,`store_keywords`,`store_description`,`store_qq`,`store_ww`,`store_phone`,`store_zy`,`store_domain`,`store_domain_times`,`store_recommend`,`store_theme`,`store_credit`,`store_desccredit`,`store_servicecredit`,`store_deliverycredit`,`store_collect`,`store_slide`,`store_slide_url`,`store_stamp`,`store_printdesc`,`store_sales`,`store_presales`,`store_aftersales`,`store_workingtime`,`store_free_price`,`store_decoration_switch`,`store_decoration_only`,`store_decoration_image_count`,`live_store_name`,`live_store_address`,`live_store_tel`,`live_store_bus`,`is_own_shop`,`bind_all_gc`,`store_vrcode_prefix`,`store_baozh`,`store_baozhopen`,`store_baozhrmb`,`store_qtian`,`store_zhping`,`store_erxiaoshi`,`store_tuihuo`,`store_shiyong`,`store_shiti`,`store_xiaoxie`,`store_huodaofk`,`store_free_time`,`mb_title_img`,`mb_sliders`,`deliver_region`,`serviceid`,`store_amount`) VALUES('6','河南有线公司','1','139','15890027010','158900270101','0','河北玻璃有限公司','0','河北 石家庄市 栾城县','二七广场','','0',NULL,'0','1478134946','1509724800',NULL,NULL,NULL,'','',NULL,NULL,NULL,NULL,NULL,NULL,'0','default','0','0','0','0','0',NULL,NULL,NULL,NULL,'0',NULL,NULL,NULL,'0.00','0','0','0',NULL,NULL,NULL,NULL,'0','0',NULL,NULL,NULL,'零',NULL,NULL,NULL,NULL,NULL,NULL,NULL,NULL,NULL,NULL,NULL,NULL,'11','0');
INSERT INTO `zmkj_store` (`store_id`,`store_name`,`grade_id`,`member_id`,`member_name`,`seller_name`,`sc_id`,`store_company_name`,`province_id`,`area_info`,`store_address`,`store_zip`,`store_state`,`store_close_info`,`store_sort`,`store_time`,`store_end_time`,`store_label`,`store_banner`,`store_avatar`,`store_keywords`,`store_description`,`store_qq`,`store_ww`,`store_phone`,`store_zy`,`store_domain`,`store_domain_times`,`store_recommend`,`store_theme`,`store_credit`,`store_desccredit`,`store_servicecredit`,`store_deliverycredit`,`store_collect`,`store_slide`,`store_slide_url`,`store_stamp`,`store_printdesc`,`store_sales`,`store_presales`,`store_aftersales`,`store_workingtime`,`store_free_price`,`store_decoration_switch`,`store_decoration_only`,`store_decoration_image_count`,`live_store_name`,`live_store_address`,`live_store_tel`,`live_store_bus`,`is_own_shop`,`bind_all_gc`,`store_vrcode_prefix`,`store_baozh`,`store_baozhopen`,`store_baozhrmb`,`store_qtian`,`store_zhping`,`store_erxiaoshi`,`store_tuihuo`,`store_shiyong`,`store_shiti`,`store_xiaoxie`,`store_huodaofk`,`store_free_time`,`mb_title_img`,`mb_sliders`,`deliver_region`,`serviceid`,`store_amount`) VALUES('7','唐山超邦办公设备公司','1','176','郑州超邦','河南超邦办公设备公司','3','唐山超邦办公设备公司','0','河北 唐山市 丰润区','东风路电子大厦二楼A-217西','','1',NULL,'0','1478241231','1541347200',NULL,NULL,NULL,'','',NULL,NULL,NULL,NULL,NULL,NULL,'0','default','0','0','0','0','0',NULL,NULL,NULL,NULL,'0',NULL,NULL,NULL,'0.00','0','0','0',NULL,NULL,NULL,NULL,'0','0',NULL,NULL,NULL,'零',NULL,NULL,NULL,NULL,NULL,NULL,NULL,NULL,NULL,NULL,NULL,NULL,'147505499781511','0');
INSERT INTO `zmkj_store` (`store_id`,`store_name`,`grade_id`,`member_id`,`member_name`,`seller_name`,`sc_id`,`store_company_name`,`province_id`,`area_info`,`store_address`,`store_zip`,`store_state`,`store_close_info`,`store_sort`,`store_time`,`store_end_time`,`store_label`,`store_banner`,`store_avatar`,`store_keywords`,`store_description`,`store_qq`,`store_ww`,`store_phone`,`store_zy`,`store_domain`,`store_domain_times`,`store_recommend`,`store_theme`,`store_credit`,`store_desccredit`,`store_servicecredit`,`store_deliverycredit`,`store_collect`,`store_slide`,`store_slide_url`,`store_stamp`,`store_printdesc`,`store_sales`,`store_presales`,`store_aftersales`,`store_workingtime`,`store_free_price`,`store_decoration_switch`,`store_decoration_only`,`store_decoration_image_count`,`live_store_name`,`live_store_address`,`live_store_tel`,`live_store_bus`,`is_own_shop`,`bind_all_gc`,`store_vrcode_prefix`,`store_baozh`,`store_baozhopen`,`store_baozhrmb`,`store_qtian`,`store_zhping`,`store_erxiaoshi`,`store_tuihuo`,`store_shiyong`,`store_shiti`,`store_xiaoxie`,`store_huodaofk`,`store_free_time`,`mb_title_img`,`mb_sliders`,`deliver_region`,`serviceid`,`store_amount`) VALUES('9','华杰得力文具','3','180','华杰电脑  得力办公用品','huajie','8','华杰得力文具','0','河北 石家庄市 新华区','太和电子城','','1',NULL,'0','1478402132','1541606399',NULL,NULL,NULL,'','',NULL,NULL,NULL,NULL,NULL,NULL,'0','default','0','0','0','0','0',NULL,NULL,NULL,NULL,'0',NULL,NULL,NULL,'0.00','0','0','0',NULL,NULL,NULL,NULL,'0','0',NULL,NULL,NULL,'零',NULL,NULL,NULL,NULL,NULL,NULL,NULL,NULL,NULL,NULL,NULL,NULL,'KEFU147505499781511','0');
INSERT INTO `zmkj_store` (`store_id`,`store_name`,`grade_id`,`member_id`,`member_name`,`seller_name`,`sc_id`,`store_company_name`,`province_id`,`area_info`,`store_address`,`store_zip`,`store_state`,`store_close_info`,`store_sort`,`store_time`,`store_end_time`,`store_label`,`store_banner`,`store_avatar`,`store_keywords`,`store_description`,`store_qq`,`store_ww`,`store_phone`,`store_zy`,`store_domain`,`store_domain_times`,`store_recommend`,`store_theme`,`store_credit`,`store_desccredit`,`store_servicecredit`,`store_deliverycredit`,`store_collect`,`store_slide`,`store_slide_url`,`store_stamp`,`store_printdesc`,`store_sales`,`store_presales`,`store_aftersales`,`store_workingtime`,`store_free_price`,`store_decoration_switch`,`store_decoration_only`,`store_decoration_image_count`,`live_store_name`,`live_store_address`,`live_store_tel`,`live_store_bus`,`is_own_shop`,`bind_all_gc`,`store_vrcode_prefix`,`store_baozh`,`store_baozhopen`,`store_baozhrmb`,`store_qtian`,`store_zhping`,`store_erxiaoshi`,`store_tuihuo`,`store_shiyong`,`store_shiti`,`store_xiaoxie`,`store_huodaofk`,`store_free_time`,`mb_title_img`,`mb_sliders`,`deliver_region`,`serviceid`,`store_amount`) VALUES('10','康龙办公','3','181','sm18838083752','kanglongbangong','8','康龙办公','0','河北 石家庄市 桥西区','花园路红专路北80米路西','','1',NULL,'0','1478407665','1541520000','05318569627674262.png',NULL,NULL,'','',NULL,NULL,NULL,'主营三木牌碎纸机、点钞机、打卡机、削铅笔机、、订书机、文件夹等各种办公设备办公文具',NULL,NULL,'0','default','0','0','0','0','0',NULL,NULL,NULL,NULL,'0',NULL,NULL,NULL,'0.00','4','0','0',NULL,NULL,NULL,NULL,'0','0',NULL,NULL,NULL,'零',NULL,'1','1','1',NULL,'1','1',NULL,NULL,NULL,NULL,NULL,'KEFU147505499751511','0');
INSERT INTO `zmkj_store` (`store_id`,`store_name`,`grade_id`,`member_id`,`member_name`,`seller_name`,`sc_id`,`store_company_name`,`province_id`,`area_info`,`store_address`,`store_zip`,`store_state`,`store_close_info`,`store_sort`,`store_time`,`store_end_time`,`store_label`,`store_banner`,`store_avatar`,`store_keywords`,`store_description`,`store_qq`,`store_ww`,`store_phone`,`store_zy`,`store_domain`,`store_domain_times`,`store_recommend`,`store_theme`,`store_credit`,`store_desccredit`,`store_servicecredit`,`store_deliverycredit`,`store_collect`,`store_slide`,`store_slide_url`,`store_stamp`,`store_printdesc`,`store_sales`,`store_presales`,`store_aftersales`,`store_workingtime`,`store_free_price`,`store_decoration_switch`,`store_decoration_only`,`store_decoration_image_count`,`live_store_name`,`live_store_address`,`live_store_tel`,`live_store_bus`,`is_own_shop`,`bind_all_gc`,`store_vrcode_prefix`,`store_baozh`,`store_baozhopen`,`store_baozhrmb`,`store_qtian`,`store_zhping`,`store_erxiaoshi`,`store_tuihuo`,`store_shiyong`,`store_shiti`,`store_xiaoxie`,`store_huodaofk`,`store_free_time`,`mb_title_img`,`mb_sliders`,`deliver_region`,`serviceid`,`store_amount`) VALUES('11','邯郸汇佰欣电子科技有限公司','1','182','汇佰欣','郑州汇佰欣','3','郑州汇佰欣电子科技有限公司','0','河北 邯郸市 邯山区','复兴路','','1',NULL,'0','1478479115','1510070400',NULL,NULL,NULL,'','',NULL,NULL,NULL,NULL,NULL,NULL,'0','default','0','0','0','0','0',NULL,NULL,NULL,NULL,'0',NULL,NULL,NULL,'0.00','0','0','0',NULL,NULL,NULL,NULL,'0','0',NULL,NULL,NULL,'零',NULL,NULL,NULL,NULL,NULL,NULL,NULL,NULL,NULL,NULL,NULL,NULL,'147505499781511','0');
INSERT INTO `zmkj_store` (`store_id`,`store_name`,`grade_id`,`member_id`,`member_name`,`seller_name`,`sc_id`,`store_company_name`,`province_id`,`area_info`,`store_address`,`store_zip`,`store_state`,`store_close_info`,`store_sort`,`store_time`,`store_end_time`,`store_label`,`store_banner`,`store_avatar`,`store_keywords`,`store_description`,`store_qq`,`store_ww`,`store_phone`,`store_zy`,`store_domain`,`store_domain_times`,`store_recommend`,`store_theme`,`store_credit`,`store_desccredit`,`store_servicecredit`,`store_deliverycredit`,`store_collect`,`store_slide`,`store_slide_url`,`store_stamp`,`store_printdesc`,`store_sales`,`store_presales`,`store_aftersales`,`store_workingtime`,`store_free_price`,`store_decoration_switch`,`store_decoration_only`,`store_decoration_image_count`,`live_store_name`,`live_store_address`,`live_store_tel`,`live_store_bus`,`is_own_shop`,`bind_all_gc`,`store_vrcode_prefix`,`store_baozh`,`store_baozhopen`,`store_baozhrmb`,`store_qtian`,`store_zhping`,`store_erxiaoshi`,`store_tuihuo`,`store_shiyong`,`store_shiti`,`store_xiaoxie`,`store_huodaofk`,`store_free_time`,`mb_title_img`,`mb_sliders`,`deliver_region`,`serviceid`,`store_amount`) VALUES('12','邯郸天启创远办公设备商行','1','188','天启创远','天启创远','3','天启创远办公设备商行','0','河北 邯郸市','科技市场电子大厦B221','','1',NULL,'0','1478503561','1510070400',NULL,NULL,NULL,'','',NULL,NULL,NULL,NULL,NULL,NULL,'0','default','0','0','0','0','0',NULL,NULL,NULL,NULL,'0',NULL,NULL,NULL,'0.00','0','0','0',NULL,NULL,NULL,NULL,'0','0',NULL,NULL,NULL,'零',NULL,NULL,NULL,NULL,NULL,NULL,NULL,NULL,NULL,NULL,NULL,NULL,'147505499781511','0');
INSERT INTO `zmkj_store` (`store_id`,`store_name`,`grade_id`,`member_id`,`member_name`,`seller_name`,`sc_id`,`store_company_name`,`province_id`,`area_info`,`store_address`,`store_zip`,`store_state`,`store_close_info`,`store_sort`,`store_time`,`store_end_time`,`store_label`,`store_banner`,`store_avatar`,`store_keywords`,`store_description`,`store_qq`,`store_ww`,`store_phone`,`store_zy`,`store_domain`,`store_domain_times`,`store_recommend`,`store_theme`,`store_credit`,`store_desccredit`,`store_servicecredit`,`store_deliverycredit`,`store_collect`,`store_slide`,`store_slide_url`,`store_stamp`,`store_printdesc`,`store_sales`,`store_presales`,`store_aftersales`,`store_workingtime`,`store_free_price`,`store_decoration_switch`,`store_decoration_only`,`store_decoration_image_count`,`live_store_name`,`live_store_address`,`live_store_tel`,`live_store_bus`,`is_own_shop`,`bind_all_gc`,`store_vrcode_prefix`,`store_baozh`,`store_baozhopen`,`store_baozhrmb`,`store_qtian`,`store_zhping`,`store_erxiaoshi`,`store_tuihuo`,`store_shiyong`,`store_shiti`,`store_xiaoxie`,`store_huodaofk`,`store_free_time`,`mb_title_img`,`mb_sliders`,`deliver_region`,`serviceid`,`store_amount`) VALUES('13','邯郸搏创科技有限公司','1','189','郑州搏创科技','郑州搏创科技有限公司','3','邯郸搏创科技有限公司','0','河北 邯郸市 邯山区','复兴路48号','','1',NULL,'0','1478504465','1541606400',NULL,NULL,NULL,'','',NULL,NULL,NULL,NULL,NULL,NULL,'0','default','0','0','0','0','0',NULL,NULL,NULL,NULL,'0',NULL,NULL,NULL,'0.00','0','0','0',NULL,NULL,NULL,NULL,'0','0',NULL,NULL,NULL,'零',NULL,NULL,NULL,NULL,NULL,NULL,NULL,NULL,NULL,NULL,NULL,NULL,'147505499781511','0');
INSERT INTO `zmkj_store` (`store_id`,`store_name`,`grade_id`,`member_id`,`member_name`,`seller_name`,`sc_id`,`store_company_name`,`province_id`,`area_info`,`store_address`,`store_zip`,`store_state`,`store_close_info`,`store_sort`,`store_time`,`store_end_time`,`store_label`,`store_banner`,`store_avatar`,`store_keywords`,`store_description`,`store_qq`,`store_ww`,`store_phone`,`store_zy`,`store_domain`,`store_domain_times`,`store_recommend`,`store_theme`,`store_credit`,`store_desccredit`,`store_servicecredit`,`store_deliverycredit`,`store_collect`,`store_slide`,`store_slide_url`,`store_stamp`,`store_printdesc`,`store_sales`,`store_presales`,`store_aftersales`,`store_workingtime`,`store_free_price`,`store_decoration_switch`,`store_decoration_only`,`store_decoration_image_count`,`live_store_name`,`live_store_address`,`live_store_tel`,`live_store_bus`,`is_own_shop`,`bind_all_gc`,`store_vrcode_prefix`,`store_baozh`,`store_baozhopen`,`store_baozhrmb`,`store_qtian`,`store_zhping`,`store_erxiaoshi`,`store_tuihuo`,`store_shiyong`,`store_shiti`,`store_xiaoxie`,`store_huodaofk`,`store_free_time`,`mb_title_img`,`mb_sliders`,`deliver_region`,`serviceid`,`store_amount`) VALUES('14','河北赢在仁间','1','190','河南赢在仁间','河南赢在仁间','3','河北赢在仁间','0','河北 石家庄市 桥东区','科技市场电子大厦二楼','','1',NULL,'0','1478507537','1541606400',NULL,NULL,NULL,'','',NULL,NULL,NULL,NULL,NULL,NULL,'0','default','0','0','0','0','0',NULL,NULL,NULL,NULL,'0',NULL,NULL,NULL,'0.00','0','0','0',NULL,NULL,NULL,NULL,'0','0',NULL,NULL,NULL,'零',NULL,NULL,NULL,NULL,NULL,NULL,NULL,NULL,NULL,NULL,NULL,NULL,'147505499718511','0');
INSERT INTO `zmkj_store` (`store_id`,`store_name`,`grade_id`,`member_id`,`member_name`,`seller_name`,`sc_id`,`store_company_name`,`province_id`,`area_info`,`store_address`,`store_zip`,`store_state`,`store_close_info`,`store_sort`,`store_time`,`store_end_time`,`store_label`,`store_banner`,`store_avatar`,`store_keywords`,`store_description`,`store_qq`,`store_ww`,`store_phone`,`store_zy`,`store_domain`,`store_domain_times`,`store_recommend`,`store_theme`,`store_credit`,`store_desccredit`,`store_servicecredit`,`store_deliverycredit`,`store_collect`,`store_slide`,`store_slide_url`,`store_stamp`,`store_printdesc`,`store_sales`,`store_presales`,`store_aftersales`,`store_workingtime`,`store_free_price`,`store_decoration_switch`,`store_decoration_only`,`store_decoration_image_count`,`live_store_name`,`live_store_address`,`live_store_tel`,`live_store_bus`,`is_own_shop`,`bind_all_gc`,`store_vrcode_prefix`,`store_baozh`,`store_baozhopen`,`store_baozhrmb`,`store_qtian`,`store_zhping`,`store_erxiaoshi`,`store_tuihuo`,`store_shiyong`,`store_shiti`,`store_xiaoxie`,`store_huodaofk`,`store_free_time`,`mb_title_img`,`mb_sliders`,`deliver_region`,`serviceid`,`store_amount`) VALUES('15','廊坊市世博办公商行','1','192','世博办公','世博办公','3','廊坊世博办公设备商行','0','河北 廊坊市 广阳区','科技市场电子大厦2F-A201号','','1',NULL,'0','1478575260','1510156800',NULL,NULL,NULL,'','',NULL,NULL,NULL,NULL,NULL,NULL,'0','default','0','0','0','0','0',NULL,NULL,NULL,NULL,'0',NULL,NULL,NULL,'0.00','0','0','0',NULL,NULL,NULL,NULL,'0','0',NULL,NULL,NULL,'零',NULL,NULL,NULL,NULL,NULL,NULL,NULL,NULL,NULL,NULL,NULL,NULL,'147505499781511','0');
INSERT INTO `zmkj_store` (`store_id`,`store_name`,`grade_id`,`member_id`,`member_name`,`seller_name`,`sc_id`,`store_company_name`,`province_id`,`area_info`,`store_address`,`store_zip`,`store_state`,`store_close_info`,`store_sort`,`store_time`,`store_end_time`,`store_label`,`store_banner`,`store_avatar`,`store_keywords`,`store_description`,`store_qq`,`store_ww`,`store_phone`,`store_zy`,`store_domain`,`store_domain_times`,`store_recommend`,`store_theme`,`store_credit`,`store_desccredit`,`store_servicecredit`,`store_deliverycredit`,`store_collect`,`store_slide`,`store_slide_url`,`store_stamp`,`store_printdesc`,`store_sales`,`store_presales`,`store_aftersales`,`store_workingtime`,`store_free_price`,`store_decoration_switch`,`store_decoration_only`,`store_decoration_image_count`,`live_store_name`,`live_store_address`,`live_store_tel`,`live_store_bus`,`is_own_shop`,`bind_all_gc`,`store_vrcode_prefix`,`store_baozh`,`store_baozhopen`,`store_baozhrmb`,`store_qtian`,`store_zhping`,`store_erxiaoshi`,`store_tuihuo`,`store_shiyong`,`store_shiti`,`store_xiaoxie`,`store_huodaofk`,`store_free_time`,`mb_title_img`,`mb_sliders`,`deliver_region`,`serviceid`,`store_amount`) VALUES('16','荣派商贸','1','193','荣派办公','河南荣派商贸有限公司','10','河北荣派商贸有限公司','0','河北 石家庄市 元氏县','科技市场百脑汇4楼4G11','','1',NULL,'0','1478577021','1541779199',NULL,NULL,NULL,'荣派','本公司主做打印机、复印机、耗材，提供上门维修。','453713026','相濡以沫','0371-55209918','打印机、复印机、投影机、考勤机',NULL,NULL,'0','style1','0','0','0','0','0',NULL,NULL,NULL,NULL,'0',NULL,NULL,NULL,'0.00','0','0','0',NULL,NULL,NULL,NULL,'0','0',NULL,NULL,NULL,'零',NULL,NULL,NULL,NULL,NULL,NULL,NULL,NULL,NULL,NULL,NULL,NULL,'123','0');
INSERT INTO `zmkj_store` (`store_id`,`store_name`,`grade_id`,`member_id`,`member_name`,`seller_name`,`sc_id`,`store_company_name`,`province_id`,`area_info`,`store_address`,`store_zip`,`store_state`,`store_close_info`,`store_sort`,`store_time`,`store_end_time`,`store_label`,`store_banner`,`store_avatar`,`store_keywords`,`store_description`,`store_qq`,`store_ww`,`store_phone`,`store_zy`,`store_domain`,`store_domain_times`,`store_recommend`,`store_theme`,`store_credit`,`store_desccredit`,`store_servicecredit`,`store_deliverycredit`,`store_collect`,`store_slide`,`store_slide_url`,`store_stamp`,`store_printdesc`,`store_sales`,`store_presales`,`store_aftersales`,`store_workingtime`,`store_free_price`,`store_decoration_switch`,`store_decoration_only`,`store_decoration_image_count`,`live_store_name`,`live_store_address`,`live_store_tel`,`live_store_bus`,`is_own_shop`,`bind_all_gc`,`store_vrcode_prefix`,`store_baozh`,`store_baozhopen`,`store_baozhrmb`,`store_qtian`,`store_zhping`,`store_erxiaoshi`,`store_tuihuo`,`store_shiyong`,`store_shiti`,`store_xiaoxie`,`store_huodaofk`,`store_free_time`,`mb_title_img`,`mb_sliders`,`deliver_region`,`serviceid`,`store_amount`) VALUES('17','秦皇岛和创科技有限公司','1','196','和创科技','和创科技','3','秦皇岛和创科技有限公司','0','河北 秦皇岛市 海港区','科技市场电子大厦一楼B区103室','','1',NULL,'0','1478593560','1510156800',NULL,NULL,NULL,'','',NULL,NULL,NULL,NULL,NULL,NULL,'0','default','0','0','0','0','0',NULL,NULL,NULL,NULL,'0',NULL,NULL,NULL,'0.00','0','0','0',NULL,NULL,NULL,NULL,'0','0',NULL,NULL,NULL,'零',NULL,NULL,NULL,NULL,NULL,NULL,NULL,NULL,NULL,NULL,NULL,NULL,'147505499781511','0');
INSERT INTO `zmkj_store` (`store_id`,`store_name`,`grade_id`,`member_id`,`member_name`,`seller_name`,`sc_id`,`store_company_name`,`province_id`,`area_info`,`store_address`,`store_zip`,`store_state`,`store_close_info`,`store_sort`,`store_time`,`store_end_time`,`store_label`,`store_banner`,`store_avatar`,`store_keywords`,`store_description`,`store_qq`,`store_ww`,`store_phone`,`store_zy`,`store_domain`,`store_domain_times`,`store_recommend`,`store_theme`,`store_credit`,`store_desccredit`,`store_servicecredit`,`store_deliverycredit`,`store_collect`,`store_slide`,`store_slide_url`,`store_stamp`,`store_printdesc`,`store_sales`,`store_presales`,`store_aftersales`,`store_workingtime`,`store_free_price`,`store_decoration_switch`,`store_decoration_only`,`store_decoration_image_count`,`live_store_name`,`live_store_address`,`live_store_tel`,`live_store_bus`,`is_own_shop`,`bind_all_gc`,`store_vrcode_prefix`,`store_baozh`,`store_baozhopen`,`store_baozhrmb`,`store_qtian`,`store_zhping`,`store_erxiaoshi`,`store_tuihuo`,`store_shiyong`,`store_shiti`,`store_xiaoxie`,`store_huodaofk`,`store_free_time`,`mb_title_img`,`mb_sliders`,`deliver_region`,`serviceid`,`store_amount`) VALUES('18','石家庄金邻办公设备经营部','1','197','金邻电子','金邻办公','3','石家庄市金水区金邻办公设备经营部','0','河北 石家庄市 裕华区','科技市场电子大厦二楼C区205东侧','','1',NULL,'0','1478594572','1510156800',NULL,NULL,NULL,'','',NULL,NULL,NULL,NULL,NULL,NULL,'0','default','0','0','0','0','0',NULL,NULL,NULL,NULL,'0',NULL,NULL,NULL,'0.00','0','0','0',NULL,NULL,NULL,NULL,'0','0',NULL,NULL,NULL,'零',NULL,NULL,NULL,NULL,NULL,NULL,NULL,NULL,NULL,NULL,NULL,NULL,'147505499781511','0');
INSERT INTO `zmkj_store` (`store_id`,`store_name`,`grade_id`,`member_id`,`member_name`,`seller_name`,`sc_id`,`store_company_name`,`province_id`,`area_info`,`store_address`,`store_zip`,`store_state`,`store_close_info`,`store_sort`,`store_time`,`store_end_time`,`store_label`,`store_banner`,`store_avatar`,`store_keywords`,`store_description`,`store_qq`,`store_ww`,`store_phone`,`store_zy`,`store_domain`,`store_domain_times`,`store_recommend`,`store_theme`,`store_credit`,`store_desccredit`,`store_servicecredit`,`store_deliverycredit`,`store_collect`,`store_slide`,`store_slide_url`,`store_stamp`,`store_printdesc`,`store_sales`,`store_presales`,`store_aftersales`,`store_workingtime`,`store_free_price`,`store_decoration_switch`,`store_decoration_only`,`store_decoration_image_count`,`live_store_name`,`live_store_address`,`live_store_tel`,`live_store_bus`,`is_own_shop`,`bind_all_gc`,`store_vrcode_prefix`,`store_baozh`,`store_baozhopen`,`store_baozhrmb`,`store_qtian`,`store_zhping`,`store_erxiaoshi`,`store_tuihuo`,`store_shiyong`,`store_shiti`,`store_xiaoxie`,`store_huodaofk`,`store_free_time`,`mb_title_img`,`mb_sliders`,`deliver_region`,`serviceid`,`store_amount`) VALUES('19','河北敏锐安防科技有限公司','1','198','敏锐科技','敏锐科技','3','石家庄市金水区敏锐光电电子产品经营部','0','河北 石家庄市 桥东区','东风路太平洋专业安防市场2A81/82/83号','','1',NULL,'0','1478673531','1510243200',NULL,NULL,NULL,'','',NULL,NULL,NULL,NULL,NULL,NULL,'0','default','0','0','0','0','0',NULL,NULL,NULL,NULL,'0',NULL,NULL,NULL,'0.00','0','0','0',NULL,NULL,NULL,NULL,'0','0',NULL,NULL,NULL,'零',NULL,NULL,NULL,NULL,NULL,NULL,NULL,NULL,NULL,NULL,NULL,NULL,'147505499781511','0');
INSERT INTO `zmkj_store` (`store_id`,`store_name`,`grade_id`,`member_id`,`member_name`,`seller_name`,`sc_id`,`store_company_name`,`province_id`,`area_info`,`store_address`,`store_zip`,`store_state`,`store_close_info`,`store_sort`,`store_time`,`store_end_time`,`store_label`,`store_banner`,`store_avatar`,`store_keywords`,`store_description`,`store_qq`,`store_ww`,`store_phone`,`store_zy`,`store_domain`,`store_domain_times`,`store_recommend`,`store_theme`,`store_credit`,`store_desccredit`,`store_servicecredit`,`store_deliverycredit`,`store_collect`,`store_slide`,`store_slide_url`,`store_stamp`,`store_printdesc`,`store_sales`,`store_presales`,`store_aftersales`,`store_workingtime`,`store_free_price`,`store_decoration_switch`,`store_decoration_only`,`store_decoration_image_count`,`live_store_name`,`live_store_address`,`live_store_tel`,`live_store_bus`,`is_own_shop`,`bind_all_gc`,`store_vrcode_prefix`,`store_baozh`,`store_baozhopen`,`store_baozhrmb`,`store_qtian`,`store_zhping`,`store_erxiaoshi`,`store_tuihuo`,`store_shiyong`,`store_shiti`,`store_xiaoxie`,`store_huodaofk`,`store_free_time`,`mb_title_img`,`mb_sliders`,`deliver_region`,`serviceid`,`store_amount`) VALUES('20','石家庄市太平洋防盗器材经营部','3','202','享太平科技安防','享太平科技安防','3','郑州享太平科技安防','0','河北 石家庄市 裕华区','塔南路106号','','1',NULL,'0','1478762227','1510329600',NULL,NULL,NULL,'','',NULL,NULL,NULL,NULL,NULL,NULL,'0','default','0','0','0','0','0',NULL,NULL,NULL,NULL,'0',NULL,NULL,NULL,'0.00','0','0','0',NULL,NULL,NULL,NULL,'0','0',NULL,NULL,NULL,'零',NULL,NULL,NULL,NULL,NULL,NULL,NULL,NULL,NULL,NULL,NULL,NULL,'147505499781511','0');
INSERT INTO `zmkj_store` (`store_id`,`store_name`,`grade_id`,`member_id`,`member_name`,`seller_name`,`sc_id`,`store_company_name`,`province_id`,`area_info`,`store_address`,`store_zip`,`store_state`,`store_close_info`,`store_sort`,`store_time`,`store_end_time`,`store_label`,`store_banner`,`store_avatar`,`store_keywords`,`store_description`,`store_qq`,`store_ww`,`store_phone`,`store_zy`,`store_domain`,`store_domain_times`,`store_recommend`,`store_theme`,`store_credit`,`store_desccredit`,`store_servicecredit`,`store_deliverycredit`,`store_collect`,`store_slide`,`store_slide_url`,`store_stamp`,`store_printdesc`,`store_sales`,`store_presales`,`store_aftersales`,`store_workingtime`,`store_free_price`,`store_decoration_switch`,`store_decoration_only`,`store_decoration_image_count`,`live_store_name`,`live_store_address`,`live_store_tel`,`live_store_bus`,`is_own_shop`,`bind_all_gc`,`store_vrcode_prefix`,`store_baozh`,`store_baozhopen`,`store_baozhrmb`,`store_qtian`,`store_zhping`,`store_erxiaoshi`,`store_tuihuo`,`store_shiyong`,`store_shiti`,`store_xiaoxie`,`store_huodaofk`,`store_free_time`,`mb_title_img`,`mb_sliders`,`deliver_region`,`serviceid`,`store_amount`) VALUES('21','康龙对讲机','3','206','康龙对讲机','康龙对讲机','3','康龙对讲机','0','河北 石家庄市 新华区','太和电子城','','1',NULL,'0','1478826468','1542038399',NULL,NULL,NULL,'','',NULL,NULL,NULL,NULL,NULL,NULL,'0','default','0','0','0','0','0',NULL,NULL,NULL,NULL,'0',NULL,NULL,NULL,'0.00','0','0','0',NULL,NULL,NULL,NULL,'0','0',NULL,NULL,NULL,'零',NULL,NULL,NULL,NULL,NULL,NULL,NULL,NULL,NULL,NULL,NULL,NULL,'KEFU147505499781511','0');
INSERT INTO `zmkj_store` (`store_id`,`store_name`,`grade_id`,`member_id`,`member_name`,`seller_name`,`sc_id`,`store_company_name`,`province_id`,`area_info`,`store_address`,`store_zip`,`store_state`,`store_close_info`,`store_sort`,`store_time`,`store_end_time`,`store_label`,`store_banner`,`store_avatar`,`store_keywords`,`store_description`,`store_qq`,`store_ww`,`store_phone`,`store_zy`,`store_domain`,`store_domain_times`,`store_recommend`,`store_theme`,`store_credit`,`store_desccredit`,`store_servicecredit`,`store_deliverycredit`,`store_collect`,`store_slide`,`store_slide_url`,`store_stamp`,`store_printdesc`,`store_sales`,`store_presales`,`store_aftersales`,`store_workingtime`,`store_free_price`,`store_decoration_switch`,`store_decoration_only`,`store_decoration_image_count`,`live_store_name`,`live_store_address`,`live_store_tel`,`live_store_bus`,`is_own_shop`,`bind_all_gc`,`store_vrcode_prefix`,`store_baozh`,`store_baozhopen`,`store_baozhrmb`,`store_qtian`,`store_zhping`,`store_erxiaoshi`,`store_tuihuo`,`store_shiyong`,`store_shiti`,`store_xiaoxie`,`store_huodaofk`,`store_free_time`,`mb_title_img`,`mb_sliders`,`deliver_region`,`serviceid`,`store_amount`) VALUES('22','宏冠电子','3','209','宏冠电子','宏冠电子','3','宏冠电子','0','河北 石家庄市 桥东区','东风路太平洋安防市场二层2A65号','','1',NULL,'0','1479027377','1542211199',NULL,NULL,NULL,'','',NULL,NULL,NULL,NULL,NULL,NULL,'0','default','0','0','0','0','0',NULL,NULL,NULL,NULL,'0',NULL,NULL,NULL,'0.00','0','0','0',NULL,NULL,NULL,NULL,'0','0',NULL,NULL,NULL,'零',NULL,NULL,NULL,NULL,NULL,NULL,NULL,NULL,NULL,NULL,NULL,NULL,'147505499781511','0');
INSERT INTO `zmkj_store` (`store_id`,`store_name`,`grade_id`,`member_id`,`member_name`,`seller_name`,`sc_id`,`store_company_name`,`province_id`,`area_info`,`store_address`,`store_zip`,`store_state`,`store_close_info`,`store_sort`,`store_time`,`store_end_time`,`store_label`,`store_banner`,`store_avatar`,`store_keywords`,`store_description`,`store_qq`,`store_ww`,`store_phone`,`store_zy`,`store_domain`,`store_domain_times`,`store_recommend`,`store_theme`,`store_credit`,`store_desccredit`,`store_servicecredit`,`store_deliverycredit`,`store_collect`,`store_slide`,`store_slide_url`,`store_stamp`,`store_printdesc`,`store_sales`,`store_presales`,`store_aftersales`,`store_workingtime`,`store_free_price`,`store_decoration_switch`,`store_decoration_only`,`store_decoration_image_count`,`live_store_name`,`live_store_address`,`live_store_tel`,`live_store_bus`,`is_own_shop`,`bind_all_gc`,`store_vrcode_prefix`,`store_baozh`,`store_baozhopen`,`store_baozhrmb`,`store_qtian`,`store_zhping`,`store_erxiaoshi`,`store_tuihuo`,`store_shiyong`,`store_shiti`,`store_xiaoxie`,`store_huodaofk`,`store_free_time`,`mb_title_img`,`mb_sliders`,`deliver_region`,`serviceid`,`store_amount`) VALUES('23','创伟办公','1','213','创伟办公','123456','5','石家庄市管城区荣青办公用品商行','0','河北 石家庄市 新华区','新凯路106号','','1',NULL,'0','1479260209','1510934399',NULL,NULL,NULL,'','',NULL,NULL,NULL,NULL,NULL,NULL,'0','default','0','0','0','0','0',NULL,NULL,NULL,NULL,'0',NULL,NULL,NULL,'0.00','9','1','0',NULL,NULL,NULL,NULL,'0','0',NULL,NULL,NULL,'零',NULL,NULL,NULL,NULL,NULL,NULL,NULL,NULL,NULL,NULL,NULL,NULL,'123','0');
INSERT INTO `zmkj_store` (`store_id`,`store_name`,`grade_id`,`member_id`,`member_name`,`seller_name`,`sc_id`,`store_company_name`,`province_id`,`area_info`,`store_address`,`store_zip`,`store_state`,`store_close_info`,`store_sort`,`store_time`,`store_end_time`,`store_label`,`store_banner`,`store_avatar`,`store_keywords`,`store_description`,`store_qq`,`store_ww`,`store_phone`,`store_zy`,`store_domain`,`store_domain_times`,`store_recommend`,`store_theme`,`store_credit`,`store_desccredit`,`store_servicecredit`,`store_deliverycredit`,`store_collect`,`store_slide`,`store_slide_url`,`store_stamp`,`store_printdesc`,`store_sales`,`store_presales`,`store_aftersales`,`store_workingtime`,`store_free_price`,`store_decoration_switch`,`store_decoration_only`,`store_decoration_image_count`,`live_store_name`,`live_store_address`,`live_store_tel`,`live_store_bus`,`is_own_shop`,`bind_all_gc`,`store_vrcode_prefix`,`store_baozh`,`store_baozhopen`,`store_baozhrmb`,`store_qtian`,`store_zhping`,`store_erxiaoshi`,`store_tuihuo`,`store_shiyong`,`store_shiti`,`store_xiaoxie`,`store_huodaofk`,`store_free_time`,`mb_title_img`,`mb_sliders`,`deliver_region`,`serviceid`,`store_amount`) VALUES('24','河北慧恒电子产品有限公司','1','215','慧恒电子','慧恒电子','3','石家庄慧恒电子产品有限公司','0','河北 石家庄市 桥东区','文化路科技市场Z区Z2-102','','1',NULL,'0','1479276440','1510848000',NULL,NULL,NULL,'','',NULL,NULL,NULL,NULL,NULL,NULL,'0','default','0','0','0','0','0',NULL,NULL,NULL,NULL,'0',NULL,NULL,NULL,'0.00','0','0','0',NULL,NULL,NULL,NULL,'0','0',NULL,NULL,NULL,'零',NULL,NULL,NULL,NULL,NULL,NULL,NULL,NULL,NULL,NULL,NULL,NULL,'147505499781511','0');
INSERT INTO `zmkj_store` (`store_id`,`store_name`,`grade_id`,`member_id`,`member_name`,`seller_name`,`sc_id`,`store_company_name`,`province_id`,`area_info`,`store_address`,`store_zip`,`store_state`,`store_close_info`,`store_sort`,`store_time`,`store_end_time`,`store_label`,`store_banner`,`store_avatar`,`store_keywords`,`store_description`,`store_qq`,`store_ww`,`store_phone`,`store_zy`,`store_domain`,`store_domain_times`,`store_recommend`,`store_theme`,`store_credit`,`store_desccredit`,`store_servicecredit`,`store_deliverycredit`,`store_collect`,`store_slide`,`store_slide_url`,`store_stamp`,`store_printdesc`,`store_sales`,`store_presales`,`store_aftersales`,`store_workingtime`,`store_free_price`,`store_decoration_switch`,`store_decoration_only`,`store_decoration_image_count`,`live_store_name`,`live_store_address`,`live_store_tel`,`live_store_bus`,`is_own_shop`,`bind_all_gc`,`store_vrcode_prefix`,`store_baozh`,`store_baozhopen`,`store_baozhrmb`,`store_qtian`,`store_zhping`,`store_erxiaoshi`,`store_tuihuo`,`store_shiyong`,`store_shiti`,`store_xiaoxie`,`store_huodaofk`,`store_free_time`,`mb_title_img`,`mb_sliders`,`deliver_region`,`serviceid`,`store_amount`) VALUES('25','石家庄慧景电子科技有限公司','1','216','慧景电子','慧景电子','3','石家庄慧景电子科技有限公司','0','河北 石家庄市 新华区','文化路68号科技市场D2-104','','1',NULL,'0','1479279952','1510848000',NULL,NULL,NULL,'','',NULL,NULL,NULL,NULL,NULL,NULL,'0','default','0','0','0','0','0',NULL,NULL,NULL,NULL,'0',NULL,NULL,NULL,'0.00','0','0','0',NULL,NULL,NULL,NULL,'0','0',NULL,NULL,NULL,'零',NULL,NULL,NULL,NULL,NULL,NULL,NULL,NULL,NULL,NULL,NULL,NULL,'147505499781511','0');
INSERT INTO `zmkj_store` (`store_id`,`store_name`,`grade_id`,`member_id`,`member_name`,`seller_name`,`sc_id`,`store_company_name`,`province_id`,`area_info`,`store_address`,`store_zip`,`store_state`,`store_close_info`,`store_sort`,`store_time`,`store_end_time`,`store_label`,`store_banner`,`store_avatar`,`store_keywords`,`store_description`,`store_qq`,`store_ww`,`store_phone`,`store_zy`,`store_domain`,`store_domain_times`,`store_recommend`,`store_theme`,`store_credit`,`store_desccredit`,`store_servicecredit`,`store_deliverycredit`,`store_collect`,`store_slide`,`store_slide_url`,`store_stamp`,`store_printdesc`,`store_sales`,`store_presales`,`store_aftersales`,`store_workingtime`,`store_free_price`,`store_decoration_switch`,`store_decoration_only`,`store_decoration_image_count`,`live_store_name`,`live_store_address`,`live_store_tel`,`live_store_bus`,`is_own_shop`,`bind_all_gc`,`store_vrcode_prefix`,`store_baozh`,`store_baozhopen`,`store_baozhrmb`,`store_qtian`,`store_zhping`,`store_erxiaoshi`,`store_tuihuo`,`store_shiyong`,`store_shiti`,`store_xiaoxie`,`store_huodaofk`,`store_free_time`,`mb_title_img`,`mb_sliders`,`deliver_region`,`serviceid`,`store_amount`) VALUES('26','石家庄鑫洋科技','3','217','郑州鑫洋科技','投影机批发','3','石家庄鑫洋科技电子有限公司','0','河北 石家庄市 新华区','太和电子城','','1',NULL,'0','1479288891','1542384000',NULL,NULL,NULL,'','',NULL,NULL,NULL,NULL,NULL,NULL,'0','default','0','0','0','0','0',NULL,NULL,NULL,NULL,'0',NULL,NULL,NULL,'0.00','0','0','0',NULL,NULL,NULL,NULL,'0','0',NULL,NULL,NULL,'零',NULL,NULL,NULL,NULL,NULL,NULL,NULL,NULL,NULL,NULL,NULL,NULL,'147505499781511','0');
INSERT INTO `zmkj_store` (`store_id`,`store_name`,`grade_id`,`member_id`,`member_name`,`seller_name`,`sc_id`,`store_company_name`,`province_id`,`area_info`,`store_address`,`store_zip`,`store_state`,`store_close_info`,`store_sort`,`store_time`,`store_end_time`,`store_label`,`store_banner`,`store_avatar`,`store_keywords`,`store_description`,`store_qq`,`store_ww`,`store_phone`,`store_zy`,`store_domain`,`store_domain_times`,`store_recommend`,`store_theme`,`store_credit`,`store_desccredit`,`store_servicecredit`,`store_deliverycredit`,`store_collect`,`store_slide`,`store_slide_url`,`store_stamp`,`store_printdesc`,`store_sales`,`store_presales`,`store_aftersales`,`store_workingtime`,`store_free_price`,`store_decoration_switch`,`store_decoration_only`,`store_decoration_image_count`,`live_store_name`,`live_store_address`,`live_store_tel`,`live_store_bus`,`is_own_shop`,`bind_all_gc`,`store_vrcode_prefix`,`store_baozh`,`store_baozhopen`,`store_baozhrmb`,`store_qtian`,`store_zhping`,`store_erxiaoshi`,`store_tuihuo`,`store_shiyong`,`store_shiti`,`store_xiaoxie`,`store_huodaofk`,`store_free_time`,`mb_title_img`,`mb_sliders`,`deliver_region`,`serviceid`,`store_amount`) VALUES('29','邢台蓝捷电子产品有限公司','1','236','蓝捷电子','蓝捷电子','3','河南省恩友商贸有限公司','0','河南 郑州市 金水区','文化路68号科技市场B2楼103、203号','','1',NULL,'0','1479452984','1511020800',NULL,NULL,NULL,'','',NULL,NULL,NULL,NULL,NULL,NULL,'0','default','0','0','0','0','0',NULL,NULL,NULL,NULL,'0',NULL,NULL,NULL,'0.00','0','0','0',NULL,NULL,NULL,NULL,'0','0',NULL,NULL,NULL,'零',NULL,NULL,NULL,NULL,NULL,NULL,NULL,NULL,NULL,NULL,NULL,NULL,'147505499781511','0');
INSERT INTO `zmkj_store` (`store_id`,`store_name`,`grade_id`,`member_id`,`member_name`,`seller_name`,`sc_id`,`store_company_name`,`province_id`,`area_info`,`store_address`,`store_zip`,`store_state`,`store_close_info`,`store_sort`,`store_time`,`store_end_time`,`store_label`,`store_banner`,`store_avatar`,`store_keywords`,`store_description`,`store_qq`,`store_ww`,`store_phone`,`store_zy`,`store_domain`,`store_domain_times`,`store_recommend`,`store_theme`,`store_credit`,`store_desccredit`,`store_servicecredit`,`store_deliverycredit`,`store_collect`,`store_slide`,`store_slide_url`,`store_stamp`,`store_printdesc`,`store_sales`,`store_presales`,`store_aftersales`,`store_workingtime`,`store_free_price`,`store_decoration_switch`,`store_decoration_only`,`store_decoration_image_count`,`live_store_name`,`live_store_address`,`live_store_tel`,`live_store_bus`,`is_own_shop`,`bind_all_gc`,`store_vrcode_prefix`,`store_baozh`,`store_baozhopen`,`store_baozhrmb`,`store_qtian`,`store_zhping`,`store_erxiaoshi`,`store_tuihuo`,`store_shiyong`,`store_shiti`,`store_xiaoxie`,`store_huodaofk`,`store_free_time`,`mb_title_img`,`mb_sliders`,`deliver_region`,`serviceid`,`store_amount`) VALUES('41','正则电子商行','3','253','zhengze','zhengze','3','正则电子商行','0','河北 石家庄市 新华区','太和电子城B302','','1',NULL,'0','1515684624','1547308799',NULL,NULL,NULL,'','',NULL,NULL,NULL,NULL,NULL,NULL,'0','default','0','0','0','0','0',NULL,NULL,NULL,NULL,'0',NULL,NULL,NULL,'0.00','0','0','0',NULL,NULL,NULL,NULL,'0','0',NULL,NULL,NULL,'零',NULL,NULL,NULL,NULL,NULL,NULL,NULL,NULL,NULL,NULL,NULL,NULL,'13886268888','0');
INSERT INTO `zmkj_store` (`store_id`,`store_name`,`grade_id`,`member_id`,`member_name`,`seller_name`,`sc_id`,`store_company_name`,`province_id`,`area_info`,`store_address`,`store_zip`,`store_state`,`store_close_info`,`store_sort`,`store_time`,`store_end_time`,`store_label`,`store_banner`,`store_avatar`,`store_keywords`,`store_description`,`store_qq`,`store_ww`,`store_phone`,`store_zy`,`store_domain`,`store_domain_times`,`store_recommend`,`store_theme`,`store_credit`,`store_desccredit`,`store_servicecredit`,`store_deliverycredit`,`store_collect`,`store_slide`,`store_slide_url`,`store_stamp`,`store_printdesc`,`store_sales`,`store_presales`,`store_aftersales`,`store_workingtime`,`store_free_price`,`store_decoration_switch`,`store_decoration_only`,`store_decoration_image_count`,`live_store_name`,`live_store_address`,`live_store_tel`,`live_store_bus`,`is_own_shop`,`bind_all_gc`,`store_vrcode_prefix`,`store_baozh`,`store_baozhopen`,`store_baozhrmb`,`store_qtian`,`store_zhping`,`store_erxiaoshi`,`store_tuihuo`,`store_shiyong`,`store_shiti`,`store_xiaoxie`,`store_huodaofk`,`store_free_time`,`mb_title_img`,`mb_sliders`,`deliver_region`,`serviceid`,`store_amount`) VALUES('42','石家庄点对点商贸有限公司','1','255','点对点商贸','点对点商贸','3','石家庄点对点商贸有限公司','0','河北 石家庄市 桥西区','河北省石家庄市桥西区振二街南苑2-2-103','','1',NULL,'0','1516000722','1579190399',NULL,NULL,NULL,'','',NULL,NULL,NULL,NULL,NULL,NULL,'0','default','0','0','0','0','0',NULL,NULL,NULL,NULL,'0',NULL,NULL,NULL,'0.00','0','0','0',NULL,NULL,NULL,NULL,'0','0',NULL,NULL,NULL,'零',NULL,NULL,NULL,NULL,NULL,NULL,NULL,NULL,NULL,NULL,NULL,NULL,'459785615','0');
INSERT INTO `zmkj_store` (`store_id`,`store_name`,`grade_id`,`member_id`,`member_name`,`seller_name`,`sc_id`,`store_company_name`,`province_id`,`area_info`,`store_address`,`store_zip`,`store_state`,`store_close_info`,`store_sort`,`store_time`,`store_end_time`,`store_label`,`store_banner`,`store_avatar`,`store_keywords`,`store_description`,`store_qq`,`store_ww`,`store_phone`,`store_zy`,`store_domain`,`store_domain_times`,`store_recommend`,`store_theme`,`store_credit`,`store_desccredit`,`store_servicecredit`,`store_deliverycredit`,`store_collect`,`store_slide`,`store_slide_url`,`store_stamp`,`store_printdesc`,`store_sales`,`store_presales`,`store_aftersales`,`store_workingtime`,`store_free_price`,`store_decoration_switch`,`store_decoration_only`,`store_decoration_image_count`,`live_store_name`,`live_store_address`,`live_store_tel`,`live_store_bus`,`is_own_shop`,`bind_all_gc`,`store_vrcode_prefix`,`store_baozh`,`store_baozhopen`,`store_baozhrmb`,`store_qtian`,`store_zhping`,`store_erxiaoshi`,`store_tuihuo`,`store_shiyong`,`store_shiti`,`store_xiaoxie`,`store_huodaofk`,`store_free_time`,`mb_title_img`,`mb_sliders`,`deliver_region`,`serviceid`,`store_amount`) VALUES('38','任我行电脑旗舰店','3','246','test321','renwoxing','3','任我行电子商铺','0','河北 石家庄市 桥东区','红旗大街88号','','1',NULL,'0','1515476420','1547135999',NULL,NULL,NULL,'','',NULL,NULL,NULL,NULL,NULL,NULL,'0','default','0','0','0','0','0',NULL,NULL,NULL,NULL,'0',NULL,NULL,NULL,'0.00','0','0','0',NULL,NULL,NULL,NULL,'0','0',NULL,NULL,NULL,'零',NULL,NULL,NULL,NULL,NULL,NULL,NULL,NULL,NULL,NULL,NULL,NULL,'12345','0');
INSERT INTO `zmkj_store_bind_class` (`bid`,`store_id`,`commis_rate`,`class_1`,`class_2`,`class_3`,`state`) VALUES('1','1',NULL,NULL,NULL,NULL,'1');
INSERT INTO `zmkj_store_bind_class` (`bid`,`store_id`,`commis_rate`,`class_1`,`class_2`,`class_3`,`state`) VALUES('23','7',NULL,NULL,NULL,NULL,'1');
INSERT INTO `zmkj_store_bind_class` (`bid`,`store_id`,`commis_rate`,`class_1`,`class_2`,`class_3`,`state`) VALUES('26','9','5','308','1071','1074','1');
INSERT INTO `zmkj_store_bind_class` (`bid`,`store_id`,`commis_rate`,`class_1`,`class_2`,`class_3`,`state`) VALUES('46','10','5','308','1071','1074','1');
INSERT INTO `zmkj_store_bind_class` (`bid`,`store_id`,`commis_rate`,`class_1`,`class_2`,`class_3`,`state`) VALUES('70','9','5','308','1071','1072','1');
INSERT INTO `zmkj_store_bind_class` (`bid`,`store_id`,`commis_rate`,`class_1`,`class_2`,`class_3`,`state`) VALUES('71','9','5','308','1071','1083','1');
INSERT INTO `zmkj_store_bind_class` (`bid`,`store_id`,`commis_rate`,`class_1`,`class_2`,`class_3`,`state`) VALUES('72','9','5','308','1071','1084','1');
INSERT INTO `zmkj_store_bind_class` (`bid`,`store_id`,`commis_rate`,`class_1`,`class_2`,`class_3`,`state`) VALUES('78','10','5','470',NULL,NULL,'1');
INSERT INTO `zmkj_store_bind_class` (`bid`,`store_id`,`commis_rate`,`class_1`,`class_2`,`class_3`,`state`) VALUES('282','38','5','1124','1200','1201','1');
INSERT INTO `zmkj_store_bind_class` (`bid`,`store_id`,`commis_rate`,`class_1`,`class_2`,`class_3`,`state`) VALUES('82','10','5','308','1071','1083','1');
INSERT INTO `zmkj_store_bind_class` (`bid`,`store_id`,`commis_rate`,`class_1`,`class_2`,`class_3`,`state`) VALUES('83','10','5','308','1071','1084','1');
INSERT INTO `zmkj_store_bind_class` (`bid`,`store_id`,`commis_rate`,`class_1`,`class_2`,`class_3`,`state`) VALUES('101','10','5','308','1071','1081','1');
INSERT INTO `zmkj_store_bind_class` (`bid`,`store_id`,`commis_rate`,`class_1`,`class_2`,`class_3`,`state`) VALUES('102','10','5','308','1071','1072','1');
INSERT INTO `zmkj_store_bind_class` (`bid`,`store_id`,`commis_rate`,`class_1`,`class_2`,`class_3`,`state`) VALUES('103','10','5','308','1071','1074','1');
INSERT INTO `zmkj_store_bind_class` (`bid`,`store_id`,`commis_rate`,`class_1`,`class_2`,`class_3`,`state`) VALUES('104','10','5','308','1071','1073','1');
INSERT INTO `zmkj_store_bind_class` (`bid`,`store_id`,`commis_rate`,`class_1`,`class_2`,`class_3`,`state`) VALUES('105','10','5','308','1071','1079','1');
INSERT INTO `zmkj_store_bind_class` (`bid`,`store_id`,`commis_rate`,`class_1`,`class_2`,`class_3`,`state`) VALUES('106','10','5','308','1071','1086','1');
INSERT INTO `zmkj_store_bind_class` (`bid`,`store_id`,`commis_rate`,`class_1`,`class_2`,`class_3`,`state`) VALUES('110','10','5','308','1071','1080','1');
INSERT INTO `zmkj_store_bind_class` (`bid`,`store_id`,`commis_rate`,`class_1`,`class_2`,`class_3`,`state`) VALUES('147','23','5',NULL,NULL,NULL,'1');
INSERT INTO `zmkj_store_bind_class` (`bid`,`store_id`,`commis_rate`,`class_1`,`class_2`,`class_3`,`state`) VALUES('166','23','5','308','1071','1072','1');
INSERT INTO `zmkj_store_bind_class` (`bid`,`store_id`,`commis_rate`,`class_1`,`class_2`,`class_3`,`state`) VALUES('167','23','5','308','1071','1073','1');
INSERT INTO `zmkj_store_bind_class` (`bid`,`store_id`,`commis_rate`,`class_1`,`class_2`,`class_3`,`state`) VALUES('168','23','5','308','1071','1074','1');
INSERT INTO `zmkj_store_bind_class` (`bid`,`store_id`,`commis_rate`,`class_1`,`class_2`,`class_3`,`state`) VALUES('169','23','5','308','1071','1075','1');
INSERT INTO `zmkj_store_bind_class` (`bid`,`store_id`,`commis_rate`,`class_1`,`class_2`,`class_3`,`state`) VALUES('170','23','5','308','1071','1076','1');
INSERT INTO `zmkj_store_bind_class` (`bid`,`store_id`,`commis_rate`,`class_1`,`class_2`,`class_3`,`state`) VALUES('171','23','5','308','1071','1077','1');
INSERT INTO `zmkj_store_bind_class` (`bid`,`store_id`,`commis_rate`,`class_1`,`class_2`,`class_3`,`state`) VALUES('172','23','5','308','1071','1078','1');
INSERT INTO `zmkj_store_bind_class` (`bid`,`store_id`,`commis_rate`,`class_1`,`class_2`,`class_3`,`state`) VALUES('173','23','5','308','1071','1079','1');
INSERT INTO `zmkj_store_bind_class` (`bid`,`store_id`,`commis_rate`,`class_1`,`class_2`,`class_3`,`state`) VALUES('174','23','5','308','1071','1080','1');
INSERT INTO `zmkj_store_bind_class` (`bid`,`store_id`,`commis_rate`,`class_1`,`class_2`,`class_3`,`state`) VALUES('175','23','5','308','1071','1081','1');
INSERT INTO `zmkj_store_bind_class` (`bid`,`store_id`,`commis_rate`,`class_1`,`class_2`,`class_3`,`state`) VALUES('176','23','5','308','1071','1082','1');
INSERT INTO `zmkj_store_bind_class` (`bid`,`store_id`,`commis_rate`,`class_1`,`class_2`,`class_3`,`state`) VALUES('177','23','5','308','1071','1083','1');
INSERT INTO `zmkj_store_bind_class` (`bid`,`store_id`,`commis_rate`,`class_1`,`class_2`,`class_3`,`state`) VALUES('178','23','5','308','1071','1084','1');
INSERT INTO `zmkj_store_bind_class` (`bid`,`store_id`,`commis_rate`,`class_1`,`class_2`,`class_3`,`state`) VALUES('179','23','5','308','1071','1085','1');
INSERT INTO `zmkj_store_bind_class` (`bid`,`store_id`,`commis_rate`,`class_1`,`class_2`,`class_3`,`state`) VALUES('180','23','5','308','1071','1086','1');
INSERT INTO `zmkj_store_bind_class` (`bid`,`store_id`,`commis_rate`,`class_1`,`class_2`,`class_3`,`state`) VALUES('290','42','5','3','1311','1312','1');
INSERT INTO `zmkj_store_bind_class` (`bid`,`store_id`,`commis_rate`,`class_1`,`class_2`,`class_3`,`state`) VALUES('289','42','5','1','1063','1286','1');
INSERT INTO `zmkj_store_bind_class` (`bid`,`store_id`,`commis_rate`,`class_1`,`class_2`,`class_3`,`state`) VALUES('288','42','5','2','1278','1279','1');
INSERT INTO `zmkj_store_bind_class` (`bid`,`store_id`,`commis_rate`,`class_1`,`class_2`,`class_3`,`state`) VALUES('287','42','5','1124','1245','1254','1');
INSERT INTO `zmkj_store_bind_class` (`bid`,`store_id`,`commis_rate`,`class_1`,`class_2`,`class_3`,`state`) VALUES('286','42','5','1124','1206','1208','1');
INSERT INTO `zmkj_store_bind_class` (`bid`,`store_id`,`commis_rate`,`class_1`,`class_2`,`class_3`,`state`) VALUES('238','25','5','308','1071','1084','1');
INSERT INTO `zmkj_store_bind_class` (`bid`,`store_id`,`commis_rate`,`class_1`,`class_2`,`class_3`,`state`) VALUES('285','42','5','1124','1241','1242','1');
INSERT INTO `zmkj_store_bind_class` (`bid`,`store_id`,`commis_rate`,`class_1`,`class_2`,`class_3`,`state`) VALUES('284','41','5','1124','1245','1252','1');
INSERT INTO `zmkj_store_bind_class` (`bid`,`store_id`,`commis_rate`,`class_1`,`class_2`,`class_3`,`state`) VALUES('283','40','5','1124','1200','1202','1');
INSERT INTO `zmkj_store_class` (`sc_id`,`sc_name`,`sc_bail`,`sc_sort`) VALUES('3','3C数码','0','2');
INSERT INTO `zmkj_store_class` (`sc_id`,`sc_name`,`sc_bail`,`sc_sort`) VALUES('5','家居用品','0','4');
INSERT INTO `zmkj_store_class` (`sc_id`,`sc_name`,`sc_bail`,`sc_sort`) VALUES('8','文体/汽车','0','7');
INSERT INTO `zmkj_store_class` (`sc_id`,`sc_name`,`sc_bail`,`sc_sort`) VALUES('10','生活/服务','0','10');
INSERT INTO `zmkj_store_class` (`sc_id`,`sc_name`,`sc_bail`,`sc_sort`) VALUES('11','办公设备','100','255');

INSERT INTO `zmkj_store_decoration` (`decoration_id`,`decoration_name`,`store_id`,`decoration_setting`,`decoration_nav`,`decoration_banner`) VALUES('2','默认装修','11',NULL,NULL,NULL);
INSERT INTO `zmkj_store_decoration` (`decoration_id`,`decoration_name`,`store_id`,`decoration_setting`,`decoration_nav`,`decoration_banner`) VALUES('3','默认装修','9',NULL,NULL,NULL);
INSERT INTO `zmkj_store_decoration` (`decoration_id`,`decoration_name`,`store_id`,`decoration_setting`,`decoration_nav`,`decoration_banner`) VALUES('4','默认装修','10',NULL,NULL,NULL);
INSERT INTO `zmkj_store_decoration` (`decoration_id`,`decoration_name`,`store_id`,`decoration_setting`,`decoration_nav`,`decoration_banner`) VALUES('5','默认装修','16',NULL,NULL,NULL);
INSERT INTO `zmkj_store_decoration` (`decoration_id`,`decoration_name`,`store_id`,`decoration_setting`,`decoration_nav`,`decoration_banner`) VALUES('6','默认装修','5','a:6:{s:16:"background_color";s:7:"#0000FF";s:16:"background_image";s:0:"";s:23:"background_image_repeat";s:9:"no-repeat";s:21:"background_position_x";s:0:"";s:21:"background_position_y";s:0:"";s:21:"background_attachment";s:0:"";}',NULL,NULL);
INSERT INTO `zmkj_store_decoration` (`decoration_id`,`decoration_name`,`store_id`,`decoration_setting`,`decoration_nav`,`decoration_banner`) VALUES('7','默认装修','14',NULL,NULL,NULL);
INSERT INTO `zmkj_store_decoration` (`decoration_id`,`decoration_name`,`store_id`,`decoration_setting`,`decoration_nav`,`decoration_banner`) VALUES('8','默认装修','18',NULL,NULL,NULL);
INSERT INTO `zmkj_store_decoration` (`decoration_id`,`decoration_name`,`store_id`,`decoration_setting`,`decoration_nav`,`decoration_banner`) VALUES('9','默认装修','23',NULL,NULL,NULL);
INSERT INTO `zmkj_store_decoration` (`decoration_id`,`decoration_name`,`store_id`,`decoration_setting`,`decoration_nav`,`decoration_banner`) VALUES('10','默认装修','1',NULL,NULL,NULL);
INSERT INTO `zmkj_store_decoration` (`decoration_id`,`decoration_name`,`store_id`,`decoration_setting`,`decoration_nav`,`decoration_banner`) VALUES('11','默认装修','36',NULL,NULL,NULL);
INSERT INTO `zmkj_store_decoration` (`decoration_id`,`decoration_name`,`store_id`,`decoration_setting`,`decoration_nav`,`decoration_banner`) VALUES('12','默认装修','38',NULL,NULL,NULL);
INSERT INTO `zmkj_store_decoration_block` (`block_id`,`decoration_id`,`store_id`,`block_layout`,`block_content`,`block_module_type`,`block_full_width`,`block_sort`) VALUES('3','6','5','block_1',NULL,NULL,NULL,'3');

INSERT INTO `zmkj_store_extend` (`store_id`,`express`,`pricerange`,`orderpricerange`) VALUES('3',NULL,NULL,NULL);
INSERT INTO `zmkj_store_extend` (`store_id`,`express`,`pricerange`,`orderpricerange`) VALUES('4',NULL,NULL,NULL);
INSERT INTO `zmkj_store_extend` (`store_id`,`express`,`pricerange`,`orderpricerange`) VALUES('5',NULL,NULL,NULL);
INSERT INTO `zmkj_store_extend` (`store_id`,`express`,`pricerange`,`orderpricerange`) VALUES('6',NULL,NULL,NULL);
INSERT INTO `zmkj_store_extend` (`store_id`,`express`,`pricerange`,`orderpricerange`) VALUES('7',NULL,NULL,NULL);
INSERT INTO `zmkj_store_extend` (`store_id`,`express`,`pricerange`,`orderpricerange`) VALUES('1','29',NULL,NULL);
INSERT INTO `zmkj_store_extend` (`store_id`,`express`,`pricerange`,`orderpricerange`) VALUES('9',NULL,NULL,NULL);
INSERT INTO `zmkj_store_extend` (`store_id`,`express`,`pricerange`,`orderpricerange`) VALUES('10',NULL,NULL,NULL);
INSERT INTO `zmkj_store_extend` (`store_id`,`express`,`pricerange`,`orderpricerange`) VALUES('11',NULL,NULL,NULL);
INSERT INTO `zmkj_store_extend` (`store_id`,`express`,`pricerange`,`orderpricerange`) VALUES('12',NULL,NULL,NULL);
INSERT INTO `zmkj_store_extend` (`store_id`,`express`,`pricerange`,`orderpricerange`) VALUES('13',NULL,NULL,NULL);
INSERT INTO `zmkj_store_extend` (`store_id`,`express`,`pricerange`,`orderpricerange`) VALUES('14',NULL,NULL,NULL);
INSERT INTO `zmkj_store_extend` (`store_id`,`express`,`pricerange`,`orderpricerange`) VALUES('15',NULL,NULL,NULL);
INSERT INTO `zmkj_store_extend` (`store_id`,`express`,`pricerange`,`orderpricerange`) VALUES('16',NULL,NULL,NULL);
INSERT INTO `zmkj_store_extend` (`store_id`,`express`,`pricerange`,`orderpricerange`) VALUES('17',NULL,NULL,NULL);
INSERT INTO `zmkj_store_extend` (`store_id`,`express`,`pricerange`,`orderpricerange`) VALUES('18',NULL,NULL,NULL);
INSERT INTO `zmkj_store_extend` (`store_id`,`express`,`pricerange`,`orderpricerange`) VALUES('19',NULL,NULL,NULL);
INSERT INTO `zmkj_store_extend` (`store_id`,`express`,`pricerange`,`orderpricerange`) VALUES('20',NULL,NULL,NULL);
INSERT INTO `zmkj_store_extend` (`store_id`,`express`,`pricerange`,`orderpricerange`) VALUES('21',NULL,NULL,NULL);
INSERT INTO `zmkj_store_extend` (`store_id`,`express`,`pricerange`,`orderpricerange`) VALUES('22',NULL,NULL,NULL);
INSERT INTO `zmkj_store_extend` (`store_id`,`express`,`pricerange`,`orderpricerange`) VALUES('23',NULL,NULL,NULL);
INSERT INTO `zmkj_store_extend` (`store_id`,`express`,`pricerange`,`orderpricerange`) VALUES('24',NULL,NULL,NULL);
INSERT INTO `zmkj_store_extend` (`store_id`,`express`,`pricerange`,`orderpricerange`) VALUES('25',NULL,NULL,NULL);
INSERT INTO `zmkj_store_extend` (`store_id`,`express`,`pricerange`,`orderpricerange`) VALUES('26',NULL,NULL,NULL);
INSERT INTO `zmkj_store_extend` (`store_id`,`express`,`pricerange`,`orderpricerange`) VALUES('41',NULL,NULL,NULL);
INSERT INTO `zmkj_store_extend` (`store_id`,`express`,`pricerange`,`orderpricerange`) VALUES('29',NULL,NULL,NULL);
INSERT INTO `zmkj_store_extend` (`store_id`,`express`,`pricerange`,`orderpricerange`) VALUES('38',NULL,NULL,NULL);
INSERT INTO `zmkj_store_extend` (`store_id`,`express`,`pricerange`,`orderpricerange`) VALUES('42',NULL,NULL,NULL);
INSERT INTO `zmkj_store_goods_class` (`stc_id`,`stc_name`,`stc_parent_id`,`stc_state`,`store_id`,`stc_sort`) VALUES('1','办公设备','0','1','39','0');

INSERT INTO `zmkj_store_grade` (`sg_id`,`sg_name`,`sg_goods_limit`,`sg_album_limit`,`sg_space_limit`,`sg_template_number`,`sg_template`,`sg_price`,`sg_description`,`sg_function`,`sg_sort`) VALUES('1','系统默认','200','500','100','6','default|style1|style2|style3|style4|style5','0.00','用户选择“默认等级”，可以立即开通。',NULL,'0');
INSERT INTO `zmkj_store_grade` (`sg_id`,`sg_name`,`sg_goods_limit`,`sg_album_limit`,`sg_space_limit`,`sg_template_number`,`sg_template`,`sg_price`,`sg_description`,`sg_function`,`sg_sort`) VALUES('2','白金店铺','200','1000','100','6','default|style1|style2|style3|style4|style5','0.00','享受更多特权','editor_multimedia','2');
INSERT INTO `zmkj_store_grade` (`sg_id`,`sg_name`,`sg_goods_limit`,`sg_album_limit`,`sg_space_limit`,`sg_template_number`,`sg_template`,`sg_price`,`sg_description`,`sg_function`,`sg_sort`) VALUES('3','钻石店铺','0','2500','100','6','default|style1|style2|style3|style4|style5','0.00',NULL,'editor_multimedia','100');

INSERT INTO `zmkj_store_joinin` (`member_id`,`member_name`,`company_name`,`company_province_id`,`company_address`,`company_address_detail`,`company_phone`,`company_employee_count`,`company_registered_capital`,`contacts_name`,`contacts_phone`,`contacts_email`,`business_licence_number`,`business_licence_address`,`business_licence_start`,`business_licence_end`,`business_sphere`,`business_licence_number_electronic`,`organization_code`,`organization_code_electronic`,`general_taxpayer`,`bank_account_name`,`bank_account_number`,`bank_name`,`bank_code`,`bank_address`,`bank_licence_electronic`,`is_settlement_account`,`settlement_bank_account_name`,`settlement_bank_account_number`,`settlement_bank_name`,`settlement_bank_code`,`settlement_bank_address`,`tax_registration_certificate`,`taxpayer_id`,`tax_registration_certificate_electronic`,`seller_name`,`store_name`,`store_class_ids`,`store_class_names`,`joinin_state`,`joinin_message`,`joinin_year`,`sg_name`,`sg_id`,`sg_info`,`sc_name`,`sc_id`,`sc_bail`,`store_class_commis_rates`,`paying_money_certificate`,`paying_money_certificate_explain`,`paying_amount`,`serviceid`) VALUES('1','zhuimengkeji',NULL,'0',NULL,NULL,NULL,NULL,NULL,NULL,NULL,NULL,NULL,NULL,NULL,NULL,NULL,NULL,NULL,NULL,NULL,NULL,NULL,NULL,NULL,NULL,NULL,NULL,NULL,NULL,NULL,NULL,NULL,NULL,NULL,NULL,'zhuimengkeji','追梦科技官方旗舰店',NULL,NULL,'40',NULL,'1',NULL,NULL,NULL,NULL,NULL,'0',NULL,NULL,NULL,'0.00',NULL);
INSERT INTO `zmkj_store_joinin` (`member_id`,`member_name`,`company_name`,`company_province_id`,`company_address`,`company_address_detail`,`company_phone`,`company_employee_count`,`company_registered_capital`,`contacts_name`,`contacts_phone`,`contacts_email`,`business_licence_number`,`business_licence_address`,`business_licence_start`,`business_licence_end`,`business_sphere`,`business_licence_number_electronic`,`organization_code`,`organization_code_electronic`,`general_taxpayer`,`bank_account_name`,`bank_account_number`,`bank_name`,`bank_code`,`bank_address`,`bank_licence_electronic`,`is_settlement_account`,`settlement_bank_account_name`,`settlement_bank_account_number`,`settlement_bank_name`,`settlement_bank_code`,`settlement_bank_address`,`tax_registration_certificate`,`taxpayer_id`,`tax_registration_certificate_electronic`,`seller_name`,`store_name`,`store_class_ids`,`store_class_names`,`joinin_state`,`joinin_message`,`joinin_year`,`sg_name`,`sg_id`,`sg_info`,`sc_name`,`sc_id`,`sc_bail`,`store_class_commis_rates`,`paying_money_certificate`,`paying_money_certificate_explain`,`paying_amount`,`serviceid`) VALUES('139','15890027010','河北玻璃有限公司','0','河北 石家庄市 栾城县','二七广场',NULL,NULL,'100','王彦斌','15890027010','1@qq.com','qweqwe123123','河北 石家庄市 栾城县','2016-11-08','2016-11-18','阿打算打算打算的分析出v','05314787379609712.jpg','qw12121','05314787379617074.jpg',NULL,'河北玻璃有限公司',NULL,'农行栾城分行',NULL,'河北 石家庄市 栾城县',NULL,'1','河北玻璃有限公司',NULL,'农行栾城分行',NULL,'河北 石家庄市 栾城县',NULL,NULL,'05314787969989968.jpg','158900270101','河南有线公司','a:1:{i:0;s:15:"1124,1125,1126,";}','a:1:{i:0;s:36:"办公设备,办公设备,打印机,";}','40',NULL,'1','系统默认','1','a:1:{s:8:"sg_price";s:4:"0.00";}','收藏/爱好','9','0','5',NULL,NULL,'0.00','11');
INSERT INTO `zmkj_store_joinin` (`member_id`,`member_name`,`company_name`,`company_province_id`,`company_address`,`company_address_detail`,`company_phone`,`company_employee_count`,`company_registered_capital`,`contacts_name`,`contacts_phone`,`contacts_email`,`business_licence_number`,`business_licence_address`,`business_licence_start`,`business_licence_end`,`business_sphere`,`business_licence_number_electronic`,`organization_code`,`organization_code_electronic`,`general_taxpayer`,`bank_account_name`,`bank_account_number`,`bank_name`,`bank_code`,`bank_address`,`bank_licence_electronic`,`is_settlement_account`,`settlement_bank_account_name`,`settlement_bank_account_number`,`settlement_bank_name`,`settlement_bank_code`,`settlement_bank_address`,`tax_registration_certificate`,`taxpayer_id`,`tax_registration_certificate_electronic`,`seller_name`,`store_name`,`store_class_ids`,`store_class_names`,`joinin_state`,`joinin_message`,`joinin_year`,`sg_name`,`sg_id`,`sg_info`,`sc_name`,`sc_id`,`sc_bail`,`store_class_commis_rates`,`paying_money_certificate`,`paying_money_certificate_explain`,`paying_amount`,`serviceid`) VALUES('80','一个人的乐普','河北硕荣贸易有限公司','0','河北 石家庄市 桥西区','广平街7号',NULL,NULL,'450','祝勇','18632175503','zhukunweiqing@126.com','130104000099363','河北 石家庄市 桥西区','2015-01-21','2026-01-20','办公设备','05292592403648471.jpeg','32979555','05292592403652176.jpeg',NULL,NULL,NULL,NULL,NULL,NULL,NULL,NULL,NULL,NULL,NULL,NULL,NULL,NULL,NULL,NULL,NULL,NULL,NULL,NULL,NULL,NULL,'1',NULL,NULL,NULL,NULL,NULL,'0',NULL,NULL,NULL,'0.00','KEFU147505499781511');
INSERT INTO `zmkj_store_joinin` (`member_id`,`member_name`,`company_name`,`company_province_id`,`company_address`,`company_address_detail`,`company_phone`,`company_employee_count`,`company_registered_capital`,`contacts_name`,`contacts_phone`,`contacts_email`,`business_licence_number`,`business_licence_address`,`business_licence_start`,`business_licence_end`,`business_sphere`,`business_licence_number_electronic`,`organization_code`,`organization_code_electronic`,`general_taxpayer`,`bank_account_name`,`bank_account_number`,`bank_name`,`bank_code`,`bank_address`,`bank_licence_electronic`,`is_settlement_account`,`settlement_bank_account_name`,`settlement_bank_account_number`,`settlement_bank_name`,`settlement_bank_code`,`settlement_bank_address`,`tax_registration_certificate`,`taxpayer_id`,`tax_registration_certificate_electronic`,`seller_name`,`store_name`,`store_class_ids`,`store_class_names`,`joinin_state`,`joinin_message`,`joinin_year`,`sg_name`,`sg_id`,`sg_info`,`sc_name`,`sc_id`,`sc_bail`,`store_class_commis_rates`,`paying_money_certificate`,`paying_money_certificate_explain`,`paying_amount`,`serviceid`) VALUES('57','phone_15238304399','河北硕荣贸易有限公司','0','河北 石家庄市 桥西区','桥西区广平街7号',NULL,NULL,'450','祝坤','15238304399','517070283@qq.com','130104000099363','河北 石家庄市 桥西区','2015-01-21','2026-01-20',NULL,'05300382372456065.jpeg',NULL,NULL,NULL,NULL,NULL,NULL,NULL,NULL,NULL,NULL,NULL,NULL,NULL,NULL,NULL,NULL,NULL,NULL,NULL,NULL,NULL,NULL,NULL,NULL,'1',NULL,NULL,NULL,NULL,NULL,'0',NULL,NULL,NULL,'0.00',NULL);
INSERT INTO `zmkj_store_joinin` (`member_id`,`member_name`,`company_name`,`company_province_id`,`company_address`,`company_address_detail`,`company_phone`,`company_employee_count`,`company_registered_capital`,`contacts_name`,`contacts_phone`,`contacts_email`,`business_licence_number`,`business_licence_address`,`business_licence_start`,`business_licence_end`,`business_sphere`,`business_licence_number_electronic`,`organization_code`,`organization_code_electronic`,`general_taxpayer`,`bank_account_name`,`bank_account_number`,`bank_name`,`bank_code`,`bank_address`,`bank_licence_electronic`,`is_settlement_account`,`settlement_bank_account_name`,`settlement_bank_account_number`,`settlement_bank_name`,`settlement_bank_code`,`settlement_bank_address`,`tax_registration_certificate`,`taxpayer_id`,`tax_registration_certificate_electronic`,`seller_name`,`store_name`,`store_class_ids`,`store_class_names`,`joinin_state`,`joinin_message`,`joinin_year`,`sg_name`,`sg_id`,`sg_info`,`sc_name`,`sc_id`,`sc_bail`,`store_class_commis_rates`,`paying_money_certificate`,`paying_money_certificate_explain`,`paying_amount`,`serviceid`) VALUES('130','Simon','Simon','0','河北 石家庄市 新华区','太和电子城',NULL,NULL,NULL,'范廷田','13733151353','1371021503@qq.com','41130319940116481X','河北 石家庄市 新华区','0000-00-00','0000-00-00','范廷田','05314780978348009.jpg',NULL,NULL,NULL,NULL,NULL,NULL,NULL,NULL,NULL,NULL,'范廷田','13733151353',NULL,NULL,NULL,NULL,NULL,NULL,'Simon_D','Simon旗舰店','a:1:{i:0;s:15:"1124,1125,1135,";}','a:1:{i:0;s:36:"办公设备,办公设备,一体机,";}','40',NULL,'1','钻石店铺','3','a:1:{s:8:"sg_price";s:4:"0.00";}','3C数码','3','0','5',NULL,NULL,'0.00','1');
INSERT INTO `zmkj_store_joinin` (`member_id`,`member_name`,`company_name`,`company_province_id`,`company_address`,`company_address_detail`,`company_phone`,`company_employee_count`,`company_registered_capital`,`contacts_name`,`contacts_phone`,`contacts_email`,`business_licence_number`,`business_licence_address`,`business_licence_start`,`business_licence_end`,`business_sphere`,`business_licence_number_electronic`,`organization_code`,`organization_code_electronic`,`general_taxpayer`,`bank_account_name`,`bank_account_number`,`bank_name`,`bank_code`,`bank_address`,`bank_licence_electronic`,`is_settlement_account`,`settlement_bank_account_name`,`settlement_bank_account_number`,`settlement_bank_name`,`settlement_bank_code`,`settlement_bank_address`,`tax_registration_certificate`,`taxpayer_id`,`tax_registration_certificate_electronic`,`seller_name`,`store_name`,`store_class_ids`,`store_class_names`,`joinin_state`,`joinin_message`,`joinin_year`,`sg_name`,`sg_id`,`sg_info`,`sc_name`,`sc_id`,`sc_bail`,`store_class_commis_rates`,`paying_money_certificate`,`paying_money_certificate_explain`,`paying_amount`,`serviceid`) VALUES('83','13783472378','河北瑞之德电子科技有限公司','0','河北 石家庄市 新华区','金桥北大街6号',NULL,NULL,'760','宋祥','13783472378','312225793@QQ.com','91410105MA3XB5F012','河南 郑州市 金水区','2016-10-06','2026-10-06','批发兼零售：计算机及配件，软件，办公机具，通用产品（不含卫星地面接收设备），家用电器，数码产品，耗材，电子产品，办公设备;电子产品的技术咨询技术服务','05300975637900108.png','G1041010513850701S','05300975637919304.png',NULL,'河北瑞之德电子科技有限公司','76090154700013633','上海浦东发展银行郑州文化路支行营业部',NULL,'河北',NULL,'2','宋祥','6222600620031935235','石家庄市新华路支行',NULL,'河北','91410105MA3XB5F012',NULL,'05300979187709694.png','13783472378','河南瑞之德电子科技有限公司','a:14:{i:0;s:15:"1124,1125,1126,";i:1;s:15:"1124,1125,1128,";i:2;s:15:"1124,1125,1129,";i:3;s:15:"1124,1125,1131,";i:4;s:15:"1124,1125,1133,";i:5;s:15:"1124,1125,1135,";i:6;s:15:"1124,1125,1130,";i:7;s:10:"2,151,156,";i:8;s:10:"2,151,157,";i:9;s:10:"2,151,158,";i:10;s:10:"2,151,159,";i:11;s:10:"2,151,160,";i:12;s:12:"1,1063,1064,";i:13;s:12:"1,1063,1070,";}','a:14:{i:0;s:36:"办公设备,办公设备,打印机,";i:1;s:36:"办公设备,办公设备,复印机,";i:2;s:36:"办公设备,办公设备,考勤机,";i:3;s:36:"办公设备,办公设备,点钞机,";i:4;s:36:"办公设备,办公设备,过塑机,";i:5;s:36:"办公设备,办公设备,一体机,";i:6;s:36:"办公设备,办公设备,碎纸机,";i:7;s:33:"办公耗材,办公耗材,硒鼓,";i:8;s:33:"办公耗材,办公耗材,墨盒,";i:9;s:33:"办公耗材,办公耗材,碳粉,";i:10;s:33:"办公耗材,办公耗材,色带,";i:11;s:42:"办公耗材,办公耗材,打印机色带,";i:12;s:36:"办公用纸,办公用纸,复印纸,";i:13;s:36:"办公用纸,办公用纸,打印纸,";}','40',NULL,'2','系统默认','1','a:1:{s:8:"sg_price";s:6:"100.00";}','3C数码','3','0','5,5,5,5,5,5,5,5,5,5,5,5,5,5','05302748985653094.png',NULL,'200.00',NULL);
INSERT INTO `zmkj_store_joinin` (`member_id`,`member_name`,`company_name`,`company_province_id`,`company_address`,`company_address_detail`,`company_phone`,`company_employee_count`,`company_registered_capital`,`contacts_name`,`contacts_phone`,`contacts_email`,`business_licence_number`,`business_licence_address`,`business_licence_start`,`business_licence_end`,`business_sphere`,`business_licence_number_electronic`,`organization_code`,`organization_code_electronic`,`general_taxpayer`,`bank_account_name`,`bank_account_number`,`bank_name`,`bank_code`,`bank_address`,`bank_licence_electronic`,`is_settlement_account`,`settlement_bank_account_name`,`settlement_bank_account_number`,`settlement_bank_name`,`settlement_bank_code`,`settlement_bank_address`,`tax_registration_certificate`,`taxpayer_id`,`tax_registration_certificate_electronic`,`seller_name`,`store_name`,`store_class_ids`,`store_class_names`,`joinin_state`,`joinin_message`,`joinin_year`,`sg_name`,`sg_id`,`sg_info`,`sc_name`,`sc_id`,`sc_bail`,`store_class_commis_rates`,`paying_money_certificate`,`paying_money_certificate_explain`,`paying_amount`,`serviceid`) VALUES('143','TZKJ69394899','郑州天之正电子科技有限公司','0','河南 郑州','郑州市文化路68号科技市场D2-118号',NULL,NULL,'50','孙福玲','13703865952','zztzkj@qq.com','91410105MA3X8UWQ4M','河南 郑州','2016-04-15','2020-11-04','刻章机 刻字机 雕刻机',NULL,NULL,NULL,NULL,NULL,NULL,NULL,NULL,NULL,NULL,NULL,NULL,NULL,NULL,NULL,NULL,NULL,NULL,NULL,NULL,NULL,NULL,NULL,NULL,NULL,'1',NULL,NULL,NULL,NULL,NULL,'0',NULL,NULL,NULL,'0.00','12233');
INSERT INTO `zmkj_store_joinin` (`member_id`,`member_name`,`company_name`,`company_province_id`,`company_address`,`company_address_detail`,`company_phone`,`company_employee_count`,`company_registered_capital`,`contacts_name`,`contacts_phone`,`contacts_email`,`business_licence_number`,`business_licence_address`,`business_licence_start`,`business_licence_end`,`business_sphere`,`business_licence_number_electronic`,`organization_code`,`organization_code_electronic`,`general_taxpayer`,`bank_account_name`,`bank_account_number`,`bank_name`,`bank_code`,`bank_address`,`bank_licence_electronic`,`is_settlement_account`,`settlement_bank_account_name`,`settlement_bank_account_number`,`settlement_bank_name`,`settlement_bank_code`,`settlement_bank_address`,`tax_registration_certificate`,`taxpayer_id`,`tax_registration_certificate_electronic`,`seller_name`,`store_name`,`store_class_ids`,`store_class_names`,`joinin_state`,`joinin_message`,`joinin_year`,`sg_name`,`sg_id`,`sg_info`,`sc_name`,`sc_id`,`sc_bail`,`store_class_commis_rates`,`paying_money_certificate`,`paying_money_certificate_explain`,`paying_amount`,`serviceid`) VALUES('152','Simon437','驱蚊器','0','湖南 娄底市 新化县','期望而且',NULL,NULL,NULL,'气味','气温气温','qwq@QQ.com','qweqwe',NULL,NULL,NULL,'qweqw','05314797447245913.jpg',NULL,NULL,NULL,NULL,NULL,NULL,NULL,NULL,NULL,NULL,'eqwe','qweqw',NULL,NULL,NULL,NULL,NULL,NULL,NULL,NULL,NULL,NULL,NULL,NULL,'1',NULL,NULL,NULL,NULL,NULL,'0',NULL,NULL,NULL,'0.00','qwe');
INSERT INTO `zmkj_store_joinin` (`member_id`,`member_name`,`company_name`,`company_province_id`,`company_address`,`company_address_detail`,`company_phone`,`company_employee_count`,`company_registered_capital`,`contacts_name`,`contacts_phone`,`contacts_email`,`business_licence_number`,`business_licence_address`,`business_licence_start`,`business_licence_end`,`business_sphere`,`business_licence_number_electronic`,`organization_code`,`organization_code_electronic`,`general_taxpayer`,`bank_account_name`,`bank_account_number`,`bank_name`,`bank_code`,`bank_address`,`bank_licence_electronic`,`is_settlement_account`,`settlement_bank_account_name`,`settlement_bank_account_number`,`settlement_bank_name`,`settlement_bank_code`,`settlement_bank_address`,`tax_registration_certificate`,`taxpayer_id`,`tax_registration_certificate_electronic`,`seller_name`,`store_name`,`store_class_ids`,`store_class_names`,`joinin_state`,`joinin_message`,`joinin_year`,`sg_name`,`sg_id`,`sg_info`,`sc_name`,`sc_id`,`sc_bail`,`store_class_commis_rates`,`paying_money_certificate`,`paying_money_certificate_explain`,`paying_amount`,`serviceid`) VALUES('176','郑州超邦','唐山超邦办公设备公司','0','河北 唐山市 丰润区','东风路电子大厦二楼A-217西',NULL,NULL,'100','李得团','13598881764','185332015@qq.com','410105601011881','河北 唐山市 丰润区','2016-11-03','2026-11-06','复印机、打印机','05315847444534675.jpg',NULL,NULL,NULL,'李得团','6227002430050278621','文化路支行',NULL,'河北 唐山市 丰润区',NULL,'1','李得团','6227002430050278621','文化路支行',NULL,'河北 唐山市 丰润区','411202198410102529',NULL,'05315850358781151.jpg','河南超邦办公设备公司','河南超邦办公设备公司','a:2:{i:0;s:15:"1124,1125,1126,";i:1;s:15:"1124,1125,1128,";}','a:2:{i:0;s:36:"办公设备,办公设备,打印机,";i:1;s:36:"办公设备,办公设备,复印机,";}','40',NULL,'2','系统默认','1','a:1:{s:8:"sg_price";s:4:"0.00";}','3C数码','3','0','5,5',NULL,NULL,'0.00','147505499781511');
INSERT INTO `zmkj_store_joinin` (`member_id`,`member_name`,`company_name`,`company_province_id`,`company_address`,`company_address_detail`,`company_phone`,`company_employee_count`,`company_registered_capital`,`contacts_name`,`contacts_phone`,`contacts_email`,`business_licence_number`,`business_licence_address`,`business_licence_start`,`business_licence_end`,`business_sphere`,`business_licence_number_electronic`,`organization_code`,`organization_code_electronic`,`general_taxpayer`,`bank_account_name`,`bank_account_number`,`bank_name`,`bank_code`,`bank_address`,`bank_licence_electronic`,`is_settlement_account`,`settlement_bank_account_name`,`settlement_bank_account_number`,`settlement_bank_name`,`settlement_bank_code`,`settlement_bank_address`,`tax_registration_certificate`,`taxpayer_id`,`tax_registration_certificate_electronic`,`seller_name`,`store_name`,`store_class_ids`,`store_class_names`,`joinin_state`,`joinin_message`,`joinin_year`,`sg_name`,`sg_id`,`sg_info`,`sc_name`,`sc_id`,`sc_bail`,`store_class_commis_rates`,`paying_money_certificate`,`paying_money_certificate_explain`,`paying_amount`,`serviceid`) VALUES('90','愿信','郑州市开元文具','0','河南 郑州市 金水区','经三路丰产路西50米路南',NULL,NULL,NULL,'张华','13592520383','27560562@qq.com','412827197912246032',NULL,NULL,NULL,'张华','05317417682253247.jpg',NULL,NULL,NULL,NULL,NULL,NULL,NULL,NULL,NULL,NULL,'张华','13592520383',NULL,NULL,NULL,NULL,NULL,NULL,NULL,NULL,NULL,NULL,NULL,NULL,'1',NULL,NULL,NULL,NULL,NULL,'0',NULL,NULL,NULL,'0.00','KEFU147505499781511');
INSERT INTO `zmkj_store_joinin` (`member_id`,`member_name`,`company_name`,`company_province_id`,`company_address`,`company_address_detail`,`company_phone`,`company_employee_count`,`company_registered_capital`,`contacts_name`,`contacts_phone`,`contacts_email`,`business_licence_number`,`business_licence_address`,`business_licence_start`,`business_licence_end`,`business_sphere`,`business_licence_number_electronic`,`organization_code`,`organization_code_electronic`,`general_taxpayer`,`bank_account_name`,`bank_account_number`,`bank_name`,`bank_code`,`bank_address`,`bank_licence_electronic`,`is_settlement_account`,`settlement_bank_account_name`,`settlement_bank_account_number`,`settlement_bank_name`,`settlement_bank_code`,`settlement_bank_address`,`tax_registration_certificate`,`taxpayer_id`,`tax_registration_certificate_electronic`,`seller_name`,`store_name`,`store_class_ids`,`store_class_names`,`joinin_state`,`joinin_message`,`joinin_year`,`sg_name`,`sg_id`,`sg_info`,`sc_name`,`sc_id`,`sc_bail`,`store_class_commis_rates`,`paying_money_certificate`,`paying_money_certificate_explain`,`paying_amount`,`serviceid`) VALUES('180','华杰电脑  得力办公用品','华杰得力文具','0','河北 石家庄市 新华区','太和电子城',NULL,NULL,NULL,'刘耀杰','15537107773','hjdn65739502@126.com','410105197504262211','河北 石家庄市 新华区','0000-00-00','0000-00-00','刘耀杰','05317453959860684.png',NULL,NULL,NULL,NULL,NULL,NULL,NULL,NULL,NULL,NULL,'苏艳华','13503996583',NULL,NULL,'河北 石家庄市 新华区',NULL,NULL,NULL,'huajie','华杰得力文具','a:10:{i:0;s:14:"730,1107,1108,";i:1;s:12:"1,1063,1064,";i:2;s:14:"308,1071,1074,";i:3;s:15:"1137,1138,1139,";i:4;s:14:"888,1094,1097,";i:5;s:14:"888,1094,1095,";i:6;s:14:"662,1102,1104,";i:7;s:14:"730,1107,1113,";i:8;s:14:"470,1087,1090,";i:9;s:15:"1137,1138,1148,";}','a:10:{i:0;s:36:"桌面文具,桌面文具,订书机,";i:1;s:36:"办公用纸,办公用纸,复印纸,";i:2;s:36:"财务用品,财务用品,报销单,";i:3;s:36:"书写工具,书写工具,签字笔,";i:4;s:36:"文件存储,文件存储,文件袋,";i:5;s:36:"文件存储,文件存储,资料册,";i:6;s:39:"展示用品,展示用品,白板附件,";i:7;s:36:"桌面文具,桌面文具,文件筐,";i:8;s:33:"办公日用,办公日用,电池,";i:9;s:36:"书写工具,书写工具,记事本,";}','40',NULL,'2','钻石店铺','3','a:1:{s:8:"sg_price";s:4:"0.00";}','文体/汽车','8','0','5,5,5,5,5,5,5,5,5,5',NULL,NULL,'0.00','KEFU147505499781511');
INSERT INTO `zmkj_store_joinin` (`member_id`,`member_name`,`company_name`,`company_province_id`,`company_address`,`company_address_detail`,`company_phone`,`company_employee_count`,`company_registered_capital`,`contacts_name`,`contacts_phone`,`contacts_email`,`business_licence_number`,`business_licence_address`,`business_licence_start`,`business_licence_end`,`business_sphere`,`business_licence_number_electronic`,`organization_code`,`organization_code_electronic`,`general_taxpayer`,`bank_account_name`,`bank_account_number`,`bank_name`,`bank_code`,`bank_address`,`bank_licence_electronic`,`is_settlement_account`,`settlement_bank_account_name`,`settlement_bank_account_number`,`settlement_bank_name`,`settlement_bank_code`,`settlement_bank_address`,`tax_registration_certificate`,`taxpayer_id`,`tax_registration_certificate_electronic`,`seller_name`,`store_name`,`store_class_ids`,`store_class_names`,`joinin_state`,`joinin_message`,`joinin_year`,`sg_name`,`sg_id`,`sg_info`,`sc_name`,`sc_id`,`sc_bail`,`store_class_commis_rates`,`paying_money_certificate`,`paying_money_certificate_explain`,`paying_amount`,`serviceid`) VALUES('181','sm18838083752','康龙办公','0','河北 石家庄市 桥西区','花园路红专路北80米路西',NULL,NULL,NULL,'王森','18838083752','wcgtheme@163.com','411527198509016058','河北 石家庄市 桥西区','0000-00-00','0000-00-00','王森','05317484339935677.jpg',NULL,NULL,NULL,NULL,NULL,NULL,NULL,NULL,NULL,NULL,'王森','18838083752',NULL,NULL,NULL,NULL,NULL,NULL,'kanglongbangong','康龙办公','a:19:{i:0;s:15:"1124,1125,1130,";i:1;s:15:"1124,1125,1131,";i:2;s:15:"1124,1125,1134,";i:3;s:15:"1124,1125,1129,";i:4;s:15:"1124,1125,1133,";i:5;s:14:"888,1094,1095,";i:6;s:14:"888,1094,1097,";i:7;s:14:"888,1094,1099,";i:8;s:12:"1,1063,1064,";i:9;s:14:"730,1107,1113,";i:10;s:14:"730,1107,1109,";i:11;s:15:"1137,1138,1139,";i:12;s:14:"308,1071,1074,";i:13;s:10:"2,151,156,";i:14;s:10:"2,151,157,";i:15;s:10:"2,151,158,";i:16;s:10:"2,151,159,";i:17;s:14:"470,1087,1090,";i:18;s:14:"470,1087,1089,";}','a:19:{i:0;s:36:"办公设备,办公设备,碎纸机,";i:1;s:36:"办公设备,办公设备,点钞机,";i:2;s:36:"办公设备,办公设备,装订机,";i:3;s:36:"办公设备,办公设备,考勤机,";i:4;s:36:"办公设备,办公设备,过塑机,";i:5;s:36:"文件存储,文件存储,资料册,";i:6;s:36:"文件存储,文件存储,文件袋,";i:7;s:36:"文件存储,文件存储,档案盒,";i:8;s:36:"办公用纸,办公用纸,复印纸,";i:9;s:36:"桌面文具,桌面文具,文件筐,";i:10;s:39:"桌面文具,桌面文具,胶水／棒,";i:11;s:36:"书写工具,书写工具,签字笔,";i:12;s:36:"财务用品,财务用品,报销单,";i:13;s:33:"办公耗材,办公耗材,硒鼓,";i:14;s:33:"办公耗材,办公耗材,墨盒,";i:15;s:33:"办公耗材,办公耗材,碳粉,";i:16;s:33:"办公耗材,办公耗材,色带,";i:17;s:33:"办公日用,办公日用,电池,";i:18;s:42:"办公日用,办公日用,一次性用品,";}','40',NULL,'2','钻石店铺','3','a:1:{s:8:"sg_price";s:4:"0.00";}','文体/汽车','8','0','5,5,5,5,5,5,5,5,5,5,5,5,5,5,5,5,5,5,5',NULL,NULL,'0.00','KEFU147505499751511');
INSERT INTO `zmkj_store_joinin` (`member_id`,`member_name`,`company_name`,`company_province_id`,`company_address`,`company_address_detail`,`company_phone`,`company_employee_count`,`company_registered_capital`,`contacts_name`,`contacts_phone`,`contacts_email`,`business_licence_number`,`business_licence_address`,`business_licence_start`,`business_licence_end`,`business_sphere`,`business_licence_number_electronic`,`organization_code`,`organization_code_electronic`,`general_taxpayer`,`bank_account_name`,`bank_account_number`,`bank_name`,`bank_code`,`bank_address`,`bank_licence_electronic`,`is_settlement_account`,`settlement_bank_account_name`,`settlement_bank_account_number`,`settlement_bank_name`,`settlement_bank_code`,`settlement_bank_address`,`tax_registration_certificate`,`taxpayer_id`,`tax_registration_certificate_electronic`,`seller_name`,`store_name`,`store_class_ids`,`store_class_names`,`joinin_state`,`joinin_message`,`joinin_year`,`sg_name`,`sg_id`,`sg_info`,`sc_name`,`sc_id`,`sc_bail`,`store_class_commis_rates`,`paying_money_certificate`,`paying_money_certificate_explain`,`paying_amount`,`serviceid`) VALUES('182','汇佰欣','郑州汇佰欣电子科技有限公司','0','河北 邯郸市 邯山区','复兴路',NULL,NULL,NULL,'司欢庆','15538058229','2305930630@qq.com','410225199005294155','河北 邯郸市 邯山区','0000-00-00','0000-00-00','司欢庆','05318225666716988.jpg',NULL,NULL,NULL,NULL,NULL,NULL,NULL,NULL,NULL,NULL,'15538058229','司欢庆','民生银行',NULL,'河北 邯郸市 邯山区',NULL,NULL,NULL,'郑州汇佰欣','郑州汇佰欣电子科技有限公司','a:2:{i:0;s:10:"1150,1152,";i:1;s:10:"1150,1153,";}','a:2:{i:0;s:23:"电脑配件,显示器,";i:1;s:24:"电脑配件,无线wifi,";}','40',NULL,'1','系统默认','1','a:1:{s:8:"sg_price";s:4:"0.00";}','3C数码','3','0','5,5',NULL,NULL,'0.00','147505499781511');
INSERT INTO `zmkj_store_joinin` (`member_id`,`member_name`,`company_name`,`company_province_id`,`company_address`,`company_address_detail`,`company_phone`,`company_employee_count`,`company_registered_capital`,`contacts_name`,`contacts_phone`,`contacts_email`,`business_licence_number`,`business_licence_address`,`business_licence_start`,`business_licence_end`,`business_sphere`,`business_licence_number_electronic`,`organization_code`,`organization_code_electronic`,`general_taxpayer`,`bank_account_name`,`bank_account_number`,`bank_name`,`bank_code`,`bank_address`,`bank_licence_electronic`,`is_settlement_account`,`settlement_bank_account_name`,`settlement_bank_account_number`,`settlement_bank_name`,`settlement_bank_code`,`settlement_bank_address`,`tax_registration_certificate`,`taxpayer_id`,`tax_registration_certificate_electronic`,`seller_name`,`store_name`,`store_class_ids`,`store_class_names`,`joinin_state`,`joinin_message`,`joinin_year`,`sg_name`,`sg_id`,`sg_info`,`sc_name`,`sc_id`,`sc_bail`,`store_class_commis_rates`,`paying_money_certificate`,`paying_money_certificate_explain`,`paying_amount`,`serviceid`) VALUES('188','天启创远','天启创远办公设备商行','0','河北 邯郸市','科技市场电子大厦B221',NULL,NULL,'100','韩卫峰','13073799055','4994630@qq.com','410105600442267','河北 邯郸市 丛台区','2004-10-12','2024-10-12','批零兼营，办公设备，耗材','05318464399917527.jpg','10161198202105131','05318464399922853.jpg',NULL,'刘俊萍','6212261702006319289','中国工商银行',NULL,'河北 邯郸市 丛台区',NULL,'1','刘俊萍','6212261702006319289','中国工商银行',NULL,'河北 邯郸市 丛台区','442267',NULL,'05318474360806050.jpg','天启创远','郑州天启创远办公设备商行','a:1:{i:0;s:15:"1124,1125,1126,";}','a:1:{i:0;s:36:"办公设备,办公设备,打印机,";}','40',NULL,'1','系统默认','1','a:1:{s:8:"sg_price";s:4:"0.00";}','3C数码','3','0','5',NULL,NULL,'0.00','147505499781511');
INSERT INTO `zmkj_store_joinin` (`member_id`,`member_name`,`company_name`,`company_province_id`,`company_address`,`company_address_detail`,`company_phone`,`company_employee_count`,`company_registered_capital`,`contacts_name`,`contacts_phone`,`contacts_email`,`business_licence_number`,`business_licence_address`,`business_licence_start`,`business_licence_end`,`business_sphere`,`business_licence_number_electronic`,`organization_code`,`organization_code_electronic`,`general_taxpayer`,`bank_account_name`,`bank_account_number`,`bank_name`,`bank_code`,`bank_address`,`bank_licence_electronic`,`is_settlement_account`,`settlement_bank_account_name`,`settlement_bank_account_number`,`settlement_bank_name`,`settlement_bank_code`,`settlement_bank_address`,`tax_registration_certificate`,`taxpayer_id`,`tax_registration_certificate_electronic`,`seller_name`,`store_name`,`store_class_ids`,`store_class_names`,`joinin_state`,`joinin_message`,`joinin_year`,`sg_name`,`sg_id`,`sg_info`,`sc_name`,`sc_id`,`sc_bail`,`store_class_commis_rates`,`paying_money_certificate`,`paying_money_certificate_explain`,`paying_amount`,`serviceid`) VALUES('189','郑州搏创科技','邯郸搏创科技有限公司','0','河北 邯郸市 邯山区','复兴路48号',NULL,NULL,'100','朱景芝','13613820338','343701554@qq.com','410105600286023','河北 邯郸市 邯山区','2011-11-10','2023-11-17','批发、零售、租赁','05318478855200727.jpg','410105600286023','05318478855219453.jpg',NULL,'朱景芝','6222600620033241574','文化路支行',NULL,'河北 邯郸市 邯山区',NULL,'1','朱景芝','6222600620033241574','文化路支行',NULL,'河北 邯郸市 邯山区','410105600286023',NULL,'05318482370435118.jpg','郑州搏创科技有限公司','郑州搏创科技有限公司','a:2:{i:0;s:15:"1124,1125,1128,";i:1;s:10:"1150,1152,";}','a:2:{i:0;s:36:"办公设备,办公设备,复印机,";i:1;s:23:"电脑配件,显示器,";}','40',NULL,'2','系统默认','1','a:1:{s:8:"sg_price";s:4:"0.00";}','3C数码','3','0','5,5',NULL,NULL,'0.00','147505499781511');
INSERT INTO `zmkj_store_joinin` (`member_id`,`member_name`,`company_name`,`company_province_id`,`company_address`,`company_address_detail`,`company_phone`,`company_employee_count`,`company_registered_capital`,`contacts_name`,`contacts_phone`,`contacts_email`,`business_licence_number`,`business_licence_address`,`business_licence_start`,`business_licence_end`,`business_sphere`,`business_licence_number_electronic`,`organization_code`,`organization_code_electronic`,`general_taxpayer`,`bank_account_name`,`bank_account_number`,`bank_name`,`bank_code`,`bank_address`,`bank_licence_electronic`,`is_settlement_account`,`settlement_bank_account_name`,`settlement_bank_account_number`,`settlement_bank_name`,`settlement_bank_code`,`settlement_bank_address`,`tax_registration_certificate`,`taxpayer_id`,`tax_registration_certificate_electronic`,`seller_name`,`store_name`,`store_class_ids`,`store_class_names`,`joinin_state`,`joinin_message`,`joinin_year`,`sg_name`,`sg_id`,`sg_info`,`sc_name`,`sc_id`,`sc_bail`,`store_class_commis_rates`,`paying_money_certificate`,`paying_money_certificate_explain`,`paying_amount`,`serviceid`) VALUES('190','河南赢在仁间','河北赢在仁间','0','河北 石家庄市 桥东区','科技市场电子大厦二楼',NULL,NULL,'100','李可庆','15890191895','386286722@qq.com','410105000471895','河北 石家庄市 桥东区','2012-11-09','2020-11-06','批发二手打印机、电脑','05318509497243002.jpg','410105000471895','05318509497256849.jpg',NULL,'宋丽娜','6214833710138465','招商银行文化路支行',NULL,'河北 石家庄市 桥东区',NULL,'1','宋丽娜','6214833710138465','招商银行文化路支行',NULL,'河北 石家庄市 桥东区','410105397125273',NULL,'05318513903323825.jpg','河南赢在仁间','河南赢在仁间','a:1:{i:0;s:15:"1124,1125,1126,";}','a:1:{i:0;s:36:"办公设备,办公设备,打印机,";}','40',NULL,'2','系统默认','1','a:1:{s:8:"sg_price";s:4:"0.00";}','3C数码','3','0','5',NULL,NULL,'0.00','147505499718511');
INSERT INTO `zmkj_store_joinin` (`member_id`,`member_name`,`company_name`,`company_province_id`,`company_address`,`company_address_detail`,`company_phone`,`company_employee_count`,`company_registered_capital`,`contacts_name`,`contacts_phone`,`contacts_email`,`business_licence_number`,`business_licence_address`,`business_licence_start`,`business_licence_end`,`business_sphere`,`business_licence_number_electronic`,`organization_code`,`organization_code_electronic`,`general_taxpayer`,`bank_account_name`,`bank_account_number`,`bank_name`,`bank_code`,`bank_address`,`bank_licence_electronic`,`is_settlement_account`,`settlement_bank_account_name`,`settlement_bank_account_number`,`settlement_bank_name`,`settlement_bank_code`,`settlement_bank_address`,`tax_registration_certificate`,`taxpayer_id`,`tax_registration_certificate_electronic`,`seller_name`,`store_name`,`store_class_ids`,`store_class_names`,`joinin_state`,`joinin_message`,`joinin_year`,`sg_name`,`sg_id`,`sg_info`,`sc_name`,`sc_id`,`sc_bail`,`store_class_commis_rates`,`paying_money_certificate`,`paying_money_certificate_explain`,`paying_amount`,`serviceid`) VALUES('192','世博办公','廊坊世博办公设备商行','0','河北 廊坊市 广阳区','科技市场电子大厦2F-A201号',NULL,NULL,'100','储成红','13838288719','784282843@qq.com','410105600599088','河北 廊坊市 广阳区','2011-04-06','2021-04-06','批发兼营：办公设备、电脑','05319190332074227.jpg','410105600599088','05319190332089640.jpg',NULL,'储成红','6222600620016317979','东风路支行',NULL,'河北 廊坊市 广阳区',NULL,'1','储成红','6222600620016317979','东风路支行',NULL,'河北 廊坊市 广阳区','612523198604162013',NULL,'05319191710168889.jpg','世博办公','郑州市世博办公商行','a:4:{i:0;s:15:"1124,1125,1126,";i:1;s:15:"1124,1125,1127,";i:2;s:15:"1124,1125,1128,";i:3;s:15:"1124,1125,1135,";}','a:4:{i:0;s:36:"办公设备,办公设备,打印机,";i:1;s:36:"办公设备,办公设备,传真机,";i:2;s:36:"办公设备,办公设备,复印机,";i:3;s:36:"办公设备,办公设备,一体机,";}','40',NULL,'1','系统默认','1','a:1:{s:8:"sg_price";s:4:"0.00";}','3C数码','3','0','5,5,5,5',NULL,NULL,'0.00','147505499781511');
INSERT INTO `zmkj_store_joinin` (`member_id`,`member_name`,`company_name`,`company_province_id`,`company_address`,`company_address_detail`,`company_phone`,`company_employee_count`,`company_registered_capital`,`contacts_name`,`contacts_phone`,`contacts_email`,`business_licence_number`,`business_licence_address`,`business_licence_start`,`business_licence_end`,`business_sphere`,`business_licence_number_electronic`,`organization_code`,`organization_code_electronic`,`general_taxpayer`,`bank_account_name`,`bank_account_number`,`bank_name`,`bank_code`,`bank_address`,`bank_licence_electronic`,`is_settlement_account`,`settlement_bank_account_name`,`settlement_bank_account_number`,`settlement_bank_name`,`settlement_bank_code`,`settlement_bank_address`,`tax_registration_certificate`,`taxpayer_id`,`tax_registration_certificate_electronic`,`seller_name`,`store_name`,`store_class_ids`,`store_class_names`,`joinin_state`,`joinin_message`,`joinin_year`,`sg_name`,`sg_id`,`sg_info`,`sc_name`,`sc_id`,`sc_bail`,`store_class_commis_rates`,`paying_money_certificate`,`paying_money_certificate_explain`,`paying_amount`,`serviceid`) VALUES('193','荣派办公','河北荣派商贸有限公司','0','河北 石家庄市 元氏县','科技市场百脑汇4楼4G11',NULL,NULL,'100','苏行行','13303844662','453713026@qq.com','91410105MA3X4DHT58','河北 石家庄市 元氏县','2013-10-28','2036-11-28','打印机，复印机，投影仪，办公耗材，电脑','05319204279172138.jpg','MA3X4DHT58','05319204279184662.jpg',NULL,'中国工商银行','6222021702049307572','二里岗货站街支行',NULL,'河北 石家庄市 元氏县',NULL,'1','中国工商银行','6222021702049307572','二里岗货站街支行',NULL,'河北 石家庄市 元氏县','MA3X4DHT58',NULL,'05319206346471055.jpg','河南荣派商贸有限公司','荣派商贸','a:4:{i:0;s:15:"1124,1125,1126,";i:1;s:10:"2,151,156,";i:2;s:10:"2,151,158,";i:3;s:15:"1124,1125,1128,";}','a:4:{i:0;s:36:"办公设备,办公设备,打印机,";i:1;s:33:"办公耗材,办公耗材,硒鼓,";i:2;s:33:"办公耗材,办公耗材,碳粉,";i:3;s:36:"办公设备,办公设备,复印机,";}','40',NULL,'2','系统默认','1','a:1:{s:8:"sg_price";s:4:"0.00";}','生活/服务','10','0','5,5,5,5',NULL,NULL,'0.00','123');
INSERT INTO `zmkj_store_joinin` (`member_id`,`member_name`,`company_name`,`company_province_id`,`company_address`,`company_address_detail`,`company_phone`,`company_employee_count`,`company_registered_capital`,`contacts_name`,`contacts_phone`,`contacts_email`,`business_licence_number`,`business_licence_address`,`business_licence_start`,`business_licence_end`,`business_sphere`,`business_licence_number_electronic`,`organization_code`,`organization_code_electronic`,`general_taxpayer`,`bank_account_name`,`bank_account_number`,`bank_name`,`bank_code`,`bank_address`,`bank_licence_electronic`,`is_settlement_account`,`settlement_bank_account_name`,`settlement_bank_account_number`,`settlement_bank_name`,`settlement_bank_code`,`settlement_bank_address`,`tax_registration_certificate`,`taxpayer_id`,`tax_registration_certificate_electronic`,`seller_name`,`store_name`,`store_class_ids`,`store_class_names`,`joinin_state`,`joinin_message`,`joinin_year`,`sg_name`,`sg_id`,`sg_info`,`sc_name`,`sc_id`,`sc_bail`,`store_class_commis_rates`,`paying_money_certificate`,`paying_money_certificate_explain`,`paying_amount`,`serviceid`) VALUES('196','和创科技','秦皇岛和创科技有限公司','0','河北 秦皇岛市 海港区','科技市场电子大厦一楼B区103室',NULL,NULL,NULL,'孙金龙','13703848258','1347936227@qq.com','410105600111321','河北 秦皇岛市 海港区','0000-00-00','0000-00-00','孙金龙','05319367584160007.jpg',NULL,NULL,NULL,NULL,NULL,NULL,NULL,NULL,NULL,NULL,'孙金龙','13027512228',NULL,NULL,NULL,NULL,NULL,NULL,'和创科技','郑州和创科技有限公司','a:3:{i:0;s:15:"1124,1125,1126,";i:1;s:15:"1124,1125,1129,";i:2;s:15:"1124,1125,1131,";}','a:3:{i:0;s:36:"办公设备,办公设备,打印机,";i:1;s:36:"办公设备,办公设备,考勤机,";i:2;s:36:"办公设备,办公设备,点钞机,";}','40',NULL,'1','系统默认','1','a:1:{s:8:"sg_price";s:4:"0.00";}','3C数码','3','0','5,5,5',NULL,NULL,'0.00','147505499781511');
INSERT INTO `zmkj_store_joinin` (`member_id`,`member_name`,`company_name`,`company_province_id`,`company_address`,`company_address_detail`,`company_phone`,`company_employee_count`,`company_registered_capital`,`contacts_name`,`contacts_phone`,`contacts_email`,`business_licence_number`,`business_licence_address`,`business_licence_start`,`business_licence_end`,`business_sphere`,`business_licence_number_electronic`,`organization_code`,`organization_code_electronic`,`general_taxpayer`,`bank_account_name`,`bank_account_number`,`bank_name`,`bank_code`,`bank_address`,`bank_licence_electronic`,`is_settlement_account`,`settlement_bank_account_name`,`settlement_bank_account_number`,`settlement_bank_name`,`settlement_bank_code`,`settlement_bank_address`,`tax_registration_certificate`,`taxpayer_id`,`tax_registration_certificate_electronic`,`seller_name`,`store_name`,`store_class_ids`,`store_class_names`,`joinin_state`,`joinin_message`,`joinin_year`,`sg_name`,`sg_id`,`sg_info`,`sc_name`,`sc_id`,`sc_bail`,`store_class_commis_rates`,`paying_money_certificate`,`paying_money_certificate_explain`,`paying_amount`,`serviceid`) VALUES('197','金邻电子','石家庄市金水区金邻办公设备经营部','0','河北 石家庄市 裕华区','科技市场电子大厦二楼C区205东侧',NULL,NULL,'100','邓传国','18638721820','516755523@qq.com','410105601447460','河北 石家庄市 裕华区','2016-04-21','2026-04-21','批发兼营：办公设备、耗材、电子产品','05319382444801324.jpg','410105601447460','05319382444812833.jpg',NULL,'兴业银行','622908466259199419','东风路支行',NULL,'河北 石家庄市 裕华区',NULL,'1','兴业银行','622908466259199419','东风路支行',NULL,'河北 石家庄市 裕华区','41130219850401512X01',NULL,'05319385075977487.jpg','金邻办公','郑州金邻办公设备经营部','a:1:{i:0;s:15:"1124,1125,1136,";}','a:1:{i:0;s:36:"办公设备,办公设备,投影仪,";}','40',NULL,'1','系统默认','1','a:1:{s:8:"sg_price";s:4:"0.00";}','3C数码','3','0','5',NULL,NULL,'0.00','147505499781511');
INSERT INTO `zmkj_store_joinin` (`member_id`,`member_name`,`company_name`,`company_province_id`,`company_address`,`company_address_detail`,`company_phone`,`company_employee_count`,`company_registered_capital`,`contacts_name`,`contacts_phone`,`contacts_email`,`business_licence_number`,`business_licence_address`,`business_licence_start`,`business_licence_end`,`business_sphere`,`business_licence_number_electronic`,`organization_code`,`organization_code_electronic`,`general_taxpayer`,`bank_account_name`,`bank_account_number`,`bank_name`,`bank_code`,`bank_address`,`bank_licence_electronic`,`is_settlement_account`,`settlement_bank_account_name`,`settlement_bank_account_number`,`settlement_bank_name`,`settlement_bank_code`,`settlement_bank_address`,`tax_registration_certificate`,`taxpayer_id`,`tax_registration_certificate_electronic`,`seller_name`,`store_name`,`store_class_ids`,`store_class_names`,`joinin_state`,`joinin_message`,`joinin_year`,`sg_name`,`sg_id`,`sg_info`,`sc_name`,`sc_id`,`sc_bail`,`store_class_commis_rates`,`paying_money_certificate`,`paying_money_certificate_explain`,`paying_amount`,`serviceid`) VALUES('198','敏锐科技','石家庄市金水区敏锐光电电子产品经营部','0','河北 石家庄市 桥东区','东风路太平洋专业安防市场2A81/82/83号',NULL,NULL,'100','王艳红','13203739827','1752994811@qq.com','410105601131981（1-1）','河北 石家庄市 桥东区','2014-05-26','2024-05-25','批发兼营：电子产品','05320172817950448.jpg','410105601131981（1-1）','05320172817965598.jpg',NULL,'王艳红','6227002433130785383','建设银行',NULL,'河北 石家庄市 桥东区',NULL,'1','王艳红','6227002433130785383','建设银行',NULL,'河北 石家庄市 桥东区','410522198402266425',NULL,'05320173885934728.jpg','敏锐科技','河南敏锐安防科技有限公司','a:1:{i:0;s:15:"1124,1125,1126,";}','a:1:{i:0;s:36:"办公设备,办公设备,打印机,";}','40',NULL,'1','系统默认','1','a:1:{s:8:"sg_price";s:4:"0.00";}','3C数码','3','0','5',NULL,NULL,'0.00','147505499781511');
INSERT INTO `zmkj_store_joinin` (`member_id`,`member_name`,`company_name`,`company_province_id`,`company_address`,`company_address_detail`,`company_phone`,`company_employee_count`,`company_registered_capital`,`contacts_name`,`contacts_phone`,`contacts_email`,`business_licence_number`,`business_licence_address`,`business_licence_start`,`business_licence_end`,`business_sphere`,`business_licence_number_electronic`,`organization_code`,`organization_code_electronic`,`general_taxpayer`,`bank_account_name`,`bank_account_number`,`bank_name`,`bank_code`,`bank_address`,`bank_licence_electronic`,`is_settlement_account`,`settlement_bank_account_name`,`settlement_bank_account_number`,`settlement_bank_name`,`settlement_bank_code`,`settlement_bank_address`,`tax_registration_certificate`,`taxpayer_id`,`tax_registration_certificate_electronic`,`seller_name`,`store_name`,`store_class_ids`,`store_class_names`,`joinin_state`,`joinin_message`,`joinin_year`,`sg_name`,`sg_id`,`sg_info`,`sc_name`,`sc_id`,`sc_bail`,`store_class_commis_rates`,`paying_money_certificate`,`paying_money_certificate_explain`,`paying_amount`,`serviceid`) VALUES('202','享太平科技安防','郑州享太平科技安防','0','河北 石家庄市 裕华区','塔南路106号',NULL,NULL,NULL,'刘清俊','18738178393','983188802@qq.com','41270219950227117X','河北 石家庄市 裕华区','0000-00-00','0000-00-00','刘清俊','05321057213093642.jpg',NULL,NULL,NULL,'郑州享太平科技安防',NULL,'翟营支行',NULL,NULL,NULL,NULL,'刘清俊','18738178393','翟营支行',NULL,NULL,NULL,NULL,NULL,'享太平科技安防','郑州市太平洋防盗器材经营部','a:3:{i:0;s:15:"1150,1164,1173,";i:1;s:15:"1150,1164,1178,";i:2;s:15:"1150,1164,1174,";}','a:3:{i:0;s:36:"电脑安防,安防设备,摄像机,";i:1;s:36:"电脑安防,安防设备,报警器,";i:2;s:36:"电脑安防,安防设备,对讲机,";}','40',NULL,'1','钻石店铺','3','a:1:{s:8:"sg_price";s:4:"0.00";}','3C数码','3','0','5,5,5',NULL,NULL,'0.00','147505499781511');
INSERT INTO `zmkj_store_joinin` (`member_id`,`member_name`,`company_name`,`company_province_id`,`company_address`,`company_address_detail`,`company_phone`,`company_employee_count`,`company_registered_capital`,`contacts_name`,`contacts_phone`,`contacts_email`,`business_licence_number`,`business_licence_address`,`business_licence_start`,`business_licence_end`,`business_sphere`,`business_licence_number_electronic`,`organization_code`,`organization_code_electronic`,`general_taxpayer`,`bank_account_name`,`bank_account_number`,`bank_name`,`bank_code`,`bank_address`,`bank_licence_electronic`,`is_settlement_account`,`settlement_bank_account_name`,`settlement_bank_account_number`,`settlement_bank_name`,`settlement_bank_code`,`settlement_bank_address`,`tax_registration_certificate`,`taxpayer_id`,`tax_registration_certificate_electronic`,`seller_name`,`store_name`,`store_class_ids`,`store_class_names`,`joinin_state`,`joinin_message`,`joinin_year`,`sg_name`,`sg_id`,`sg_info`,`sc_name`,`sc_id`,`sc_bail`,`store_class_commis_rates`,`paying_money_certificate`,`paying_money_certificate_explain`,`paying_amount`,`serviceid`) VALUES('206','康龙对讲机','康龙对讲机','0','河北 石家庄市 新华区','太和电子城',NULL,NULL,NULL,'吴秋红','15859516808','1772695610@qq.com','350583198809023165','河北 石家庄市 新华区','0000-00-00','0000-00-00','吴秋红','05321700057688848.jpg',NULL,NULL,NULL,NULL,NULL,NULL,NULL,NULL,NULL,NULL,'傅泗彬','15890619003','民生银行',NULL,'河北 石家庄市 新华区',NULL,NULL,NULL,'康龙对讲机','康龙对讲机','a:8:{i:0;s:15:"1150,1164,1174,";i:1;s:15:"1150,1164,1178,";i:2;s:15:"1150,1164,1178,";i:3;s:15:"1150,1164,1179,";i:4;s:15:"1150,1164,1180,";i:5;s:15:"1150,1164,1181,";i:6;s:15:"1150,1164,1183,";i:7;s:15:"1150,1164,1184,";}','a:8:{i:0;s:36:"电脑安防,安防设备,对讲机,";i:1;s:36:"电脑安防,安防设备,报警器,";i:2;s:36:"电脑安防,安防设备,报警器,";i:3;s:36:"电脑安防,安防设备,感应器,";i:4;s:36:"电脑安防,安防设备,传感器,";i:5;s:36:"电脑安防,安防设备,广播器,";i:6;s:36:"电脑安防,安防设备,录像机,";i:7;s:36:"电脑安防,安防设备,监视器,";}','40',NULL,'2','钻石店铺','3','a:1:{s:8:"sg_price";s:4:"0.00";}','3C数码','3','0','5,5,5,5,5,5,5,5',NULL,NULL,'0.00','KEFU147505499781511');
INSERT INTO `zmkj_store_joinin` (`member_id`,`member_name`,`company_name`,`company_province_id`,`company_address`,`company_address_detail`,`company_phone`,`company_employee_count`,`company_registered_capital`,`contacts_name`,`contacts_phone`,`contacts_email`,`business_licence_number`,`business_licence_address`,`business_licence_start`,`business_licence_end`,`business_sphere`,`business_licence_number_electronic`,`organization_code`,`organization_code_electronic`,`general_taxpayer`,`bank_account_name`,`bank_account_number`,`bank_name`,`bank_code`,`bank_address`,`bank_licence_electronic`,`is_settlement_account`,`settlement_bank_account_name`,`settlement_bank_account_number`,`settlement_bank_name`,`settlement_bank_code`,`settlement_bank_address`,`tax_registration_certificate`,`taxpayer_id`,`tax_registration_certificate_electronic`,`seller_name`,`store_name`,`store_class_ids`,`store_class_names`,`joinin_state`,`joinin_message`,`joinin_year`,`sg_name`,`sg_id`,`sg_info`,`sc_name`,`sc_id`,`sc_bail`,`store_class_commis_rates`,`paying_money_certificate`,`paying_money_certificate_explain`,`paying_amount`,`serviceid`) VALUES('208','zheng','lllhj','0','河南','hvhvv',NULL,NULL,'866','lkkj','8978986575','uyuy@qq.com','089876','河南 郑州市','2016-11-16','2016-11-16',NULL,'05322807535196718.jpg','98798768',NULL,NULL,'mkljh','09778',';llkkj',NULL,'河南',NULL,'1','mkljh','09778',';llkkj',NULL,'河南','099889789',NULL,'05322808850895700.jpg',NULL,NULL,NULL,NULL,NULL,NULL,'1',NULL,NULL,NULL,NULL,NULL,'0',NULL,NULL,NULL,'0.00','987876');
INSERT INTO `zmkj_store_joinin` (`member_id`,`member_name`,`company_name`,`company_province_id`,`company_address`,`company_address_detail`,`company_phone`,`company_employee_count`,`company_registered_capital`,`contacts_name`,`contacts_phone`,`contacts_email`,`business_licence_number`,`business_licence_address`,`business_licence_start`,`business_licence_end`,`business_sphere`,`business_licence_number_electronic`,`organization_code`,`organization_code_electronic`,`general_taxpayer`,`bank_account_name`,`bank_account_number`,`bank_name`,`bank_code`,`bank_address`,`bank_licence_electronic`,`is_settlement_account`,`settlement_bank_account_name`,`settlement_bank_account_number`,`settlement_bank_name`,`settlement_bank_code`,`settlement_bank_address`,`tax_registration_certificate`,`taxpayer_id`,`tax_registration_certificate_electronic`,`seller_name`,`store_name`,`store_class_ids`,`store_class_names`,`joinin_state`,`joinin_message`,`joinin_year`,`sg_name`,`sg_id`,`sg_info`,`sc_name`,`sc_id`,`sc_bail`,`store_class_commis_rates`,`paying_money_certificate`,`paying_money_certificate_explain`,`paying_amount`,`serviceid`) VALUES('209','宏冠电子','宏冠电子','0','河北 石家庄市 桥东区','东风路太平洋安防市场二层2A65号',NULL,NULL,NULL,'杨庆龙','13922893297','937807122@qq.com','410105601317673','河北 石家庄市 桥东区','2015-11-06','2026-11-11',NULL,'05323711486893370.jpg',NULL,NULL,NULL,'杨庆龙','6226193000879922','民生银行',NULL,'河北 石家庄市 桥东区',NULL,'1','杨庆龙','6226193000879922','民生银行',NULL,'河北 石家庄市 桥东区','111',NULL,'05323712475457186.jpg','宏冠电子','宏冠电子','a:2:{i:0;s:15:"1150,1164,1174,";i:1;s:15:"1150,1164,1184,";}','a:2:{i:0;s:36:"电脑安防,安防设备,对讲机,";i:1;s:36:"电脑安防,安防设备,监视器,";}','40',NULL,'2','钻石店铺','3','a:1:{s:8:"sg_price";s:4:"0.00";}','3C数码','3','0','5,5',NULL,NULL,'0.00','147505499781511');
INSERT INTO `zmkj_store_joinin` (`member_id`,`member_name`,`company_name`,`company_province_id`,`company_address`,`company_address_detail`,`company_phone`,`company_employee_count`,`company_registered_capital`,`contacts_name`,`contacts_phone`,`contacts_email`,`business_licence_number`,`business_licence_address`,`business_licence_start`,`business_licence_end`,`business_sphere`,`business_licence_number_electronic`,`organization_code`,`organization_code_electronic`,`general_taxpayer`,`bank_account_name`,`bank_account_number`,`bank_name`,`bank_code`,`bank_address`,`bank_licence_electronic`,`is_settlement_account`,`settlement_bank_account_name`,`settlement_bank_account_number`,`settlement_bank_name`,`settlement_bank_code`,`settlement_bank_address`,`tax_registration_certificate`,`taxpayer_id`,`tax_registration_certificate_electronic`,`seller_name`,`store_name`,`store_class_ids`,`store_class_names`,`joinin_state`,`joinin_message`,`joinin_year`,`sg_name`,`sg_id`,`sg_info`,`sc_name`,`sc_id`,`sc_bail`,`store_class_commis_rates`,`paying_money_certificate`,`paying_money_certificate_explain`,`paying_amount`,`serviceid`) VALUES('212','优亚商贸','gg','0','河南 郑州市','dfgg',NULL,NULL,'2','fgg','12345433','33455@qq.com','33335566','河南 郑州市','2016-11-18','2024-11-01',NULL,NULL,NULL,NULL,NULL,'yy5','41001532010050208309','gbbb',NULL,'河南 郑州市',NULL,'1','yy5','41001532010050208309','gbbb',NULL,'河南 郑州市','3445555',NULL,'05325994980025509.jpg',NULL,NULL,NULL,NULL,NULL,NULL,'1',NULL,NULL,NULL,NULL,NULL,'0',NULL,NULL,NULL,'0.00','24355666');
INSERT INTO `zmkj_store_joinin` (`member_id`,`member_name`,`company_name`,`company_province_id`,`company_address`,`company_address_detail`,`company_phone`,`company_employee_count`,`company_registered_capital`,`contacts_name`,`contacts_phone`,`contacts_email`,`business_licence_number`,`business_licence_address`,`business_licence_start`,`business_licence_end`,`business_sphere`,`business_licence_number_electronic`,`organization_code`,`organization_code_electronic`,`general_taxpayer`,`bank_account_name`,`bank_account_number`,`bank_name`,`bank_code`,`bank_address`,`bank_licence_electronic`,`is_settlement_account`,`settlement_bank_account_name`,`settlement_bank_account_number`,`settlement_bank_name`,`settlement_bank_code`,`settlement_bank_address`,`tax_registration_certificate`,`taxpayer_id`,`tax_registration_certificate_electronic`,`seller_name`,`store_name`,`store_class_ids`,`store_class_names`,`joinin_state`,`joinin_message`,`joinin_year`,`sg_name`,`sg_id`,`sg_info`,`sc_name`,`sc_id`,`sc_bail`,`store_class_commis_rates`,`paying_money_certificate`,`paying_money_certificate_explain`,`paying_amount`,`serviceid`) VALUES('213','创伟办公','石家庄市管城区荣青办公用品商行','0','河北 石家庄市 新华区','新凯路106号',NULL,NULL,'50','雷英伟','15738353896','2546802620@qq.com','410104600565661','河南 郑州市 管城回族区','2014-01-08','2025-11-05','办公文具，办公用品',NULL,NULL,NULL,NULL,'工商银行','6212261702003456423','郑州分行',NULL,'河南 郑州市 管城回族区',NULL,'1','工商银行','6212261702003456423','郑州分行',NULL,'河南 郑州市 管城回族区','410104600565661',NULL,'05326033431852814.jpg','123456','创伟办公','a:67:{i:0;s:10:"2,151,156,";i:1;s:10:"2,151,157,";i:2;s:10:"2,151,158,";i:3;s:10:"2,151,159,";i:4;s:10:"2,151,160,";i:5;s:12:"3,1058,1059,";i:6;s:12:"3,1058,1060,";i:7;s:12:"3,1058,1061,";i:8;s:12:"3,1058,1062,";i:9;s:12:"1,1063,1064,";i:10;s:12:"1,1063,1065,";i:11;s:12:"1,1063,1066,";i:12;s:12:"1,1063,1067,";i:13;s:12:"1,1063,1068,";i:14;s:12:"1,1063,1069,";i:15;s:12:"1,1063,1070,";i:16;s:15:"1124,1125,1126,";i:17;s:15:"1124,1125,1127,";i:18;s:15:"1124,1125,1128,";i:19;s:14:"470,1087,1093,";i:20;s:14:"730,1107,1108,";i:21;s:15:"1124,1125,1128,";i:22;s:15:"1124,1125,1129,";i:23;s:14:"730,1107,1109,";i:24;s:14:"730,1107,1110,";i:25;s:14:"730,1107,1111,";i:26;s:14:"730,1107,1112,";i:27;s:14:"730,1107,1113,";i:28;s:15:"1137,1138,1139,";i:29;s:15:"1137,1138,1140,";i:30;s:15:"1137,1138,1141,";i:31;s:15:"1137,1138,1142,";i:32;s:15:"1137,1138,1143,";i:33;s:15:"1137,1138,1144,";i:34;s:15:"1137,1138,1145,";i:35;s:15:"1137,1138,1146,";i:36;s:15:"1137,1138,1146,";i:37;s:15:"1137,1138,1147,";i:38;','a:67:{i:0;s:33:"办公耗材,办公耗材,硒鼓,";i:1;s:33:"办公耗材,办公耗材,墨盒,";i:2;s:33:"办公耗材,办公耗材,碳粉,";i:3;s:33:"办公耗材,办公耗材,色带,";i:4;s:42:"办公耗材,办公耗材,打印机色带,";i:5;s:36:"办公家具,办公家具,文件柜,";i:6;s:42:"办公家具,办公家具,空气净化器,";i:7;s:36:"办公家具,办公家具,净水机,";i:8;s:36:"办公家具,办公家具,电风扇,";i:9;s:36:"办公用纸,办公用纸,复印纸,";i:10;s:42:"办公用纸,办公用纸,彩色复印纸,";i:11;s:36:"办公用纸,办公用纸,信稿纸,";i:12;s:36:"办公用纸,办公用纸,便签纸,";i:13;s:36:"办公用纸,办公用纸,传真纸,";i:14;s:36:"办公用纸,办公用纸,复写纸,";i:15;s:36:"办公用纸,办公用纸,打印纸,";i:16;s:36:"办公设备,办公设备,打印机,";i:17;s:36:"办公设备,办公设备,传真机,";i:18;s:36:"办公设备,办公设备,复印机,";i:19;s:39:"办公日用,办公日用,电源插板,";i:20;s:36:"桌面文具,桌面文具,订书机,";i:21;s:36:"办公设备,办公设备,复印机,";i:22;s:36:"办公设备,办公设备,考勤机,";i:23;s:39:"桌面文具,桌面文具,胶水／棒,";i:24;s:39:"桌面文具,桌面文具,测量工具,";i:25;s:33:"桌面文具,桌面文具,票夹,";i:26;s:36:"桌面文具,桌面文具,文件盘,";i:27;s:36:"桌面文具,桌面文具,文件筐,";i:28;s:36:"书写工具,书写工具,签字笔,";i:29;s:36:"书写工具,书写工具,圆珠笔,";i:30;s:36:"书写工具,书写工具,铅笔类,";i:31;s:39:"书写工具,书写工具,自动铅笔,";i:32;s:42:"书写工具,书写工具,笔芯、铅芯,";i:33;s:36:"书写工具,书写工具,记号笔,";i:34;s:39:"书写工具,书写工具,涂改用品,";i:35;s:39:"书写工具,书写工具,复写垫板,";i:36;s:39:"书写工具,书写工具,复写','40',NULL,'1','系统默认','1','a:1:{s:8:"sg_price";s:4:"0.00";}','家居用品','5','0',NULL,NULL,NULL,'0.00','123');
INSERT INTO `zmkj_store_joinin` (`member_id`,`member_name`,`company_name`,`company_province_id`,`company_address`,`company_address_detail`,`company_phone`,`company_employee_count`,`company_registered_capital`,`contacts_name`,`contacts_phone`,`contacts_email`,`business_licence_number`,`business_licence_address`,`business_licence_start`,`business_licence_end`,`business_sphere`,`business_licence_number_electronic`,`organization_code`,`organization_code_electronic`,`general_taxpayer`,`bank_account_name`,`bank_account_number`,`bank_name`,`bank_code`,`bank_address`,`bank_licence_electronic`,`is_settlement_account`,`settlement_bank_account_name`,`settlement_bank_account_number`,`settlement_bank_name`,`settlement_bank_code`,`settlement_bank_address`,`tax_registration_certificate`,`taxpayer_id`,`tax_registration_certificate_electronic`,`seller_name`,`store_name`,`store_class_ids`,`store_class_names`,`joinin_state`,`joinin_message`,`joinin_year`,`sg_name`,`sg_id`,`sg_info`,`sc_name`,`sc_id`,`sc_bail`,`store_class_commis_rates`,`paying_money_certificate`,`paying_money_certificate_explain`,`paying_amount`,`serviceid`) VALUES('215','慧恒电子','石家庄慧恒电子产品有限公司','0','河北 石家庄市 桥东区','文化路科技市场Z区Z2-102',NULL,NULL,'51','段恒立','13373903551','68544154@qq.com','9141010557356644X5','河北 石家庄市 桥东区','2011-04-13','2021-04-12','销售电子产品、计算机及辅助设备和耗材、自动化控制设备、机电设备、通讯器材、计算机维修服务','05326122618558716.jpg','9141010557356644X5','05326122618569788.jpg',NULL,'郑州慧恒电子产品有限公司','8841518010008451','中山支行',NULL,'河北 石家庄市 桥东区',NULL,'1','郑州慧恒电子产品有限公司','8841518010008451','中山支行',NULL,'河北 石家庄市 桥东区','9141010557356644X5',NULL,'05326123456078481.jpg','慧恒电子','郑州慧恒电子产品有限公司','a:7:{i:0;s:15:"1124,1125,1126,";i:1;s:12:"1,1063,1064,";i:2;s:12:"1,1063,1065,";i:3;s:12:"1,1063,1069,";i:4;s:12:"1,1063,1070,";i:5;s:12:"1,1063,1068,";i:6;s:12:"1,1063,1067,";}','a:7:{i:0;s:36:"办公设备,办公设备,打印机,";i:1;s:36:"办公用纸,办公用纸,复印纸,";i:2;s:42:"办公用纸,办公用纸,彩色复印纸,";i:3;s:36:"办公用纸,办公用纸,复写纸,";i:4;s:36:"办公用纸,办公用纸,打印纸,";i:5;s:36:"办公用纸,办公用纸,传真纸,";i:6;s:36:"办公用纸,办公用纸,便签纸,";}','40',NULL,'1','系统默认','1','a:1:{s:8:"sg_price";s:4:"0.00";}','3C数码','3','0','5,5,5,5,5,5,5',NULL,NULL,'0.00','147505499781511');
INSERT INTO `zmkj_store_joinin` (`member_id`,`member_name`,`company_name`,`company_province_id`,`company_address`,`company_address_detail`,`company_phone`,`company_employee_count`,`company_registered_capital`,`contacts_name`,`contacts_phone`,`contacts_email`,`business_licence_number`,`business_licence_address`,`business_licence_start`,`business_licence_end`,`business_sphere`,`business_licence_number_electronic`,`organization_code`,`organization_code_electronic`,`general_taxpayer`,`bank_account_name`,`bank_account_number`,`bank_name`,`bank_code`,`bank_address`,`bank_licence_electronic`,`is_settlement_account`,`settlement_bank_account_name`,`settlement_bank_account_number`,`settlement_bank_name`,`settlement_bank_code`,`settlement_bank_address`,`tax_registration_certificate`,`taxpayer_id`,`tax_registration_certificate_electronic`,`seller_name`,`store_name`,`store_class_ids`,`store_class_names`,`joinin_state`,`joinin_message`,`joinin_year`,`sg_name`,`sg_id`,`sg_info`,`sc_name`,`sc_id`,`sc_bail`,`store_class_commis_rates`,`paying_money_certificate`,`paying_money_certificate_explain`,`paying_amount`,`serviceid`) VALUES('216','慧景电子','石家庄慧景电子科技有限公司','0','河北 石家庄市 新华区','文化路68号科技市场D2-104',NULL,NULL,'51','甄景霞','13333857888','176006676@qq.com','410104100014304','河北 石家庄市 新华区','2002-07-01','2019-06-30','电脑配件及耗材、纸品、纸制品、通讯器材、日用百货、皮革及制品、化工原料、化工产品的销售。','05326232861175564.jpg','410104100014304','05326232861182128.jpg',NULL,'甄景霞','6226193000062149','民生银行文化路支行',NULL,'河北 石家庄市 新华区',NULL,'1','甄景霞','6226193000062149','民生银行文化路支行',NULL,'河南 郑州市 金水区','410104740726480',NULL,'05326233646036235.jpg','慧景电子','郑州慧景电子科技有限公司','a:9:{i:0;s:10:"2,151,159,";i:1;s:12:"1,1063,1064,";i:2;s:12:"1,1063,1065,";i:3;s:12:"1,1063,1066,";i:4;s:10:"2,151,158,";i:5;s:12:"1,1063,1067,";i:6;s:12:"1,1063,1068,";i:7;s:12:"1,1063,1069,";i:8;s:12:"1,1063,1070,";}','a:9:{i:0;s:33:"办公耗材,办公耗材,色带,";i:1;s:36:"办公用纸,办公用纸,复印纸,";i:2;s:42:"办公用纸,办公用纸,彩色复印纸,";i:3;s:36:"办公用纸,办公用纸,信稿纸,";i:4;s:33:"办公耗材,办公耗材,碳粉,";i:5;s:36:"办公用纸,办公用纸,便签纸,";i:6;s:36:"办公用纸,办公用纸,传真纸,";i:7;s:36:"办公用纸,办公用纸,复写纸,";i:8;s:36:"办公用纸,办公用纸,打印纸,";}','40',NULL,'1','系统默认','1','a:1:{s:8:"sg_price";s:4:"0.00";}','3C数码','3','0','5,5,5,5,5,5,5,5,5',NULL,NULL,'0.00','147505499781511');
INSERT INTO `zmkj_store_joinin` (`member_id`,`member_name`,`company_name`,`company_province_id`,`company_address`,`company_address_detail`,`company_phone`,`company_employee_count`,`company_registered_capital`,`contacts_name`,`contacts_phone`,`contacts_email`,`business_licence_number`,`business_licence_address`,`business_licence_start`,`business_licence_end`,`business_sphere`,`business_licence_number_electronic`,`organization_code`,`organization_code_electronic`,`general_taxpayer`,`bank_account_name`,`bank_account_number`,`bank_name`,`bank_code`,`bank_address`,`bank_licence_electronic`,`is_settlement_account`,`settlement_bank_account_name`,`settlement_bank_account_number`,`settlement_bank_name`,`settlement_bank_code`,`settlement_bank_address`,`tax_registration_certificate`,`taxpayer_id`,`tax_registration_certificate_electronic`,`seller_name`,`store_name`,`store_class_ids`,`store_class_names`,`joinin_state`,`joinin_message`,`joinin_year`,`sg_name`,`sg_id`,`sg_info`,`sc_name`,`sc_id`,`sc_bail`,`store_class_commis_rates`,`paying_money_certificate`,`paying_money_certificate_explain`,`paying_amount`,`serviceid`) VALUES('217','郑州鑫洋科技','石家庄鑫洋科技电子有限公司','0','河北 石家庄市 新华区','太和电子城',NULL,NULL,'100000','郭红勤','18603814288','470509222@qq.COM','410105600880650','河北 石家庄市 新华区','2012-07-31','2026-11-24','投影机，多媒体设备，录播教室，大屏拼接融合','05326256249581775.jpg',NULL,NULL,NULL,'郭红勤','6214833710310213','文化路支行',NULL,'河南 郑州市 金水区',NULL,'1','郭红勤','6214833710310213','文化路支行',NULL,'河北 石家庄市 新华区','411022197604077242',NULL,'05326257100666508.jpg','投影机批发','郑州鑫洋科技','a:1:{i:0;s:15:"1124,1125,1136,";}','a:1:{i:0;s:36:"办公设备,办公设备,投影仪,";}','40',NULL,'2','钻石店铺','3','a:1:{s:8:"sg_price";s:4:"0.00";}','3C数码','3','0','5',NULL,NULL,'0.00','147505499781511');
INSERT INTO `zmkj_store_joinin` (`member_id`,`member_name`,`company_name`,`company_province_id`,`company_address`,`company_address_detail`,`company_phone`,`company_employee_count`,`company_registered_capital`,`contacts_name`,`contacts_phone`,`contacts_email`,`business_licence_number`,`business_licence_address`,`business_licence_start`,`business_licence_end`,`business_sphere`,`business_licence_number_electronic`,`organization_code`,`organization_code_electronic`,`general_taxpayer`,`bank_account_name`,`bank_account_number`,`bank_name`,`bank_code`,`bank_address`,`bank_licence_electronic`,`is_settlement_account`,`settlement_bank_account_name`,`settlement_bank_account_number`,`settlement_bank_name`,`settlement_bank_code`,`settlement_bank_address`,`tax_registration_certificate`,`taxpayer_id`,`tax_registration_certificate_electronic`,`seller_name`,`store_name`,`store_class_ids`,`store_class_names`,`joinin_state`,`joinin_message`,`joinin_year`,`sg_name`,`sg_id`,`sg_info`,`sc_name`,`sc_id`,`sc_bail`,`store_class_commis_rates`,`paying_money_certificate`,`paying_money_certificate_explain`,`paying_amount`,`serviceid`) VALUES('246','test321','任我行电子商铺','0','河北 石家庄市 桥东区','红旗大街88号',NULL,NULL,NULL,'任我行','13882888828','12345@qq.com','130570198811200233',NULL,NULL,NULL,'任我行','05688202789222202.jpg',NULL,NULL,NULL,NULL,NULL,NULL,NULL,NULL,NULL,NULL,'renwoxing','renwoxing@qq.com',NULL,NULL,NULL,NULL,NULL,NULL,'renwoxing','任我行电脑旗舰店','a:2:{i:0;s:15:"1124,1125,1126,";i:1;s:15:"1150,1163,1169,";}','a:2:{i:0;s:36:"办公设备,办公设备,打印机,";i:1;s:33:"电脑安防,电脑配件,主板,";}','40',NULL,'1','钻石店铺','3','a:1:{s:8:"sg_price";s:4:"0.00";}','3C数码','3','0','5,5',NULL,NULL,'0.00','12345');
INSERT INTO `zmkj_store_joinin` (`member_id`,`member_name`,`company_name`,`company_province_id`,`company_address`,`company_address_detail`,`company_phone`,`company_employee_count`,`company_registered_capital`,`contacts_name`,`contacts_phone`,`contacts_email`,`business_licence_number`,`business_licence_address`,`business_licence_start`,`business_licence_end`,`business_sphere`,`business_licence_number_electronic`,`organization_code`,`organization_code_electronic`,`general_taxpayer`,`bank_account_name`,`bank_account_number`,`bank_name`,`bank_code`,`bank_address`,`bank_licence_electronic`,`is_settlement_account`,`settlement_bank_account_name`,`settlement_bank_account_number`,`settlement_bank_name`,`settlement_bank_code`,`settlement_bank_address`,`tax_registration_certificate`,`taxpayer_id`,`tax_registration_certificate_electronic`,`seller_name`,`store_name`,`store_class_ids`,`store_class_names`,`joinin_state`,`joinin_message`,`joinin_year`,`sg_name`,`sg_id`,`sg_info`,`sc_name`,`sc_id`,`sc_bail`,`store_class_commis_rates`,`paying_money_certificate`,`paying_money_certificate_explain`,`paying_amount`,`serviceid`) VALUES('255','点对点商贸','石家庄点对点商贸有限公司','0','河北 石家庄市 桥西区','河北省石家庄市桥西区振二街南苑2-2-103',NULL,NULL,'300','王娜','13933883653','798456@qq.com','911301040966155860','河北 石家庄市 桥西区','2014-04-04','2028-01-06',NULL,'05693437983065097.jpg',NULL,NULL,NULL,'石家庄点对点商贸有限公司','13001610900052501650','中国建设银行股份有限公司石家庄裕华万达广场支行',NULL,'河北 石家庄市 桥西区',NULL,'2','石家庄点对点商贸有限公司','13001610900052501650','中国建设银行股份有限公司石家庄裕华万达广场支行',NULL,'河北 石家庄市 桥西区','2164565',NULL,'05693439480214293.jpg','点对点商贸','石家庄点对点商贸有限公司','a:6:{i:0;s:15:"1124,1241,1242,";i:1;s:15:"1124,1206,1208,";i:2;s:15:"1124,1245,1254,";i:3;s:12:"2,1278,1279,";i:4;s:12:"1,1063,1286,";i:5;s:12:"3,1311,1312,";}','a:6:{i:0;s:72:"办公设备,复印机及速印机,彩色数码复印机（复合机）,";i:1;s:48:"办公设备,多功能一体机,喷墨一体机,";i:2;s:45:"办公设备,打印机,彩色激光打印机,";i:3;s:42:"办公耗材,激光打印机耗材,硒鼓,";i:4;s:35:"办公用纸,复印纸,A4复印纸,";i:5;s:42:"办公文具,桌面文具,文具盒、袋,";}','40',NULL,'2','系统默认','1','a:1:{s:8:"sg_price";s:4:"0.00";}','3C数码','3','0','5,5,5,5,5,5',NULL,NULL,'0.00','459785615');
INSERT INTO `zmkj_store_joinin` (`member_id`,`member_name`,`company_name`,`company_province_id`,`company_address`,`company_address_detail`,`company_phone`,`company_employee_count`,`company_registered_capital`,`contacts_name`,`contacts_phone`,`contacts_email`,`business_licence_number`,`business_licence_address`,`business_licence_start`,`business_licence_end`,`business_sphere`,`business_licence_number_electronic`,`organization_code`,`organization_code_electronic`,`general_taxpayer`,`bank_account_name`,`bank_account_number`,`bank_name`,`bank_code`,`bank_address`,`bank_licence_electronic`,`is_settlement_account`,`settlement_bank_account_name`,`settlement_bank_account_number`,`settlement_bank_name`,`settlement_bank_code`,`settlement_bank_address`,`tax_registration_certificate`,`taxpayer_id`,`tax_registration_certificate_electronic`,`seller_name`,`store_name`,`store_class_ids`,`store_class_names`,`joinin_state`,`joinin_message`,`joinin_year`,`sg_name`,`sg_id`,`sg_info`,`sc_name`,`sc_id`,`sc_bail`,`store_class_commis_rates`,`paying_money_certificate`,`paying_money_certificate_explain`,`paying_amount`,`serviceid`) VALUES('253','zhengze','正则电子商行','0','河北 石家庄市 新华区','太和电子城B302',NULL,NULL,'2000','张以某','13886268888','13886268888@qq.com','13886268888','河北 石家庄市 桥东区','2017-01-04','2021-01-09',NULL,'05690283041426353.gif',NULL,NULL,NULL,'中国银行','6266765889768977','中国银行石家庄分行新华区支行',NULL,'河北 石家庄市 新华区',NULL,'2','中国银行','6266765889768977','中国银行石家庄分行新华区支行',NULL,'河北 石家庄市 新华区','DX1980223L',NULL,'05690284230973370.gif','zhengze','正则电子商行','a:1:{i:0;s:15:"1124,1245,1252,";}','a:1:{i:0;s:42:"办公设备,打印机,大幅面打印机,";}','40',NULL,'1','钻石店铺','3','a:1:{s:8:"sg_price";s:4:"0.00";}','3C数码','3','0','5',NULL,NULL,'0.00','13886268888');
INSERT INTO `zmkj_store_joinin` (`member_id`,`member_name`,`company_name`,`company_province_id`,`company_address`,`company_address_detail`,`company_phone`,`company_employee_count`,`company_registered_capital`,`contacts_name`,`contacts_phone`,`contacts_email`,`business_licence_number`,`business_licence_address`,`business_licence_start`,`business_licence_end`,`business_sphere`,`business_licence_number_electronic`,`organization_code`,`organization_code_electronic`,`general_taxpayer`,`bank_account_name`,`bank_account_number`,`bank_name`,`bank_code`,`bank_address`,`bank_licence_electronic`,`is_settlement_account`,`settlement_bank_account_name`,`settlement_bank_account_number`,`settlement_bank_name`,`settlement_bank_code`,`settlement_bank_address`,`tax_registration_certificate`,`taxpayer_id`,`tax_registration_certificate_electronic`,`seller_name`,`store_name`,`store_class_ids`,`store_class_names`,`joinin_state`,`joinin_message`,`joinin_year`,`sg_name`,`sg_id`,`sg_info`,`sc_name`,`sc_id`,`sc_bail`,`store_class_commis_rates`,`paying_money_certificate`,`paying_money_certificate_explain`,`paying_amount`,`serviceid`) VALUES('254','123abc','125','0','河北 秦皇岛市','123233',NULL,NULL,'200','232123','5320320','1234@qq.com','23333333333333','河北 秦皇岛市','2018-01-18','2026-01-02',NULL,'05690704521187060.png',NULL,NULL,NULL,'1326','312','231',NULL,'黑龙江 鸡西市',NULL,'2','312','6512','213',NULL,'河北','232156',NULL,'05690704798366965.png','321','123','a:3:{i:0;s:14:"308,1071,1074,";i:1;s:15:"1124,1206,1207,";i:2;s:12:"2,1262,1265,";}','a:3:{i:0;s:36:"财务用品,财务用品,报销单,";i:1;s:54:"办公设备,多功能一体机,黑白激光一体机,";i:2;s:45:"办公耗材,针式打印机耗材,色带架,";}','10',NULL,'1','白金店铺','2','a:1:{s:8:"sg_price";s:4:"0.00";}','3C数码','3','0','5,5,5',NULL,NULL,'0.00','56666132');
INSERT INTO `zmkj_store_watermark` (`wm_id`,`jpeg_quality`,`wm_image_name`,`wm_image_pos`,`wm_image_transition`,`wm_text`,`wm_text_size`,`wm_text_angle`,`wm_text_pos`,`wm_text_font`,`wm_text_color`,`wm_is_open`,`store_id`) VALUES('3','90',NULL,'1','20',NULL,'20','4','3','default','#CCCCCC','0','39');
INSERT INTO `zmkj_store_watermark` (`wm_id`,`jpeg_quality`,`wm_image_name`,`wm_image_pos`,`wm_image_transition`,`wm_text`,`wm_text_size`,`wm_text_angle`,`wm_text_pos`,`wm_text_font`,`wm_text_color`,`wm_is_open`,`store_id`) VALUES('4','90',NULL,'1','20',NULL,'20','4','3','default','#CCCCCC','0','41');

INSERT INTO `zmkj_type` (`type_id`,`type_name`,`type_sort`,`class_id`,`class_name`) VALUES('44','投影仪','3','1124','办公设备');
INSERT INTO `zmkj_type` (`type_id`,`type_name`,`type_sort`,`class_id`,`class_name`) VALUES('43','电脑','2','1200','办公设备');
INSERT INTO `zmkj_type` (`type_id`,`type_name`,`type_sort`,`class_id`,`class_name`) VALUES('42','打印机','1','1124','办公设备');
INSERT INTO `zmkj_type` (`type_id`,`type_name`,`type_sort`,`class_id`,`class_name`) VALUES('45','复印机','4','1124','办公设备');
INSERT INTO `zmkj_type` (`type_id`,`type_name`,`type_sort`,`class_id`,`class_name`) VALUES('46','传真机','5','1124','办公设备');

INSERT INTO `zmkj_type_brand` (`type_id`,`brand_id`) VALUES('43','381');
INSERT INTO `zmkj_type_brand` (`type_id`,`brand_id`) VALUES('42','366');
INSERT INTO `zmkj_type_brand` (`type_id`,`brand_id`) VALUES('42','367');
INSERT INTO `zmkj_type_brand` (`type_id`,`brand_id`) VALUES('42','368');
INSERT INTO `zmkj_type_brand` (`type_id`,`brand_id`) VALUES('42','369');
INSERT INTO `zmkj_type_brand` (`type_id`,`brand_id`) VALUES('42','370');
INSERT INTO `zmkj_type_brand` (`type_id`,`brand_id`) VALUES('42','371');
INSERT INTO `zmkj_type_brand` (`type_id`,`brand_id`) VALUES('42','372');
INSERT INTO `zmkj_type_brand` (`type_id`,`brand_id`) VALUES('42','373');
INSERT INTO `zmkj_type_brand` (`type_id`,`brand_id`) VALUES('42','374');
INSERT INTO `zmkj_type_brand` (`type_id`,`brand_id`) VALUES('42','375');
INSERT INTO `zmkj_type_brand` (`type_id`,`brand_id`) VALUES('42','376');
INSERT INTO `zmkj_type_brand` (`type_id`,`brand_id`) VALUES('42','377');
INSERT INTO `zmkj_type_brand` (`type_id`,`brand_id`) VALUES('42','378');
INSERT INTO `zmkj_type_brand` (`type_id`,`brand_id`) VALUES('42','379');
INSERT INTO `zmkj_type_brand` (`type_id`,`brand_id`) VALUES('42','380');
INSERT INTO `zmkj_type_brand` (`type_id`,`brand_id`) VALUES('42','381');
INSERT INTO `zmkj_type_brand` (`type_id`,`brand_id`) VALUES('43','380');
INSERT INTO `zmkj_type_brand` (`type_id`,`brand_id`) VALUES('43','379');
INSERT INTO `zmkj_type_brand` (`type_id`,`brand_id`) VALUES('43','378');
INSERT INTO `zmkj_type_brand` (`type_id`,`brand_id`) VALUES('43','377');
INSERT INTO `zmkj_type_brand` (`type_id`,`brand_id`) VALUES('43','376');
INSERT INTO `zmkj_type_brand` (`type_id`,`brand_id`) VALUES('43','375');
INSERT INTO `zmkj_type_brand` (`type_id`,`brand_id`) VALUES('43','374');
INSERT INTO `zmkj_type_brand` (`type_id`,`brand_id`) VALUES('43','373');
INSERT INTO `zmkj_type_brand` (`type_id`,`brand_id`) VALUES('43','372');
INSERT INTO `zmkj_type_brand` (`type_id`,`brand_id`) VALUES('43','371');
INSERT INTO `zmkj_type_brand` (`type_id`,`brand_id`) VALUES('43','370');
INSERT INTO `zmkj_type_brand` (`type_id`,`brand_id`) VALUES('43','369');
INSERT INTO `zmkj_type_brand` (`type_id`,`brand_id`) VALUES('43','368');
INSERT INTO `zmkj_type_brand` (`type_id`,`brand_id`) VALUES('43','367');
INSERT INTO `zmkj_type_brand` (`type_id`,`brand_id`) VALUES('43','366');
INSERT INTO `zmkj_type_spec` (`type_id`,`sp_id`) VALUES('43','22');
INSERT INTO `zmkj_type_spec` (`type_id`,`sp_id`) VALUES('43','23');
INSERT INTO `zmkj_type_spec` (`type_id`,`sp_id`) VALUES('43','20');
INSERT INTO `zmkj_type_spec` (`type_id`,`sp_id`) VALUES('42','24');
INSERT INTO `zmkj_type_spec` (`type_id`,`sp_id`) VALUES('42','22');
INSERT INTO `zmkj_type_spec` (`type_id`,`sp_id`) VALUES('42','23');
INSERT INTO `zmkj_type_spec` (`type_id`,`sp_id`) VALUES('42','20');
INSERT INTO `zmkj_type_spec` (`type_id`,`sp_id`) VALUES('43','24');
INSERT INTO `zmkj_type_spec` (`type_id`,`sp_id`) VALUES('45','20');
INSERT INTO `zmkj_type_spec` (`type_id`,`sp_id`) VALUES('45','24');
INSERT INTO `zmkj_type_spec` (`type_id`,`sp_id`) VALUES('45','23');
INSERT INTO `zmkj_type_spec` (`type_id`,`sp_id`) VALUES('46','20');
INSERT INTO `zmkj_type_spec` (`type_id`,`sp_id`) VALUES('46','24');
INSERT INTO `zmkj_type_spec` (`type_id`,`sp_id`) VALUES('46','23');
INSERT INTO `zmkj_web` (`web_id`,`web_name`,`style_name`,`web_page`,`update_time`,`web_sort`,`web_show`,`web_html`) VALUES('1','设备租赁','pink','index','1515902827','1','1','
<div class="home-standard-layout wrapper style-pink">

  <div class="left-sidebar">
    <div class="title">
      	      	    <div class="txt-type">
                        <span>1F</span>                        <h2 title="设备租赁">设备租赁</h2>
            </div>
      	    </div>
    <div class="recommend-classes">
      <ul>
                  		                            <li><a href="http://www.nrwspt.com/shop/index.php?act=search&op=index&cate_id=265" title="复印机" target="_blank">复印机</a></li>
		                            <li><a href="http://www.nrwspt.com/shop/index.php?act=search&op=index&cate_id=266" title="打印机" target="_blank">打印机</a></li>
		                            <li><a href="http://www.nrwspt.com/shop/index.php?act=search&op=index&cate_id=268" title="一体机" target="_blank">一体机</a></li>
		                            <li><a href="http://www.nrwspt.com/shop/index.php?act=search&op=index&cate_id=270" title="投影仪" target="_blank">投影仪</a></li>
		                            <li><a href="http://www.nrwspt.com/shop/index.php?act=search&op=index&cate_id=273" title="创意配件" target="_blank">创意配件</a></li>
		                            <li><a href="http://www.nrwspt.com/shop/index.php?act=search&op=index&cate_id=1125" title="办公设备" target="_blank">办公设备</a></li>
		                            <li><a href="http://www.nrwspt.com/shop/index.php?act=search&op=index&cate_id=1060" title="空气净化器" target="_blank">空气净化器</a></li>
		                            <li><a href="http://www.nrwspt.com/shop/index.php?act=search&op=index&cate_id=1061" title="净水机" target="_blank">净水机</a></li>
		                                          </ul>
    </div>
    <div class="left-ads">
      	      	<a href="http://www.bangongshi.ren/shop" title="" target="_blank">
      	<img src="http://www.nrwspt.com/data/upload/shop/common/loading.gif" alt="" data-url="http://www.nrwspt.com/data/upload/shop/editor/web-1-13.png?316" rel="lazy" />
      	</a>
      	    </div>
    
	
	                  </div>
  <div class="middle-layout">
  <ul class="right-brand">

                                          <li>
          <a href="http://www.nrwspt.com/shop/index.php?act=brand&op=list&brand=190" title="惠普" target="_blank">惠普</a>
        </li>
                          <li>
          <a href="http://www.nrwspt.com/shop/index.php?act=brand&op=list&brand=208" title="三星" target="_blank">三星</a>
        </li>
                          <li>
          <a href="http://www.nrwspt.com/shop/index.php?act=brand&op=list&brand=192" title="爱普生" target="_blank">爱普生</a>
        </li>
                          <li>
          <a href="http://www.nrwspt.com/shop/index.php?act=brand&op=list&brand=181" title="联想打印机" target="_blank">联想打印机</a>
        </li>
                                                       <li>
          <a href="http://www.nrwspt.com/index.php?act=brand&op=index" title="" target="_blank">更多</a>
        </li>
            </ul>
    <ul class="tabs-nav">
    
                                            <li class="tabs-selected"><i class="arrow"></i><h3>商品推荐</h3></li>
                                        </ul>
    <div class="right-side-layout">
    	<div class="right-side-focus">
      <ul>
                                                                                <li><a href="" title="" target="_blank">
                        <img src="http://www.nrwspt.com/data/upload/shop/common/loading.gif" alt="" data-url="http://www.nrwspt.com/data/upload/shop/editor/web-1-18-2.jpg?524" rel="lazy" /></a>
                      	</li>
                                                                </ul>
    </div>
    
    </div>
    
                                                                                                <div class="tabs-panel middle-goods-list ">
                                    <ul>
                                                                          <li>
                                        <dl>
                                          <dt class="goods-name"><a target="_blank" href="http://www.nrwspt.com/shop/index.php?act=goods&op=index&goods_id=100226" title="三木碎纸机MSD9711 大功率大容量静音保密 大型办公保密设备粉碎机">
                                          	三木碎纸机MSD9711 大功率大容量静音保密 大型办公保密设备粉碎机</a></dt>
                                          <dd class="goods-thumb">
                                          	<a target="_blank" href="http://www.nrwspt.com/shop/index.php?act=goods&op=index&goods_id=100226">
                                          	<img src="http://www.nrwspt.com/data/upload/shop/common/loading.gif" alt="三木碎纸机MSD9711 大功率大容量静音保密 大型办公保密设备粉碎机" data-url="http://www.nrwspt.com/data/upload/shop/store/goods/10/2016/11/10_05320296415892535_240.jpg" rel="lazy" />
                                          	</a></dd>
                                          <dd class="goods-price"><em>￥1280.00</em>
                                            </dd>
                                        </dl>
                                      </li>
                                                                          <li>
                                        <dl>
                                          <dt class="goods-name"><a target="_blank" href="http://www.nrwspt.com/shop/index.php?act=goods&op=index&goods_id=100196" title="三木碎纸机MSD9355 电动办公">
                                          	三木碎纸机MSD9355 电动办公</a></dt>
                                          <dd class="goods-thumb">
                                          	<a target="_blank" href="http://www.nrwspt.com/shop/index.php?act=goods&op=index&goods_id=100196">
                                          	<img src="http://www.nrwspt.com/data/upload/shop/common/loading.gif" alt="三木碎纸机MSD9355 电动办公" data-url="http://www.nrwspt.com/data/upload/shop/store/goods/10/2016/11/10_05319414194520808_240.jpg" rel="lazy" />
                                          	</a></dd>
                                          <dd class="goods-price"><em>￥880.00</em>
                                            </dd>
                                        </dl>
                                      </li>
                                                                          <li>
                                        <dl>
                                          <dt class="goods-name"><a target="_blank" href="http://www.nrwspt.com/shop/index.php?act=goods&op=index&goods_id=100487" title="得力验钞机银行专用小型便携式家用办公2016新版人民币智能点钞机">
                                          	得力验钞机银行专用小型便携式家用办公2016新版人民币智能点钞机</a></dt>
                                          <dd class="goods-thumb">
                                          	<a target="_blank" href="http://www.nrwspt.com/shop/index.php?act=goods&op=index&goods_id=100487">
                                          	<img src="http://www.nrwspt.com/data/upload/shop/common/loading.gif" alt="得力验钞机银行专用小型便携式家用办公2016新版人民币智能点钞机" data-url="http://www.nrwspt.com/data/upload/shop/store/goods/35/2016/11/35_05332099169538917_240.jpg" rel="lazy" />
                                          	</a></dd>
                                          <dd class="goods-price"><em>￥599.00</em>
                                            </dd>
                                        </dl>
                                      </li>
                                                                          <li>
                                        <dl>
                                          <dt class="goods-name"><a target="_blank" href="http://www.nrwspt.com/shop/index.php?act=goods&op=index&goods_id=100185" title="三木智能语音点钞机9415新版人民币c类银行专用便携数钱钞验钞机">
                                          	三木智能语音点钞机9415新版人民币c类银行专用便携数钱钞验钞机</a></dt>
                                          <dd class="goods-thumb">
                                          	<a target="_blank" href="http://www.nrwspt.com/shop/index.php?act=goods&op=index&goods_id=100185">
                                          	<img src="http://www.nrwspt.com/data/upload/shop/common/loading.gif" alt="三木智能语音点钞机9415新版人民币c类银行专用便携数钱钞验钞机" data-url="http://www.nrwspt.com/data/upload/shop/store/goods/10/2016/11/10_05319160772118477_240.jpg" rel="lazy" />
                                          	</a></dd>
                                          <dd class="goods-price"><em>￥329.00</em>
                                            </dd>
                                        </dl>
                                      </li>
                                                                          <li>
                                        <dl>
                                          <dt class="goods-name"><a target="_blank" href="http://www.nrwspt.com/shop/index.php?act=goods&op=index&goods_id=100224" title="三木塑封机SF9911 相片压膜过塑机过胶覆膜机 A4文件照片过膜机">
                                          	三木塑封机SF9911 相片压膜过塑机过胶覆膜机 A4文件照片过膜机</a></dt>
                                          <dd class="goods-thumb">
                                          	<a target="_blank" href="http://www.nrwspt.com/shop/index.php?act=goods&op=index&goods_id=100224">
                                          	<img src="http://www.nrwspt.com/data/upload/shop/common/loading.gif" alt="三木塑封机SF9911 相片压膜过塑机过胶覆膜机 A4文件照片过膜机" data-url="http://www.nrwspt.com/data/upload/shop/store/goods/10/2016/11/10_05320290724049614_240.jpg" rel="lazy" />
                                          	</a></dd>
                                          <dd class="goods-price"><em>￥255.00</em>
                                            </dd>
                                        </dl>
                                      </li>
                                                                          <li>
                                        <dl>
                                          <dt class="goods-name"><a target="_blank" href="http://www.nrwspt.com/shop/index.php?act=goods&op=index&goods_id=100223" title="三木塑封机SF9921 A3照片相片压膜过膜过塑机覆膜机冷裱机塑封机">
                                          	三木塑封机SF9921 A3照片相片压膜过膜过塑机覆膜机冷裱机塑封机</a></dt>
                                          <dd class="goods-thumb">
                                          	<a target="_blank" href="http://www.nrwspt.com/shop/index.php?act=goods&op=index&goods_id=100223">
                                          	<img src="http://www.nrwspt.com/data/upload/shop/common/loading.gif" alt="三木塑封机SF9921 A3照片相片压膜过膜过塑机覆膜机冷裱机塑封机" data-url="http://www.nrwspt.com/data/upload/shop/store/goods/10/2016/11/10_05320287863471509_240.jpg" rel="lazy" />
                                          	</a></dd>
                                          <dd class="goods-price"><em>￥335.00</em>
                                            </dd>
                                        </dl>
                                      </li>
                                                                        </ul>
                                  </div>
                                                                </div>
  
</div>
  ');
INSERT INTO `zmkj_web` (`web_id`,`web_name`,`style_name`,`web_page`,`update_time`,`web_sort`,`web_show`,`web_html`) VALUES('2','办公设备','blue','index','1515902827','2','1','
<div class="home-standard-layout wrapper style-blue">

  <div class="left-sidebar">
    <div class="title">
      	      	    <div class="txt-type">
                        <span>2F</span>                        <h2 title="办公设备">办公设备</h2>
            </div>
      	    </div>
    <div class="recommend-classes">
      <ul>
                  		                            <li><a href="http://www.nrwspt.com/shop/index.php?act=search&op=index&cate_id=151" title="办公耗材" target="_blank">办公耗材</a></li>
		                                          </ul>
    </div>
    <div class="left-ads">
      	      	<a href="http://www.bangongshi.ren/shop/index.php?act=goods&amp;op=index&amp;goods_id=100138" title="爱普生（EPSON）平推 针式打印机 LQ-610K 税票专用" target="_blank">
      	<img src="http://www.nrwspt.com/data/upload/shop/common/loading.gif" alt="爱普生（EPSON）平推 针式打印机 LQ-610K 税票专用" data-url="http://www.nrwspt.com/data/upload/shop/editor/web-2-23.jpg?391" rel="lazy" />
      	</a>
      	    </div>
    
	
	                  </div>
  <div class="middle-layout">
  <ul class="right-brand">

                                          <li>
          <a href="http://www.nrwspt.com/shop/index.php?act=brand&op=list&brand=190" title="惠普" target="_blank">惠普</a>
        </li>
                          <li>
          <a href="http://www.nrwspt.com/shop/index.php?act=brand&op=list&brand=178" title="得力" target="_blank">得力</a>
        </li>
                                                       <li>
          <a href="http://www.nrwspt.com/index.php?act=brand&op=index" title="" target="_blank">更多</a>
        </li>
            </ul>
    <ul class="tabs-nav">
    
                                            <li class="tabs-selected"><i class="arrow"></i><h3>商品推荐</h3></li>
                                        </ul>
    <div class="right-side-layout">
    	<div class="right-side-focus">
      <ul>
                                                                                <li><a href="http://www.bangongshi.ren/shop/index.php?act=goods&amp;op=index&amp;goods_id=100137" title="爱普生 (EPSON) L565 墨仓式传真打印一体机" target="_blank">
                        <img src="http://www.nrwspt.com/data/upload/shop/common/loading.gif" alt="爱普生 (EPSON) L565 墨仓式传真打印一体机" data-url="http://www.nrwspt.com/data/upload/shop/editor/web-2-28-1.jpg?725" rel="lazy" /></a>
                      	</li>
                                                                                    <li><a href="http://www.bangongshi.ren/shop/index.php?act=goods&amp;op=index&amp;goods_id=100143" title="惠普（HP）DeskJet 2132 惠众系列彩色喷墨一体机" target="_blank">
                        <img src="http://www.nrwspt.com/data/upload/shop/common/loading.gif" alt="惠普（HP）DeskJet 2132 惠众系列彩色喷墨一体机" data-url="http://www.nrwspt.com/data/upload/shop/editor/web-2-28-2.jpg?906" rel="lazy" /></a>
                      	</li>
                                                                                    <li><a href="http://www.bangongshi.ren/shop/index.php?act=goods&amp;op=index&amp;goods_id=100129" title="惠普（HP） LaserJet Pro M1136 黑白多功能激光一体机" target="_blank">
                        <img src="http://www.nrwspt.com/data/upload/shop/common/loading.gif" alt="惠普（HP） LaserJet Pro M1136 黑白多功能激光一体机" data-url="http://www.nrwspt.com/data/upload/shop/editor/web-2-28-3.jpg?105" rel="lazy" /></a>
                      	</li>
                                                                </ul>
    </div>
    
    </div>
    
                                                                                                <div class="tabs-panel middle-goods-list ">
                                    <ul>
                                                                          <li>
                                        <dl>
                                          <dt class="goods-name"><a target="_blank" href="http://www.nrwspt.com/shop/index.php?act=goods&op=index&goods_id=100145" title="惠普hp laser jet pro m202dw 黑白激光打印机自动双面打印代替1606">
                                          	惠普hp laser jet pro m202dw 黑白激光打印机自动双面打印代替1606</a></dt>
                                          <dd class="goods-thumb">
                                          	<a target="_blank" href="http://www.nrwspt.com/shop/index.php?act=goods&op=index&goods_id=100145">
                                          	<img src="http://www.nrwspt.com/data/upload/shop/common/loading.gif" alt="惠普hp laser jet pro m202dw 黑白激光打印机自动双面打印代替1606" data-url="http://www.nrwspt.com/data/upload/shop/store/goods/4/2016/11/4_05313956122487948_240.png" rel="lazy" />
                                          	</a></dd>
                                          <dd class="goods-price"><em>￥1650.00</em>
                                            </dd>
                                        </dl>
                                      </li>
                                                                          <li>
                                        <dl>
                                          <dt class="goods-name"><a target="_blank" href="http://www.nrwspt.com/shop/index.php?act=goods&op=index&goods_id=100142" title="惠普（HP） LaserJet Pro CP1025 彩色激光打印机">
                                          	惠普（HP） LaserJet Pro CP1025 彩色激光打印机</a></dt>
                                          <dd class="goods-thumb">
                                          	<a target="_blank" href="http://www.nrwspt.com/shop/index.php?act=goods&op=index&goods_id=100142">
                                          	<img src="http://www.nrwspt.com/data/upload/shop/common/loading.gif" alt="惠普（HP） LaserJet Pro CP1025 彩色激光打印机" data-url="http://www.nrwspt.com/data/upload/shop/store/goods/4/2016/11/4_05313364473935401_240.png" rel="lazy" />
                                          	</a></dd>
                                          <dd class="goods-price"><em>￥1520.00</em>
                                            </dd>
                                        </dl>
                                      </li>
                                                                          <li>
                                        <dl>
                                          <dt class="goods-name"><a target="_blank" href="http://www.nrwspt.com/shop/index.php?act=goods&op=index&goods_id=100128" title="惠普（HP）LaserJet 1020 Plus 黑白激光打印机(打印)">
                                          	惠普（HP）LaserJet 1020 Plus 黑白激光打印机(打印)</a></dt>
                                          <dd class="goods-thumb">
                                          	<a target="_blank" href="http://www.nrwspt.com/shop/index.php?act=goods&op=index&goods_id=100128">
                                          	<img src="http://www.nrwspt.com/data/upload/shop/common/loading.gif" alt="惠普（HP）LaserJet 1020 Plus 黑白激光打印机(打印)" data-url="http://www.nrwspt.com/data/upload/shop/store/goods/4/4_05302977278489112_240.jpg" rel="lazy" />
                                          	</a></dd>
                                          <dd class="goods-price"><em>￥1080.00</em>
                                            </dd>
                                        </dl>
                                      </li>
                                                                          <li>
                                        <dl>
                                          <dt class="goods-name"><a target="_blank" href="http://www.nrwspt.com/shop/index.php?act=goods&op=index&goods_id=100126" title="惠普（HP） LaserJet Pro P1106 黑白激光打印机（打印）">
                                          	惠普（HP） LaserJet Pro P1106 黑白激光打印机（打印）</a></dt>
                                          <dd class="goods-thumb">
                                          	<a target="_blank" href="http://www.nrwspt.com/shop/index.php?act=goods&op=index&goods_id=100126">
                                          	<img src="http://www.nrwspt.com/data/upload/shop/common/loading.gif" alt="惠普（HP） LaserJet Pro P1106 黑白激光打印机（打印）" data-url="http://www.nrwspt.com/data/upload/shop/store/goods/4/4_05302973428028443_240.jpg" rel="lazy" />
                                          	</a></dd>
                                          <dd class="goods-price"><em>￥730.00</em>
                                            </dd>
                                        </dl>
                                      </li>
                                                                          <li>
                                        <dl>
                                          <dt class="goods-name"><a target="_blank" href="http://www.nrwspt.com/shop/index.php?act=goods&op=index&goods_id=100166" title="HP 5200Lx">
                                          	HP 5200Lx</a></dt>
                                          <dd class="goods-thumb">
                                          	<a target="_blank" href="http://www.nrwspt.com/shop/index.php?act=goods&op=index&goods_id=100166">
                                          	<img src="http://www.nrwspt.com/data/upload/shop/common/loading.gif" alt="HP 5200Lx" data-url="http://www.nrwspt.com/data/upload/shop/store/goods/12/2016/11/12_05318525241765940_240.jpg" rel="lazy" />
                                          	</a></dd>
                                          <dd class="goods-price"><em>￥900.00</em>
                                            </dd>
                                        </dl>
                                      </li>
                                                                          <li>
                                        <dl>
                                          <dt class="goods-name"><a target="_blank" href="http://www.nrwspt.com/shop/index.php?act=goods&op=index&goods_id=100455" title="HP/惠普m1136黑白激光多功能打印机一体机家用办公A4打印复印扫描">
                                          	HP/惠普m1136黑白激光多功能打印机一体机家用办公A4打印复印扫描</a></dt>
                                          <dd class="goods-thumb">
                                          	<a target="_blank" href="http://www.nrwspt.com/shop/index.php?act=goods&op=index&goods_id=100455">
                                          	<img src="http://www.nrwspt.com/data/upload/shop/common/loading.gif" alt="HP/惠普m1136黑白激光多功能打印机一体机家用办公A4打印复印扫描" data-url="http://www.nrwspt.com/data/upload/shop/store/goods/35/2016/11/35_05331438327550695_240.jpg" rel="lazy" />
                                          	</a></dd>
                                          <dd class="goods-price"><em>￥1079.00</em>
                                            </dd>
                                        </dl>
                                      </li>
                                                                        </ul>
                                  </div>
                                                                </div>
  
</div>
      <div class="home-floor-banner">
    <a href="http://www.nrwspt.com/shop" title="" target="_blank">
        <img src="http://www.nrwspt.com/data/upload/shop/common/loading.gif" alt="" data-url="http://www.nrwspt.com/data/upload/shop/editor/web-2-148.png?398" rel="lazy" />
        </a>
  </div>
    ');
INSERT INTO `zmkj_web` (`web_id`,`web_name`,`style_name`,`web_page`,`update_time`,`web_sort`,`web_show`,`web_html`) VALUES('3','办公耗材','blue','index','1515902827','3','1','
<div class="home-standard-layout wrapper style-blue">

  <div class="left-sidebar">
    <div class="title">
      	      	    <div class="txt-type">
                        <span>3F</span>                        <h2 title="办公耗材">办公耗材</h2>
            </div>
      	    </div>
    <div class="recommend-classes">
      <ul>
                  		                            <li><a href="http://www.nrwspt.com/shop/index.php?act=search&op=index&cate_id=1057" title="fghfgh" target="_blank">fghfgh</a></li>
		                                          </ul>
    </div>
    <div class="left-ads">
      	      	<a href="" title="" target="_blank">
      	<img src="http://www.nrwspt.com/data/upload/shop/common/loading.gif" alt="" data-url="http://www.nrwspt.com/data/upload/shop/editor/web-3-33.png?530" rel="lazy" />
      	</a>
      	    </div>
    
	
	            <div class="left-hot-goods">
    <p>热卖促销：</p>
        <ul>
                        <li><i></i><a target="_blank" title="韩国手机挂件饰品创意毛绒珍珠可爱兔毛球手机链萌 防尘塞吊坠链" href="http://www.nrwspt.com/shop/index.php?act=goods&op=index&goods_id=100067">韩国手机挂件饰品创意毛绒珍珠可爱兔毛球手机链萌 防尘塞吊坠链</a></li>
                        <li><i></i><a target="_blank" title="伸缩懒人手机支架创意通用万能夹子加长桌面床头看片追剧自拍神器" href="http://www.nrwspt.com/shop/index.php?act=goods&op=index&goods_id=100066">伸缩懒人手机支架创意通用万能夹子加长桌面床头看片追剧自拍神器</a></li>
                    </ul>
    </div>
	          </div>
  <div class="middle-layout">
  <ul class="right-brand">

                                   <li>
          <a href="http://www.nrwspt.com/index.php?act=brand&op=index" title="" target="_blank">更多</a>
        </li>
            </ul>
    <ul class="tabs-nav">
    
                                            <li class="tabs-selected"><i class="arrow"></i><h3>商品推荐</h3></li>
                                        </ul>
    <div class="right-side-layout">
    	<div class="right-side-focus">
      <ul>
                                                                                <li><a href="" title="" target="_blank">
                        <img src="http://www.nrwspt.com/data/upload/shop/common/loading.gif" alt="" data-url="http://www.nrwspt.com/data/upload/shop/editor/web-3-38-1.jpg?532" rel="lazy" /></a>
                      	</li>
                                                                                    <li><a href="" title="" target="_blank">
                        <img src="http://www.nrwspt.com/data/upload/shop/common/loading.gif" alt="" data-url="http://www.nrwspt.com/data/upload/shop/editor/web-3-38-2.jpg?261" rel="lazy" /></a>
                      	</li>
                                                                </ul>
    </div>
    
    </div>
    
                                                                                                <div class="tabs-panel middle-goods-list ">
                                    <ul>
                                                                          <li>
                                        <dl>
                                          <dt class="goods-name"><a target="_blank" href="http://www.nrwspt.com/shop/index.php?act=goods&op=index&goods_id=100550" title="进口全树脂基碳带110mm*300m斑马立象条码打印机tsc ttp-244色带 50mm*300m">
                                          	进口全树脂基碳带110mm*300m斑马立象条码打印机tsc ttp-244色带 50mm*300m</a></dt>
                                          <dd class="goods-thumb">
                                          	<a target="_blank" href="http://www.nrwspt.com/shop/index.php?act=goods&op=index&goods_id=100550">
                                          	<img src="http://www.nrwspt.com/data/upload/shop/common/loading.gif" alt="进口全树脂基碳带110mm*300m斑马立象条码打印机tsc ttp-244色带 50mm*300m" data-url="http://www.nrwspt.com/data/upload/shop/store/goods/29/2016/11/29_05332342914062454_240.jpg" rel="lazy" />
                                          	</a></dd>
                                          <dd class="goods-price"><em>￥55.00</em>
                                            </dd>
                                        </dl>
                                      </li>
                                                                          <li>
                                        <dl>
                                          <dt class="goods-name"><a target="_blank" href="http://www.nrwspt.com/shop/index.php?act=goods&op=index&goods_id=100544" title="原装爱普生630k色带架 LQ-730K 610K 635K 735K 针式打印机色带芯 630K原">
                                          	原装爱普生630k色带架 LQ-730K 610K 635K 735K 针式打印机色带芯 630K原</a></dt>
                                          <dd class="goods-thumb">
                                          	<a target="_blank" href="http://www.nrwspt.com/shop/index.php?act=goods&op=index&goods_id=100544">
                                          	<img src="http://www.nrwspt.com/data/upload/shop/common/loading.gif" alt="原装爱普生630k色带架 LQ-730K 610K 635K 735K 针式打印机色带芯 630K原" data-url="http://www.nrwspt.com/data/upload/shop/store/goods/29/2016/11/29_05332319726822929_240.jpg" rel="lazy" />
                                          	</a></dd>
                                          <dd class="goods-price"><em>￥25.00</em>
                                            </dd>
                                        </dl>
                                      </li>
                                                                          <li>
                                        <dl>
                                          <dt class="goods-name"><a target="_blank" href="http://www.nrwspt.com/shop/index.php?act=goods&op=index&goods_id=100542" title="进口富士施乐惠普三星嘉纷彩色碳粉激光打印机一体机耗材">
                                          	进口富士施乐惠普三星嘉纷彩色碳粉激光打印机一体机耗材</a></dt>
                                          <dd class="goods-thumb">
                                          	<a target="_blank" href="http://www.nrwspt.com/shop/index.php?act=goods&op=index&goods_id=100542">
                                          	<img src="http://www.nrwspt.com/data/upload/shop/common/loading.gif" alt="进口富士施乐惠普三星嘉纷彩色碳粉激光打印机一体机耗材" data-url="http://www.nrwspt.com/data/upload/shop/store/goods/29/2016/11/29_05332305878241855_240.jpg" rel="lazy" />
                                          	</a></dd>
                                          <dd class="goods-price"><em>￥36.00</em>
                                            </dd>
                                        </dl>
                                      </li>
                                                                          <li>
                                        <dl>
                                          <dt class="goods-name"><a target="_blank" href="http://www.nrwspt.com/shop/index.php?act=goods&op=index&goods_id=100543" title="得力办公DLH-280A硒鼓黑色激光打印碳粉盒适用惠普打印复印机耗材 黑色 碳粉">
                                          	得力办公DLH-280A硒鼓黑色激光打印碳粉盒适用惠普打印复印机耗材 黑色 碳粉</a></dt>
                                          <dd class="goods-thumb">
                                          	<a target="_blank" href="http://www.nrwspt.com/shop/index.php?act=goods&op=index&goods_id=100543">
                                          	<img src="http://www.nrwspt.com/data/upload/shop/common/loading.gif" alt="得力办公DLH-280A硒鼓黑色激光打印碳粉盒适用惠普打印复印机耗材 黑色 碳粉" data-url="http://www.nrwspt.com/data/upload/shop/store/goods/29/2016/11/29_05332309671629723_240.jpg" rel="lazy" />
                                          	</a></dd>
                                          <dd class="goods-price"><em>￥118.00</em>
                                            </dd>
                                        </dl>
                                      </li>
                                                                          <li>
                                        <dl>
                                          <dt class="goods-name"><a target="_blank" href="http://www.nrwspt.com/shop/index.php?act=goods&op=index&goods_id=100537" title="嘉乐 黑色碳粉 打印机 耗材 墨粉 施乐兄弟惠普p158b p215b m215b">
                                          	嘉乐 黑色碳粉 打印机 耗材 墨粉 施乐兄弟惠普p158b p215b m215b</a></dt>
                                          <dd class="goods-thumb">
                                          	<a target="_blank" href="http://www.nrwspt.com/shop/index.php?act=goods&op=index&goods_id=100537">
                                          	<img src="http://www.nrwspt.com/data/upload/shop/common/loading.gif" alt="嘉乐 黑色碳粉 打印机 耗材 墨粉 施乐兄弟惠普p158b p215b m215b" data-url="http://www.nrwspt.com/data/upload/shop/store/goods/29/2016/11/29_05332297635346010_240.jpg" rel="lazy" />
                                          	</a></dd>
                                          <dd class="goods-price"><em>￥30.00</em>
                                            </dd>
                                        </dl>
                                      </li>
                                                                          <li>
                                        <dl>
                                          <dt class="goods-name"><a target="_blank" href="http://www.nrwspt.com/shop/index.php?act=goods&op=index&goods_id=100339" title="绘威适用易加粉HP88A硒鼓HP1007 M1136 P1108 1106 HP388A">
                                          	绘威适用易加粉HP88A硒鼓HP1007 M1136 P1108 1106 HP388A</a></dt>
                                          <dd class="goods-thumb">
                                          	<a target="_blank" href="http://www.nrwspt.com/shop/index.php?act=goods&op=index&goods_id=100339">
                                          	<img src="http://www.nrwspt.com/data/upload/shop/common/loading.gif" alt="绘威适用易加粉HP88A硒鼓HP1007 M1136 P1108 1106 HP388A" data-url="http://www.nrwspt.com/data/upload/shop/store/goods/15/2016/11/15_05325217034025336_240.jpg" rel="lazy" />
                                          	</a></dd>
                                          <dd class="goods-price"><em>￥30.00</em>
                                            </dd>
                                        </dl>
                                      </li>
                                                                        </ul>
                                  </div>
                                                                </div>
  
</div>
  ');
INSERT INTO `zmkj_web` (`web_id`,`web_name`,`style_name`,`web_page`,`update_time`,`web_sort`,`web_show`,`web_html`) VALUES('4','广告耗材','blue','index','1515902170','4',NULL,'
<div class="home-standard-layout wrapper style-blue">

  <div class="left-sidebar">
    <div class="title">
      	      	    <div class="txt-type">
                        <span>4F</span>                        <h2 title="广告耗材">广告耗材</h2>
            </div>
      	    </div>
    <div class="recommend-classes">
      <ul>
                        </ul>
    </div>
    <div class="left-ads">
      	      	<a href="" title="" target="_blank">
      	<img src="http://www.nrwspt.com/data/upload/shop/common/loading.gif" alt="" data-url="http://www.nrwspt.com/data/upload/shop/editor/web-4-43.png?730" rel="lazy" />
      	</a>
      	    </div>
    
	
	            <div class="left-hot-goods">
    <p>热卖促销：</p>
        <ul>
                        <li><i></i><a target="_blank" title="2015新款保暖加绒修身衬衫 白色 M" href="http://www.nrwspt.com/shop/index.php?act=goods&op=index&goods_id=102835">2015新款保暖加绒修身衬衫 白色 M</a></li>
                        <li><i></i><a target="_blank" title="2015冬款加绒T恤 男式纯棉T恤男士加厚加绒保暖打底衫 黑色 M" href="http://www.nrwspt.com/shop/index.php?act=goods&op=index&goods_id=101915">2015冬款加绒T恤 男式纯棉T恤男士加厚加绒保暖打底衫 黑色 M</a></li>
                    </ul>
    </div>
	          </div>
  <div class="middle-layout">
  <ul class="right-brand">

                                          <li>
          <a href="http://www.nrwspt.com/shop/index.php?act=brand&op=list&brand=102" title="她他/tata" target="_blank">她他/tata</a>
        </li>
                          <li>
          <a href="http://www.nrwspt.com/shop/index.php?act=brand&op=list&brand=104" title="esprit" target="_blank">esprit</a>
        </li>
                          <li>
          <a href="http://www.nrwspt.com/shop/index.php?act=brand&op=list&brand=106" title="RDK" target="_blank">RDK</a>
        </li>
                          <li>
          <a href="http://www.nrwspt.com/shop/index.php?act=brand&op=list&brand=86" title="茵曼（INMAN）" target="_blank">茵曼（INMAN）</a>
        </li>
                          <li>
          <a href="http://www.nrwspt.com/shop/index.php?act=brand&op=list&brand=88" title="缪诗" target="_blank">缪诗</a>
        </li>
                          <li>
          <a href="http://www.nrwspt.com/shop/index.php?act=brand&op=list&brand=85" title="猫人" target="_blank">猫人</a>
        </li>
                          <li>
          <a href="http://www.nrwspt.com/shop/index.php?act=brand&op=list&brand=80" title="享爱." target="_blank">享爱.</a>
        </li>
                                                       <li>
          <a href="http://www.nrwspt.com/index.php?act=brand&op=index" title="" target="_blank">更多</a>
        </li>
            </ul>
    <ul class="tabs-nav">
    
                                            <li class="tabs-selected"><i class="arrow"></i><h3>商品推荐</h3></li>
                                        </ul>
    <div class="right-side-layout">
    	<div class="right-side-focus">
      <ul>
                                                                                <li><a href="" title="" target="_blank">
                        <img src="http://www.nrwspt.com/data/upload/shop/common/loading.gif" alt="" data-url="http://www.nrwspt.com/data/upload/shop/editor/web-4-48-1.jpg?196" rel="lazy" /></a>
                      	</li>
                                                                                    <li><a href="" title="" target="_blank">
                        <img src="http://www.nrwspt.com/data/upload/shop/common/loading.gif" alt="" data-url="http://www.nrwspt.com/data/upload/shop/editor/web-4-48-2.jpg?685" rel="lazy" /></a>
                      	</li>
                                                                </ul>
    </div>
    
    </div>
    
                                                                                                <div class="tabs-panel middle-goods-list ">
                                    <ul>
                                                                          <li>
                                        <dl>
                                          <dt class="goods-name"><a target="_blank" href="http://www.nrwspt.com/shop/index.php?act=goods&op=index&goods_id=100024" title="技触 iphone6/6s plus数据线 苹果5/5S ipad手机通用加长充电器线">
                                          	技触 iphone6/6s plus数据线 苹果5/5S ipad手机通用加长充电器线</a></dt>
                                          <dd class="goods-thumb">
                                          	<a target="_blank" href="http://www.nrwspt.com/shop/index.php?act=goods&op=index&goods_id=100024">
                                          	<img src="http://www.nrwspt.com/data/upload/shop/common/loading.gif" alt="技触 iphone6/6s plus数据线 苹果5/5S ipad手机通用加长充电器线" data-url="http://www.nrwspt.com/data/upload/shop/store/goods/1/1_05127519557806768_240.jpg" rel="lazy" />
                                          	</a></dd>
                                          <dd class="goods-price"><em>￥30.00</em>
                                            </dd>
                                        </dl>
                                      </li>
                                                                          <li>
                                        <dl>
                                          <dt class="goods-name"><a target="_blank" href="http://www.nrwspt.com/shop/index.php?act=goods&op=index&goods_id=100022" title="苹果iPhone4s数据线原装正品面条线 ipad2/3充电器线加长2米3米">
                                          	苹果iPhone4s数据线原装正品面条线 ipad2/3充电器线加长2米3米</a></dt>
                                          <dd class="goods-thumb">
                                          	<a target="_blank" href="http://www.nrwspt.com/shop/index.php?act=goods&op=index&goods_id=100022">
                                          	<img src="http://www.nrwspt.com/data/upload/shop/common/loading.gif" alt="苹果iPhone4s数据线原装正品面条线 ipad2/3充电器线加长2米3米" data-url="http://www.nrwspt.com/data/upload/shop/store/goods/1/1_05127517444133074_240.jpg" rel="lazy" />
                                          	</a></dd>
                                          <dd class="goods-price"><em>￥20.00</em>
                                            </dd>
                                        </dl>
                                      </li>
                                                                          <li>
                                        <dl>
                                          <dt class="goods-name"><a target="_blank" href="http://www.nrwspt.com/shop/index.php?act=goods&op=index&goods_id=100020" title="速冲适于X500乐视X608乐1S手机X600乐max数据线pro快充电器线X800">
                                          	速冲适于X500乐视X608乐1S手机X600乐max数据线pro快充电器线X800</a></dt>
                                          <dd class="goods-thumb">
                                          	<a target="_blank" href="http://www.nrwspt.com/shop/index.php?act=goods&op=index&goods_id=100020">
                                          	<img src="http://www.nrwspt.com/data/upload/shop/common/loading.gif" alt="速冲适于X500乐视X608乐1S手机X600乐max数据线pro快充电器线X800" data-url="http://www.nrwspt.com/data/upload/shop/store/goods/1/1_05127515428541724_240.jpg" rel="lazy" />
                                          	</a></dd>
                                          <dd class="goods-price"><em>￥23.00</em>
                                            </dd>
                                        </dl>
                                      </li>
                                                                          <li>
                                        <dl>
                                          <dt class="goods-name"><a target="_blank" href="http://www.nrwspt.com/shop/index.php?act=goods&op=index&goods_id=100019" title="苹果 iPhone5 iPhone6 plus 5s 数据线iPad4air数据线6s 充电器线">
                                          	苹果 iPhone5 iPhone6 plus 5s 数据线iPad4air数据线6s 充电器线</a></dt>
                                          <dd class="goods-thumb">
                                          	<a target="_blank" href="http://www.nrwspt.com/shop/index.php?act=goods&op=index&goods_id=100019">
                                          	<img src="http://www.nrwspt.com/data/upload/shop/common/loading.gif" alt="苹果 iPhone5 iPhone6 plus 5s 数据线iPad4air数据线6s 充电器线" data-url="http://www.nrwspt.com/data/upload/shop/store/goods/1/1_05127514148012653_240.jpg" rel="lazy" />
                                          	</a></dd>
                                          <dd class="goods-price"><em>￥12.00</em>
                                            </dd>
                                        </dl>
                                      </li>
                                                                          <li>
                                        <dl>
                                          <dt class="goods-name"><a target="_blank" href="http://www.nrwspt.com/shop/index.php?act=goods&op=index&goods_id=100018" title="机乐堂 安卓手机数据线 USB快速充电器线 三星小米华为通用数据线">
                                          	机乐堂 安卓手机数据线 USB快速充电器线 三星小米华为通用数据线</a></dt>
                                          <dd class="goods-thumb">
                                          	<a target="_blank" href="http://www.nrwspt.com/shop/index.php?act=goods&op=index&goods_id=100018">
                                          	<img src="http://www.nrwspt.com/data/upload/shop/common/loading.gif" alt="机乐堂 安卓手机数据线 USB快速充电器线 三星小米华为通用数据线" data-url="http://www.nrwspt.com/data/upload/shop/store/goods/1/1_05127513330914506_240.jpg" rel="lazy" />
                                          	</a></dd>
                                          <dd class="goods-price"><em>￥30.00</em>
                                            </dd>
                                        </dl>
                                      </li>
                                                                          <li>
                                        <dl>
                                          <dt class="goods-name"><a target="_blank" href="http://www.nrwspt.com/shop/index.php?act=goods&op=index&goods_id=100021" title="品胜6s充电头iphone5s充电器线6快充6p苹果5数据线5c手机ipad4六s">
                                          	品胜6s充电头iphone5s充电器线6快充6p苹果5数据线5c手机ipad4六s</a></dt>
                                          <dd class="goods-thumb">
                                          	<a target="_blank" href="http://www.nrwspt.com/shop/index.php?act=goods&op=index&goods_id=100021">
                                          	<img src="http://www.nrwspt.com/data/upload/shop/common/loading.gif" alt="品胜6s充电头iphone5s充电器线6快充6p苹果5数据线5c手机ipad4六s" data-url="http://www.nrwspt.com/data/upload/shop/store/goods/1/1_05127516379554846_240.jpg" rel="lazy" />
                                          	</a></dd>
                                          <dd class="goods-price"><em>￥60.00</em>
                                            </dd>
                                        </dl>
                                      </li>
                                                                        </ul>
                                  </div>
                                                                </div>
  
</div>
  ');
INSERT INTO `zmkj_web` (`web_id`,`web_name`,`style_name`,`web_page`,`update_time`,`web_sort`,`web_show`,`web_html`) VALUES('5','办公家具','blue','index','1515902181','5',NULL,'
<div class="home-standard-layout wrapper style-blue">

  <div class="left-sidebar">
    <div class="title">
      	      	    <div class="txt-type">
                        <span>4F</span>                        <h2 title="办公家具">办公家具</h2>
            </div>
      	    </div>
    <div class="recommend-classes">
      <ul>
                        </ul>
    </div>
    <div class="left-ads">
      	      	<a href="http://www.bangongshi.ren/shop" title="" target="_blank">
      	<img src="http://www.nrwspt.com/data/upload/shop/common/loading.gif" alt="" data-url="http://www.nrwspt.com/data/upload/shop/editor/web-5-53.png?387" rel="lazy" />
      	</a>
      	    </div>
    
	
	                  </div>
  <div class="middle-layout">
  <ul class="right-brand">

                                          <li>
          <a href="http://www.nrwspt.com/shop/index.php?act=brand&op=list&brand=366" title="摩伊拉" target="_blank">摩伊拉</a>
        </li>
                          <li>
          <a href="http://www.nrwspt.com/shop/index.php?act=brand&op=list&brand=93" title="百丽" target="_blank">百丽</a>
        </li>
                          <li>
          <a href="http://www.nrwspt.com/shop/index.php?act=brand&op=list&brand=96" title="佐丹奴" target="_blank">佐丹奴</a>
        </li>
                          <li>
          <a href="http://www.nrwspt.com/shop/index.php?act=brand&op=list&brand=91" title="其乐" target="_blank">其乐</a>
        </li>
                          <li>
          <a href="http://www.nrwspt.com/shop/index.php?act=brand&op=list&brand=81" title="派丽蒙" target="_blank">派丽蒙</a>
        </li>
                          <li>
          <a href="http://www.nrwspt.com/shop/index.php?act=brand&op=list&brand=83" title="秀秀美" target="_blank">秀秀美</a>
        </li>
                          <li>
          <a href="http://www.nrwspt.com/shop/index.php?act=brand&op=list&brand=80" title="享爱." target="_blank">享爱.</a>
        </li>
                          <li>
          <a href="http://www.nrwspt.com/shop/index.php?act=brand&op=list&brand=82" title="康妮雅" target="_blank">康妮雅</a>
        </li>
                                                       <li>
          <a href="http://www.nrwspt.com/index.php?act=brand&op=index" title="" target="_blank">更多</a>
        </li>
            </ul>
    <ul class="tabs-nav">
    
                                            <li class="tabs-selected"><i class="arrow"></i><h3>商品推荐</h3></li>
                                        </ul>
    <div class="right-side-layout">
    	<div class="right-side-focus">
      <ul>
                                                                                <li><a href="" title="" target="_blank">
                        <img src="http://www.nrwspt.com/data/upload/shop/common/loading.gif" alt="" data-url="http://www.nrwspt.com/data/upload/shop/editor/web-5-58-1.jpg?992" rel="lazy" /></a>
                      	</li>
                                                                                    <li><a href="" title="" target="_blank">
                        <img src="http://www.nrwspt.com/data/upload/shop/common/loading.gif" alt="" data-url="http://www.nrwspt.com/data/upload/shop/editor/web-5-58-3.jpg?327" rel="lazy" /></a>
                      	</li>
                                                                </ul>
    </div>
    
    </div>
    
                                                                                                <div class="tabs-panel middle-goods-list ">
                                    <ul>
                                                                          <li>
                                        <dl>
                                          <dt class="goods-name"><a target="_blank" href="http://www.nrwspt.com/shop/index.php?act=goods&op=index&goods_id=100058" title="乾途 多功能手机支架 苹果创意手环 懒人新款支架 通用数码配件">
                                          	乾途 多功能手机支架 苹果创意手环 懒人新款支架 通用数码配件</a></dt>
                                          <dd class="goods-thumb">
                                          	<a target="_blank" href="http://www.nrwspt.com/shop/index.php?act=goods&op=index&goods_id=100058">
                                          	<img src="http://www.nrwspt.com/data/upload/shop/common/loading.gif" alt="乾途 多功能手机支架 苹果创意手环 懒人新款支架 通用数码配件" data-url="http://www.nrwspt.com/data/upload/shop/store/goods/1/1_05127584620168821_240.jpg" rel="lazy" />
                                          	</a></dd>
                                          <dd class="goods-price"><em>￥25.00</em>
                                            </dd>
                                        </dl>
                                      </li>
                                                                          <li>
                                        <dl>
                                          <dt class="goods-name"><a target="_blank" href="http://www.nrwspt.com/shop/index.php?act=goods&op=index&goods_id=100059" title="懒人手机支架创意床头手机座桌面双夹子架子万能通用数码配件">
                                          	懒人手机支架创意床头手机座桌面双夹子架子万能通用数码配件</a></dt>
                                          <dd class="goods-thumb">
                                          	<a target="_blank" href="http://www.nrwspt.com/shop/index.php?act=goods&op=index&goods_id=100059">
                                          	<img src="http://www.nrwspt.com/data/upload/shop/common/loading.gif" alt="懒人手机支架创意床头手机座桌面双夹子架子万能通用数码配件" data-url="http://www.nrwspt.com/data/upload/shop/store/goods/1/1_05127585997188154_240.jpg" rel="lazy" />
                                          	</a></dd>
                                          <dd class="goods-price"><em>￥9.90</em>
                                            </dd>
                                        </dl>
                                      </li>
                                                                          <li>
                                        <dl>
                                          <dt class="goods-name"><a target="_blank" href="http://www.nrwspt.com/shop/index.php?act=goods&op=index&goods_id=100057" title="莫瑞手机懒人支架 平板支架多功能创意通用桌面支架支撑夹子配件">
                                          	莫瑞手机懒人支架 平板支架多功能创意通用桌面支架支撑夹子配件</a></dt>
                                          <dd class="goods-thumb">
                                          	<a target="_blank" href="http://www.nrwspt.com/shop/index.php?act=goods&op=index&goods_id=100057">
                                          	<img src="http://www.nrwspt.com/data/upload/shop/common/loading.gif" alt="莫瑞手机懒人支架 平板支架多功能创意通用桌面支架支撑夹子配件" data-url="http://www.nrwspt.com/data/upload/shop/store/goods/1/1_05127583564267436_240.jpg" rel="lazy" />
                                          	</a></dd>
                                          <dd class="goods-price"><em>￥19.00</em>
                                            </dd>
                                        </dl>
                                      </li>
                                                                          <li>
                                        <dl>
                                          <dt class="goods-name"><a target="_blank" href="http://www.nrwspt.com/shop/index.php?act=goods&op=index&goods_id=100056" title="麦多多iPhone5s数据线iPhone6plus苹果6数据线充电器线USB线6S六">
                                          	麦多多iPhone5s数据线iPhone6plus苹果6数据线充电器线USB线6S六</a></dt>
                                          <dd class="goods-thumb">
                                          	<a target="_blank" href="http://www.nrwspt.com/shop/index.php?act=goods&op=index&goods_id=100056">
                                          	<img src="http://www.nrwspt.com/data/upload/shop/common/loading.gif" alt="麦多多iPhone5s数据线iPhone6plus苹果6数据线充电器线USB线6S六" data-url="http://www.nrwspt.com/data/upload/shop/store/goods/1/1_05127582615035102_240.jpg" rel="lazy" />
                                          	</a></dd>
                                          <dd class="goods-price"><em>￥29.00</em>
                                            </dd>
                                        </dl>
                                      </li>
                                                                          <li>
                                        <dl>
                                          <dt class="goods-name"><a target="_blank" href="http://www.nrwspt.com/shop/index.php?act=goods&op=index&goods_id=100011" title="Philips/飞利浦 SHB1700/93蓝牙耳机 车载挂耳式兼容4.0无线降噪">
                                          	Philips/飞利浦 SHB1700/93蓝牙耳机 车载挂耳式兼容4.0无线降噪</a></dt>
                                          <dd class="goods-thumb">
                                          	<a target="_blank" href="http://www.nrwspt.com/shop/index.php?act=goods&op=index&goods_id=100011">
                                          	<img src="http://www.nrwspt.com/data/upload/shop/common/loading.gif" alt="Philips/飞利浦 SHB1700/93蓝牙耳机 车载挂耳式兼容4.0无线降噪" data-url="http://www.nrwspt.com/data/upload/shop/store/goods/1/1_05127505217269789_240.jpg" rel="lazy" />
                                          	</a></dd>
                                          <dd class="goods-price"><em>￥199.00</em>
                                            </dd>
                                        </dl>
                                      </li>
                                                                          <li>
                                        <dl>
                                          <dt class="goods-name"><a target="_blank" href="http://www.nrwspt.com/shop/index.php?act=goods&op=index&goods_id=100012" title="诺必行 T-5蓝牙耳机4.0挂耳式超小无线迷你4.1立体声车载音乐耳塞">
                                          	诺必行 T-5蓝牙耳机4.0挂耳式超小无线迷你4.1立体声车载音乐耳塞</a></dt>
                                          <dd class="goods-thumb">
                                          	<a target="_blank" href="http://www.nrwspt.com/shop/index.php?act=goods&op=index&goods_id=100012">
                                          	<img src="http://www.nrwspt.com/data/upload/shop/common/loading.gif" alt="诺必行 T-5蓝牙耳机4.0挂耳式超小无线迷你4.1立体声车载音乐耳塞" data-url="http://www.nrwspt.com/data/upload/shop/store/goods/1/1_05127506334798312_240.jpg" rel="lazy" />
                                          	</a></dd>
                                          <dd class="goods-price"><em>￥39.00</em>
                                            </dd>
                                        </dl>
                                      </li>
                                                                        </ul>
                                  </div>
                                                                </div>
  
</div>
  ');
INSERT INTO `zmkj_web` (`web_id`,`web_name`,`style_name`,`web_page`,`update_time`,`web_sort`,`web_show`,`web_html`) VALUES('6','办公文具','blue','index','1515902827','6','1','
<div class="home-standard-layout wrapper style-blue">

  <div class="left-sidebar">
    <div class="title">
      	      	    <div class="txt-type">
                        <span>4F</span>                        <h2 title="办公文具">办公文具</h2>
            </div>
      	    </div>
    <div class="recommend-classes">
      <ul>
                        </ul>
    </div>
    <div class="left-ads">
      	      	<a href="http://www.bangongshi.ren/shophttp://www.bangongshi.ren/shop/index.php?act=goods&amp;op=index&amp;goods_id=100179" title="得力3151文具皮面会议笔记本活页本" target="_blank">
      	<img src="http://www.nrwspt.com/data/upload/shop/common/loading.gif" alt="得力3151文具皮面会议笔记本活页本" data-url="http://www.nrwspt.com/data/upload/shop/editor/web-6-63.jpg?323" rel="lazy" />
      	</a>
      	    </div>
    
	
	                  </div>
  <div class="middle-layout">
  <ul class="right-brand">

                                          <li>
          <a href="http://www.nrwspt.com/shop/index.php?act=brand&op=list&brand=190" title="惠普" target="_blank">惠普</a>
        </li>
                          <li>
          <a href="http://www.nrwspt.com/shop/index.php?act=brand&op=list&brand=178" title="得力" target="_blank">得力</a>
        </li>
                                                       <li>
          <a href="http://www.nrwspt.com/index.php?act=brand&op=index" title="" target="_blank">更多</a>
        </li>
            </ul>
    <ul class="tabs-nav">
    
                                            <li class="tabs-selected"><i class="arrow"></i><h3>商品推荐</h3></li>
                                        </ul>
    <div class="right-side-layout">
    	<div class="right-side-focus">
      <ul>
                                                                                <li><a href="http://www.bangongshi.ren/shop/index.php?act=search&amp;op=index&amp;cate_id=308" title="财务用品" target="_blank">
                        <img src="http://www.nrwspt.com/data/upload/shop/common/loading.gif" alt="财务用品" data-url="http://www.nrwspt.com/data/upload/shop/editor/web-6-68-1.jpg?145" rel="lazy" /></a>
                      	</li>
                                                                                    <li><a href="http://www.bangongshi.ren/shop/index.php?act=goods&amp;op=index&amp;goods_id=100159" title="得力（deli）837ES 经典款财务办公计算器" target="_blank">
                        <img src="http://www.nrwspt.com/data/upload/shop/common/loading.gif" alt="得力（deli）837ES 经典款财务办公计算器" data-url="http://www.nrwspt.com/data/upload/shop/editor/web-6-68-2.jpg?229" rel="lazy" /></a>
                      	</li>
                                                                </ul>
    </div>
    
    </div>
    
                                                                                                <div class="tabs-panel middle-goods-list ">
                                    <ul>
                                                                          <li>
                                        <dl>
                                          <dt class="goods-name"><a target="_blank" href="http://www.nrwspt.com/shop/index.php?act=goods&op=index&goods_id=100170" title="得力5349 文件夹 8寸长押夹+板夹 A4文件夹 资料夹 文件整理夹">
                                          	得力5349 文件夹 8寸长押夹+板夹 A4文件夹 资料夹 文件整理夹</a></dt>
                                          <dd class="goods-thumb">
                                          	<a target="_blank" href="http://www.nrwspt.com/shop/index.php?act=goods&op=index&goods_id=100170">
                                          	<img src="http://www.nrwspt.com/data/upload/shop/common/loading.gif" alt="得力5349 文件夹 8寸长押夹+板夹 A4文件夹 资料夹 文件整理夹" data-url="http://www.nrwspt.com/data/upload/shop/store/goods/9/2016/11/9_05318612405442491_240.jpg" rel="lazy" />
                                          	</a></dd>
                                          <dd class="goods-price"><em>￥8.50</em>
                                            </dd>
                                        </dl>
                                      </li>
                                                                          <li>
                                        <dl>
                                          <dt class="goods-name"><a target="_blank" href="http://www.nrwspt.com/shop/index.php?act=goods&op=index&goods_id=100168" title="得力a4抽杆文件夹5539 资料夹 塑料拉杆夹10个价">
                                          	得力a4抽杆文件夹5539 资料夹 塑料拉杆夹10个价</a></dt>
                                          <dd class="goods-thumb">
                                          	<a target="_blank" href="http://www.nrwspt.com/shop/index.php?act=goods&op=index&goods_id=100168">
                                          	<img src="http://www.nrwspt.com/data/upload/shop/common/loading.gif" alt="得力a4抽杆文件夹5539 资料夹 塑料拉杆夹10个价" data-url="http://www.nrwspt.com/data/upload/shop/store/goods/9/2016/11/9_05318605603803824_240.jpg" rel="lazy" />
                                          	</a></dd>
                                          <dd class="goods-price"><em>￥16.00</em>
                                            </dd>
                                        </dl>
                                      </li>
                                                                          <li>
                                        <dl>
                                          <dt class="goods-name"><a target="_blank" href="http://www.nrwspt.com/shop/index.php?act=goods&op=index&goods_id=100167" title="得力档案盒5643 A4文件收纳盒3寸粘扣资料整理盒经济型可组装蓝色">
                                          	得力档案盒5643 A4文件收纳盒3寸粘扣资料整理盒经济型可组装蓝色</a></dt>
                                          <dd class="goods-thumb">
                                          	<a target="_blank" href="http://www.nrwspt.com/shop/index.php?act=goods&op=index&goods_id=100167">
                                          	<img src="http://www.nrwspt.com/data/upload/shop/common/loading.gif" alt="得力档案盒5643 A4文件收纳盒3寸粘扣资料整理盒经济型可组装蓝色" data-url="http://www.nrwspt.com/data/upload/shop/store/goods/9/2016/11/9_05318600387361776_240.jpg" rel="lazy" />
                                          	</a></dd>
                                          <dd class="goods-price"><em>￥45.00</em>
                                            </dd>
                                        </dl>
                                      </li>
                                                                          <li>
                                        <dl>
                                          <dt class="goods-name"><a target="_blank" href="http://www.nrwspt.com/shop/index.php?act=goods&op=index&goods_id=100156" title="5952牛皮纸档案袋">
                                          	5952牛皮纸档案袋</a></dt>
                                          <dd class="goods-thumb">
                                          	<a target="_blank" href="http://www.nrwspt.com/shop/index.php?act=goods&op=index&goods_id=100156">
                                          	<img src="http://www.nrwspt.com/data/upload/shop/common/loading.gif" alt="5952牛皮纸档案袋" data-url="http://www.nrwspt.com/data/upload/shop/store/goods/9/2016/11/9_05318314405232156_240.jpg" rel="lazy" />
                                          	</a></dd>
                                          <dd class="goods-price"><em>￥50.00</em>
                                            </dd>
                                        </dl>
                                      </li>
                                                                          <li>
                                        <dl>
                                          <dt class="goods-name"><a target="_blank" href="http://www.nrwspt.com/shop/index.php?act=goods&op=index&goods_id=100176" title="得力印台9892 快干印泥油 方形金属印章油 办公财务用品 红色">
                                          	得力印台9892 快干印泥油 方形金属印章油 办公财务用品 红色</a></dt>
                                          <dd class="goods-thumb">
                                          	<a target="_blank" href="http://www.nrwspt.com/shop/index.php?act=goods&op=index&goods_id=100176">
                                          	<img src="http://www.nrwspt.com/data/upload/shop/common/loading.gif" alt="得力印台9892 快干印泥油 方形金属印章油 办公财务用品 红色" data-url="http://www.nrwspt.com/data/upload/shop/store/goods/9/2016/11/9_05318642926413820_240.jpg" rel="lazy" />
                                          	</a></dd>
                                          <dd class="goods-price"><em>￥8.50</em>
                                            </dd>
                                        </dl>
                                      </li>
                                                                          <li>
                                        <dl>
                                          <dt class="goods-name"><a target="_blank" href="http://www.nrwspt.com/shop/index.php?act=goods&op=index&goods_id=100174" title="得力3538三联出库单入库单领料单无碳复写单据办公财务仓库管理本">
                                          	得力3538三联出库单入库单领料单无碳复写单据办公财务仓库管理本</a></dt>
                                          <dd class="goods-thumb">
                                          	<a target="_blank" href="http://www.nrwspt.com/shop/index.php?act=goods&op=index&goods_id=100174">
                                          	<img src="http://www.nrwspt.com/data/upload/shop/common/loading.gif" alt="得力3538三联出库单入库单领料单无碳复写单据办公财务仓库管理本" data-url="http://www.nrwspt.com/data/upload/shop/store/goods/9/2016/11/9_05318636193182431_240.jpg" rel="lazy" />
                                          	</a></dd>
                                          <dd class="goods-price"><em>￥1.50</em>
                                            </dd>
                                        </dl>
                                      </li>
                                                                        </ul>
                                  </div>
                                                                </div>
  
</div>
  ');
INSERT INTO `zmkj_web` (`web_id`,`web_name`,`style_name`,`web_page`,`update_time`,`web_sort`,`web_show`,`web_html`) VALUES('7','电脑配件','blue','index','1467771399','7',NULL,'
<div class="home-standard-layout wrapper style-blue">

  <div class="left-sidebar">
    <div class="title">
      	      	    <div class="txt-type">
                        <span>7F</span>                        <h2 title="电脑配件">电脑配件</h2>
            </div>
      	    </div>
    <div class="recommend-classes">
      <ul>
                        </ul>
    </div>
    <div class="left-ads">
      	      	<a href="http://www.bangongshi.ren/shop" title="" target="_blank">
      	<img src="http://www.bangongshi.ren/data/upload/shop/common/loading.gif" alt="" data-url="http://www.bangongshi.ren/data/upload/shop/editor/web-7-73.png?599" rel="lazy" />
      	</a>
      	    </div>
    
	
	            <div class="left-hot-goods">
    <p>热卖促销：</p>
        <ul>
                        <li><i></i><a target="_blank" title="欧洲站独家新款女靴真皮短靴内增高职业女鞋秋冬马丁靴圆头女靴子 黑色（加绒） 35" href="http://www.bangongshi.ren/shop/index.php?act=goods&op=index&goods_id=102714">欧洲站独家新款女靴真皮短靴内增高职业女鞋秋冬马丁靴圆头女靴子 黑色（加绒） 35</a></li>
                        <li><i></i><a target="_blank" title="爵爷2015春秋商务正装男士皮鞋透气超纤皮男鞋 黑色 38" href="http://www.bangongshi.ren/shop/index.php?act=goods&op=index&goods_id=102688">爵爷2015春秋商务正装男士皮鞋透气超纤皮男鞋 黑色 38</a></li>
                    </ul>
    </div>
	          </div>
  <div class="middle-layout">
  <ul class="right-brand">

                                          <li>
          <a href="http://www.bangongshi.ren/shop/index.php?act=brand&op=list&brand=106" title="RDK" target="_blank">RDK</a>
        </li>
                          <li>
          <a href="http://www.bangongshi.ren/shop/index.php?act=brand&op=list&brand=105" title="westside" target="_blank">westside</a>
        </li>
                          <li>
          <a href="http://www.bangongshi.ren/shop/index.php?act=brand&op=list&brand=365" title="柒牌" target="_blank">柒牌</a>
        </li>
                          <li>
          <a href="http://www.bangongshi.ren/shop/index.php?act=brand&op=list&brand=87" title="Hanes恒适" target="_blank">Hanes恒适</a>
        </li>
                          <li>
          <a href="http://www.bangongshi.ren/shop/index.php?act=brand&op=list&brand=88" title="缪诗" target="_blank">缪诗</a>
        </li>
                          <li>
          <a href="http://www.bangongshi.ren/shop/index.php?act=brand&op=list&brand=90" title="金利来" target="_blank">金利来</a>
        </li>
                                                       <li>
          <a href="http://www.bangongshi.ren/index.php?act=brand&op=index" title="" target="_blank">更多</a>
        </li>
            </ul>
    <ul class="tabs-nav">
    
                                            <li class="tabs-selected"><i class="arrow"></i><h3>商品推荐</h3></li>
                                        </ul>
    <div class="right-side-layout">
    	<div class="right-side-focus">
      <ul>
                                                                                <li><a href="" title="" target="_blank">
                        <img src="http://www.bangongshi.ren/data/upload/shop/common/loading.gif" alt="" data-url="http://www.bangongshi.ren/data/upload/shop/editor/web-7-78-1.jpg?337" rel="lazy" /></a>
                      	</li>
                                                                                    <li><a href="" title="" target="_blank">
                        <img src="http://www.bangongshi.ren/data/upload/shop/common/loading.gif" alt="" data-url="http://www.bangongshi.ren/data/upload/shop/editor/web-7-78-2.jpg?161" rel="lazy" /></a>
                      	</li>
                                                                </ul>
    </div>
    
    </div>
    
                                                                                                <div class="tabs-panel middle-goods-list ">
                                    <ul>
                                                                          <li>
                                        <dl>
                                          <dt class="goods-name"><a target="_blank" href="http://www.bangongshi.ren/shop/index.php?act=goods&op=index&goods_id=100037" title="正品SD卡32g手机内存卡华为荣耀 class10红米 高速tf卡16g储存卡">
                                          	正品SD卡32g手机内存卡华为荣耀 class10红米 高速tf卡16g储存卡</a></dt>
                                          <dd class="goods-thumb">
                                          	<a target="_blank" href="http://www.bangongshi.ren/shop/index.php?act=goods&op=index&goods_id=100037">
                                          	<img src="http://www.bangongshi.ren/data/upload/shop/common/loading.gif" alt="正品SD卡32g手机内存卡华为荣耀 class10红米 高速tf卡16g储存卡" data-url="http://www.bangongshi.ren/data/upload/shop/store/goods/1/1_05127536655838613_240.jpg" rel="lazy" />
                                          	</a></dd>
                                          <dd class="goods-price"><em>￥90.00</em>
                                            </dd>
                                        </dl>
                                      </li>
                                                                          <li>
                                        <dl>
                                          <dt class="goods-name"><a target="_blank" href="http://www.bangongshi.ren/shop/index.php?act=goods&op=index&goods_id=100036" title="128g内存卡sd卡 高速tf储存卡 64g手机内存卡 32gTF卡16g正品包邮">
                                          	128g内存卡sd卡 高速tf储存卡 64g手机内存卡 32gTF卡16g正品包邮</a></dt>
                                          <dd class="goods-thumb">
                                          	<a target="_blank" href="http://www.bangongshi.ren/shop/index.php?act=goods&op=index&goods_id=100036">
                                          	<img src="http://www.bangongshi.ren/data/upload/shop/common/loading.gif" alt="128g内存卡sd卡 高速tf储存卡 64g手机内存卡 32gTF卡16g正品包邮" data-url="http://www.bangongshi.ren/data/upload/shop/store/goods/1/1_05127535630008071_240.jpg" rel="lazy" />
                                          	</a></dd>
                                          <dd class="goods-price"><em>￥60.00</em>
                                            </dd>
                                        </dl>
                                      </li>
                                                                          <li>
                                        <dl>
                                          <dt class="goods-name"><a target="_blank" href="http://www.bangongshi.ren/shop/index.php?act=goods&op=index&goods_id=100035" title="金士顿32g内存卡储存sd卡高速tf卡Class10 32g手机内存卡包邮">
                                          	金士顿32g内存卡储存sd卡高速tf卡Class10 32g手机内存卡包邮</a></dt>
                                          <dd class="goods-thumb">
                                          	<a target="_blank" href="http://www.bangongshi.ren/shop/index.php?act=goods&op=index&goods_id=100035">
                                          	<img src="http://www.bangongshi.ren/data/upload/shop/common/loading.gif" alt="金士顿32g内存卡储存sd卡高速tf卡Class10 32g手机内存卡包邮" data-url="http://www.bangongshi.ren/data/upload/shop/store/goods/1/1_05127534136760666_240.jpg" rel="lazy" />
                                          	</a></dd>
                                          <dd class="goods-price"><em>￥69.00</em>
                                            </dd>
                                        </dl>
                                      </li>
                                                                          <li>
                                        <dl>
                                          <dt class="goods-name"><a target="_blank" href="http://www.bangongshi.ren/shop/index.php?act=goods&op=index&goods_id=100034" title="三星64g内存卡TF华为手机内寸高速class10行车记录仪存储micro SD">
                                          	三星64g内存卡TF华为手机内寸高速class10行车记录仪存储micro SD</a></dt>
                                          <dd class="goods-thumb">
                                          	<a target="_blank" href="http://www.bangongshi.ren/shop/index.php?act=goods&op=index&goods_id=100034">
                                          	<img src="http://www.bangongshi.ren/data/upload/shop/common/loading.gif" alt="三星64g内存卡TF华为手机内寸高速class10行车记录仪存储micro SD" data-url="http://www.bangongshi.ren/data/upload/shop/store/goods/1/1_05127533139234102_240.jpg" rel="lazy" />
                                          	</a></dd>
                                          <dd class="goods-price"><em>￥109.00</em>
                                            </dd>
                                        </dl>
                                      </li>
                                                                          <li>
                                        <dl>
                                          <dt class="goods-name"><a target="_blank" href="http://www.bangongshi.ren/shop/index.php?act=goods&op=index&goods_id=100033" title="品基苹果6plus全屏覆盖钢化玻璃膜 iphone6S plus蓝光手机膜5.5寸">
                                          	品基苹果6plus全屏覆盖钢化玻璃膜 iphone6S plus蓝光手机膜5.5寸</a></dt>
                                          <dd class="goods-thumb">
                                          	<a target="_blank" href="http://www.bangongshi.ren/shop/index.php?act=goods&op=index&goods_id=100033">
                                          	<img src="http://www.bangongshi.ren/data/upload/shop/common/loading.gif" alt="品基苹果6plus全屏覆盖钢化玻璃膜 iphone6S plus蓝光手机膜5.5寸" data-url="http://www.bangongshi.ren/data/upload/shop/store/goods/1/1_05127530729520453_240.jpg" rel="lazy" />
                                          	</a></dd>
                                          <dd class="goods-price"><em>￥40.00</em>
                                            </dd>
                                        </dl>
                                      </li>
                                                                          <li>
                                        <dl>
                                          <dt class="goods-name"><a target="_blank" href="http://www.bangongshi.ren/shop/index.php?act=goods&op=index&goods_id=100032" title="乐视MAX钢化玻璃膜 乐MAX手机贴膜 乐MAX钢化膜6.3寸抗蓝光保护膜">
                                          	乐视MAX钢化玻璃膜 乐MAX手机贴膜 乐MAX钢化膜6.3寸抗蓝光保护膜</a></dt>
                                          <dd class="goods-thumb">
                                          	<a target="_blank" href="http://www.bangongshi.ren/shop/index.php?act=goods&op=index&goods_id=100032">
                                          	<img src="http://www.bangongshi.ren/data/upload/shop/common/loading.gif" alt="乐视MAX钢化玻璃膜 乐MAX手机贴膜 乐MAX钢化膜6.3寸抗蓝光保护膜" data-url="http://www.bangongshi.ren/data/upload/shop/store/goods/1/1_05127529037601845_240.jpg" rel="lazy" />
                                          	</a></dd>
                                          <dd class="goods-price"><em>￥15.00</em>
                                            </dd>
                                        </dl>
                                      </li>
                                                                        </ul>
                                  </div>
                                                                </div>
  
</div>
  ');
INSERT INTO `zmkj_web` (`web_id`,`web_name`,`style_name`,`web_page`,`update_time`,`web_sort`,`web_show`,`web_html`) VALUES('8','网络产品','blue','index','1467771405','8',NULL,'
<div class="home-standard-layout wrapper style-blue">

  <div class="left-sidebar">
    <div class="title">
      	      	    <div class="txt-type">
                        <span>8F</span>                        <h2 title="网络产品">网络产品</h2>
            </div>
      	    </div>
    <div class="recommend-classes">
      <ul>
                        </ul>
    </div>
    <div class="left-ads">
      	      	<a href="http://www.bangongshi.ren/shop" title="" target="_blank">
      	<img src="http://www.bangongshi.ren/data/upload/shop/common/loading.gif" alt="" data-url="http://www.bangongshi.ren/data/upload/shop/editor/web-8-83.png?526" rel="lazy" />
      	</a>
      	    </div>
    
	
	            <div class="left-hot-goods">
    <p>热卖促销：</p>
        <ul>
                        <li><i></i><a target="_blank" title="2015秋冬酷迪璐男士夹克潮青年韩版时尚修身立领夹克男装外套 咖啡色 M" href="http://www.bangongshi.ren/shop/index.php?act=goods&op=index&goods_id=102880">2015秋冬酷迪璐男士夹克潮青年韩版时尚修身立领夹克男装外套 咖啡色 M</a></li>
                        <li><i></i><a target="_blank" title="酷迪璐新品男式夹克外套男士pu皮衣韩版休闲绒布接男装 蓝色 M" href="http://www.bangongshi.ren/shop/index.php?act=goods&op=index&goods_id=102865">酷迪璐新品男式夹克外套男士pu皮衣韩版休闲绒布接男装 蓝色 M</a></li>
                    </ul>
    </div>
	          </div>
  <div class="middle-layout">
  <ul class="right-brand">

                                          <li>
          <a href="http://www.bangongshi.ren/shop/index.php?act=brand&op=list&brand=104" title="esprit" target="_blank">esprit</a>
        </li>
                          <li>
          <a href="http://www.bangongshi.ren/shop/index.php?act=brand&op=list&brand=103" title="ELLE HOME" target="_blank">ELLE HOME</a>
        </li>
                          <li>
          <a href="http://www.bangongshi.ren/shop/index.php?act=brand&op=list&brand=105" title="westside" target="_blank">westside</a>
        </li>
                          <li>
          <a href="http://www.bangongshi.ren/shop/index.php?act=brand&op=list&brand=106" title="RDK" target="_blank">RDK</a>
        </li>
                          <li>
          <a href="http://www.bangongshi.ren/shop/index.php?act=brand&op=list&brand=92" title="Newbalance" target="_blank">Newbalance</a>
        </li>
                          <li>
          <a href="http://www.bangongshi.ren/shop/index.php?act=brand&op=list&brand=91" title="其乐" target="_blank">其乐</a>
        </li>
                          <li>
          <a href="http://www.bangongshi.ren/shop/index.php?act=brand&op=list&brand=85" title="猫人" target="_blank">猫人</a>
        </li>
                          <li>
          <a href="http://www.bangongshi.ren/shop/index.php?act=brand&op=list&brand=93" title="百丽" target="_blank">百丽</a>
        </li>
                                                       <li>
          <a href="http://www.bangongshi.ren/index.php?act=brand&op=index" title="" target="_blank">更多</a>
        </li>
            </ul>
    <ul class="tabs-nav">
    
                                            <li class="tabs-selected"><i class="arrow"></i><h3>商品推荐</h3></li>
                                        </ul>
    <div class="right-side-layout">
    	<div class="right-side-focus">
      <ul>
                                                                                <li><a href="" title="" target="_blank">
                        <img src="http://www.bangongshi.ren/data/upload/shop/common/loading.gif" alt="" data-url="http://www.bangongshi.ren/data/upload/shop/editor/web-8-88-1.jpg?580" rel="lazy" /></a>
                      	</li>
                                                                                    <li><a href="" title="" target="_blank">
                        <img src="http://www.bangongshi.ren/data/upload/shop/common/loading.gif" alt="" data-url="http://www.bangongshi.ren/data/upload/shop/editor/web-8-88-2.jpg?486" rel="lazy" /></a>
                      	</li>
                                                                </ul>
    </div>
    
    </div>
    
                                                                                                <div class="tabs-panel middle-goods-list ">
                                    <ul>
                                                                          <li>
                                        <dl>
                                          <dt class="goods-name"><a target="_blank" href="http://www.bangongshi.ren/shop/index.php?act=goods&op=index&goods_id=100049" title="金刚铲强光手电筒自驾游装备可充电车载应急灯配置工兵铲照明工具">
                                          	金刚铲强光手电筒自驾游装备可充电车载应急灯配置工兵铲照明工具</a></dt>
                                          <dd class="goods-thumb">
                                          	<a target="_blank" href="http://www.bangongshi.ren/shop/index.php?act=goods&op=index&goods_id=100049">
                                          	<img src="http://www.bangongshi.ren/data/upload/shop/common/loading.gif" alt="金刚铲强光手电筒自驾游装备可充电车载应急灯配置工兵铲照明工具" data-url="http://www.bangongshi.ren/data/upload/shop/store/goods/1/1_05127574478139590_240.jpg" rel="lazy" />
                                          	</a></dd>
                                          <dd class="goods-price"><em>￥199.00</em>
                                            </dd>
                                        </dl>
                                      </li>
                                                                          <li>
                                        <dl>
                                          <dt class="goods-name"><a target="_blank" href="http://www.bangongshi.ren/shop/index.php?act=goods&op=index&goods_id=100048" title="欧视卡21.5寸高清车载SD卡广告机 大巴吸顶显示器 配置32G内存">
                                          	欧视卡21.5寸高清车载SD卡广告机 大巴吸顶显示器 配置32G内存</a></dt>
                                          <dd class="goods-thumb">
                                          	<a target="_blank" href="http://www.bangongshi.ren/shop/index.php?act=goods&op=index&goods_id=100048">
                                          	<img src="http://www.bangongshi.ren/data/upload/shop/common/loading.gif" alt="欧视卡21.5寸高清车载SD卡广告机 大巴吸顶显示器 配置32G内存" data-url="http://www.bangongshi.ren/data/upload/shop/store/goods/1/1_05127573511357009_240.jpg" rel="lazy" />
                                          	</a></dd>
                                          <dd class="goods-price"><em>￥1239.00</em>
                                            </dd>
                                        </dl>
                                      </li>
                                                                          <li>
                                        <dl>
                                          <dt class="goods-name"><a target="_blank" href="http://www.bangongshi.ren/shop/index.php?act=goods&op=index&goods_id=100047" title="行车记录仪双镜头带电子狗汽车车载后视镜夜视高清1080P倒车影像">
                                          	行车记录仪双镜头带电子狗汽车车载后视镜夜视高清1080P倒车影像</a></dt>
                                          <dd class="goods-thumb">
                                          	<a target="_blank" href="http://www.bangongshi.ren/shop/index.php?act=goods&op=index&goods_id=100047">
                                          	<img src="http://www.bangongshi.ren/data/upload/shop/common/loading.gif" alt="行车记录仪双镜头带电子狗汽车车载后视镜夜视高清1080P倒车影像" data-url="http://www.bangongshi.ren/data/upload/shop/store/goods/1/1_05127572089290258_240.jpg" rel="lazy" />
                                          	</a></dd>
                                          <dd class="goods-price"><em>￥299.00</em>
                                            </dd>
                                        </dl>
                                      </li>
                                                                          <li>
                                        <dl>
                                          <dt class="goods-name"><a target="_blank" href="http://www.bangongshi.ren/shop/index.php?act=goods&op=index&goods_id=100046" title="203合一水滴念佛机车载配置包邮送好礼高清音质独特设计大厂生产">
                                          	203合一水滴念佛机车载配置包邮送好礼高清音质独特设计大厂生产</a></dt>
                                          <dd class="goods-thumb">
                                          	<a target="_blank" href="http://www.bangongshi.ren/shop/index.php?act=goods&op=index&goods_id=100046">
                                          	<img src="http://www.bangongshi.ren/data/upload/shop/common/loading.gif" alt="203合一水滴念佛机车载配置包邮送好礼高清音质独特设计大厂生产" data-url="http://www.bangongshi.ren/data/upload/shop/store/goods/1/1_05127546654097467_240.jpg" rel="lazy" />
                                          	</a></dd>
                                          <dd class="goods-price"><em>￥98.00</em>
                                            </dd>
                                        </dl>
                                      </li>
                                                                          <li>
                                        <dl>
                                          <dt class="goods-name"><a target="_blank" href="http://www.bangongshi.ren/shop/index.php?act=goods&op=index&goods_id=100044" title="倍思 车载手机支架汽车上用空调出风口手机座多功能磁性导航通用">
                                          	倍思 车载手机支架汽车上用空调出风口手机座多功能磁性导航通用</a></dt>
                                          <dd class="goods-thumb">
                                          	<a target="_blank" href="http://www.bangongshi.ren/shop/index.php?act=goods&op=index&goods_id=100044">
                                          	<img src="http://www.bangongshi.ren/data/upload/shop/common/loading.gif" alt="倍思 车载手机支架汽车上用空调出风口手机座多功能磁性导航通用" data-url="http://www.bangongshi.ren/data/upload/shop/store/goods/1/1_05127544665368578_240.jpg" rel="lazy" />
                                          	</a></dd>
                                          <dd class="goods-price"><em>￥60.00</em>
                                            </dd>
                                        </dl>
                                      </li>
                                                                          <li>
                                        <dl>
                                          <dt class="goods-name"><a target="_blank" href="http://www.bangongshi.ren/shop/index.php?act=goods&op=index&goods_id=100045" title="雷霆户外车载急救包旅行便携应急包 家用车用防水医药包 含配置">
                                          	雷霆户外车载急救包旅行便携应急包 家用车用防水医药包 含配置</a></dt>
                                          <dd class="goods-thumb">
                                          	<a target="_blank" href="http://www.bangongshi.ren/shop/index.php?act=goods&op=index&goods_id=100045">
                                          	<img src="http://www.bangongshi.ren/data/upload/shop/common/loading.gif" alt="雷霆户外车载急救包旅行便携应急包 家用车用防水医药包 含配置" data-url="http://www.bangongshi.ren/data/upload/shop/store/goods/1/1_05127545723248665_240.jpg" rel="lazy" />
                                          	</a></dd>
                                          <dd class="goods-price"><em>￥109.00</em>
                                            </dd>
                                        </dl>
                                      </li>
                                                                        </ul>
                                  </div>
                                                                </div>
  
</div>
  ');
INSERT INTO `zmkj_web` (`web_id`,`web_name`,`style_name`,`web_page`,`update_time`,`web_sort`,`web_show`,`web_html`) VALUES('101','首页头部焦点图片','orange','index_pic','1515902827','100','1','
  <ul id="fullScreenSlides" class="full-screen-slides">
                                        <li style="background:  url(''http://www.nrwspt.com/data/upload/shop/editor/web-101-101-5.jpg?256'') no-repeat center top">
            <a href="http://www.nrwspt.com/shop/index.php?act=store_list&amp;op=index&amp;curpage=3" target="_blank" title="新年抢购节">&nbsp;</a></li>
                                        <li style="background: #ffffff url(''http://www.nrwspt.com/data/upload/shop/editor/web-101-101-4.png?855'') no-repeat center top">
            <a href="" target="_blank" title="索尼新品大放送">&nbsp;</a></li>
                                        <li style="background:  url(''http://www.nrwspt.com/data/upload/shop/editor/web-101-101-1.jpg?834'') no-repeat center top">
            <a href="" target="_blank" title="">&nbsp;</a></li>
                                        <li style="background:  url(''http://www.nrwspt.com/data/upload/shop/editor/web-101-101-3.png?226'') no-repeat center top">
            <a href="" target="_blank" title="">&nbsp;</a></li>
                              
  </ul>
  <div class="jfocus-trigeminybox">
  <a class="limited_time" title="限时打折" href="http://www.nrwspt.com/index.php?act=promotion&op=index">
        <div class="clock-wrap">
          <div class="clock">
            <div class="clock-h" id="ClockHours" style="-webkit-transform: rotate(93deg);"></div>
            <div class="clock-m"></div>
            <div class="clock-s"></div>
          </div>
    </div>
    </a>
  <div class="jfocus-trigeminy"> 
    <ul>
                              <li>
                                        <a href="http://www.bangongshi.org.cn/shop/index.php?act=goods&amp;op=index&amp;goods_id=100171" target="_blank" title="得力9837五联文件框 塑料文件夹收纳框资料筐桌面文件栏文件架">
                <img src="http://www.nrwspt.com/data/upload/shop/common/loading.gif" rel="lazy" data-url="http://www.nrwspt.com/data/upload/shop/editor/web-101-102-1-1.jpg?735" alt="得力9837五联文件框 塑料文件夹收纳框资料筐桌面文件栏文件架"></a>
                          <a href="http://www.bangongshi.org.cn/shop/index.php?act=goods&amp;op=index&amp;goods_id=100159" target="_blank" title="得力（deli）837ES 经典款财务办公计算器 高性价比 大数字显示">
                <img src="http://www.nrwspt.com/data/upload/shop/common/loading.gif" rel="lazy" data-url="http://www.nrwspt.com/data/upload/shop/editor/web-101-102-1-2.jpg?103" alt="得力（deli）837ES 经典款财务办公计算器 高性价比 大数字显示"></a>
                          <a href="http://www.bangongshi.org.cn/shop/index.php?act=goods&amp;op=index&amp;goods_id=100173" target="_blank" title="得力长尾票夹8561 黑色燕尾夹/鱼尾夹/资料试卷夹/夹子 12只/50mm">
                <img src="http://www.nrwspt.com/data/upload/shop/common/loading.gif" rel="lazy" data-url="http://www.nrwspt.com/data/upload/shop/editor/web-101-102-1-3.jpg?334" alt="得力长尾票夹8561 黑色燕尾夹/鱼尾夹/资料试卷夹/夹子 12只/50mm"></a>
                          <a href="http://www.bangongshi.org.cn/shop/index.php?act=goods&amp;op=index&amp;goods_id=100176" target="_blank" title="得力印台9892 快干印泥油 方形金属印章油 办公财务用品 红色">
                <img src="http://www.nrwspt.com/data/upload/shop/common/loading.gif" rel="lazy" data-url="http://www.nrwspt.com/data/upload/shop/editor/web-101-102-1-4.jpg?399" alt="得力印台9892 快干印泥油 方形金属印章油 办公财务用品 红色"></a>
                                      </li>
                    <li>
                                        <a href="http://www.bangongshi.org.cn/shop/index.php?act=goods&amp;op=index&amp;goods_id=100155" target="_blank" title="33063复印纸5包起送">
                <img src="http://www.nrwspt.com/data/upload/shop/common/loading.gif" rel="lazy" data-url="http://www.nrwspt.com/data/upload/shop/editor/web-101-102-2-1.jpg?807" alt="33063复印纸5包起送"></a>
                          <a href="http://www.bangongshi.org.cn/shop/index.php?act=goods&amp;op=index&amp;goods_id=100156" target="_blank" title="5952牛皮纸档案袋">
                <img src="http://www.nrwspt.com/data/upload/shop/common/loading.gif" rel="lazy" data-url="http://www.nrwspt.com/data/upload/shop/editor/web-101-102-2-2.jpg?396" alt="5952牛皮纸档案袋"></a>
                          <a href="http://www.bangongshi.org.cn/shop/index.php?act=goods&amp;op=index&amp;goods_id=100157" target="_blank" title="得力（deli）6600 经济实用型中性笔(黑) 0.5mm 12只装">
                <img src="http://www.nrwspt.com/data/upload/shop/common/loading.gif" rel="lazy" data-url="http://www.nrwspt.com/data/upload/shop/editor/web-101-102-2-3.jpg?123" alt="得力（deli）6600 经济实用型中性笔(黑) 0.5mm 12只装"></a>
                          <a href="http://www.bangongshi.org.cn/shop/index.php?act=goods&amp;op=index&amp;goods_id=100161" target="_blank" title="得力0416轻便型厚层订书机">
                <img src="http://www.nrwspt.com/data/upload/shop/common/loading.gif" rel="lazy" data-url="http://www.nrwspt.com/data/upload/shop/editor/web-101-102-2-4.jpg?939" alt="得力0416轻便型厚层订书机"></a>
                                      </li>
                        </ul>
  </div>
  </div>
<script type="text/javascript">
	update_screen_focus();
</script>');
INSERT INTO `zmkj_web` (`web_id`,`web_name`,`style_name`,`web_page`,`update_time`,`web_sort`,`web_show`,`web_html`) VALUES('121','首页促销区','orange','index_sale','1515902827','120','1','
    <ul class="tabs-nav">
                                            <li class="tabs-selected"><i class="arrow"></i><h3>新品上架</h3></li>
                          <li class=""><i class="arrow"></i><h3>热卖商品</h3></li>
                          <li class=""><i class="arrow"></i><h3>疯狂抢购</h3></li>
                          <li class=""><i class="arrow"></i><h3>猜您喜欢</h3></li>
                          <li class=""><i class="arrow"></i><h3>热评商品</h3></li>
                                        </ul>
                                                                                                <div class="tabs-panel sale-goods-list ">
                                    <ul>
                                                                          <li>
                                        <dl>
                                          <dt class="goods-name"><a target="_blank" href="http://www.nrwspt.com/shop/index.php?act=goods&op=index&goods_id=100126" title="惠普（HP） LaserJet Pro P1106 黑白激光打印机（打印）">
                                          	惠普（HP） LaserJet Pro P1106 黑白激光打印机（打印）</a></dt>
                                          <dd class="goods-thumb">
                                          	<a target="_blank" href="http://www.nrwspt.com/shop/index.php?act=goods&op=index&goods_id=100126">
                                          	<img src="http://www.nrwspt.com/data/upload/shop/common/loading.gif" rel="lazy" data-url="http://www.nrwspt.com/data/upload/shop/store/goods/4/4_05302973428028443_240.jpg" alt="惠普（HP） LaserJet Pro P1106 黑白激光打印机（打印）" />
                                          	</a></dd>
                                          <dd class="goods-price">商城价：<em>￥730.00</em></dd>
                                        </dl>
                                      </li>
                                                                          <li>
                                        <dl>
                                          <dt class="goods-name"><a target="_blank" href="http://www.nrwspt.com/shop/index.php?act=goods&op=index&goods_id=100213" title="南天PR2E平推24针A4针式打印机出库单税控票据连打快递单打印机">
                                          	南天PR2E平推24针A4针式打印机出库单税控票据连打快递单打印机</a></dt>
                                          <dd class="goods-thumb">
                                          	<a target="_blank" href="http://www.nrwspt.com/shop/index.php?act=goods&op=index&goods_id=100213">
                                          	<img src="http://www.nrwspt.com/data/upload/shop/common/loading.gif" rel="lazy" data-url="http://www.nrwspt.com/data/upload/shop/store/goods/14/2016/11/14_05319994473173971_240.jpg" alt="南天PR2E平推24针A4针式打印机出库单税控票据连打快递单打印机" />
                                          	</a></dd>
                                          <dd class="goods-price">商城价：<em>￥380.00</em></dd>
                                        </dl>
                                      </li>
                                                                          <li>
                                        <dl>
                                          <dt class="goods-name"><a target="_blank" href="http://www.nrwspt.com/shop/index.php?act=goods&op=index&goods_id=100563" title="得力3969包邮指纹考勤机 人脸指纹式打卡机面部人脸识别考勤机">
                                          	得力3969包邮指纹考勤机 人脸指纹式打卡机面部人脸识别考勤机</a></dt>
                                          <dd class="goods-thumb">
                                          	<a target="_blank" href="http://www.nrwspt.com/shop/index.php?act=goods&op=index&goods_id=100563">
                                          	<img src="http://www.nrwspt.com/data/upload/shop/common/loading.gif" rel="lazy" data-url="http://www.nrwspt.com/data/upload/shop/store/goods/25/2016/11/25_05332941340731332_240.jpg" alt="得力3969包邮指纹考勤机 人脸指纹式打卡机面部人脸识别考勤机" />
                                          	</a></dd>
                                          <dd class="goods-price">商城价：<em>￥595.00</em></dd>
                                        </dl>
                                      </li>
                                                                          <li>
                                        <dl>
                                          <dt class="goods-name"><a target="_blank" href="http://www.nrwspt.com/shop/index.php?act=goods&op=index&goods_id=100562" title="得力钉钉智能云考勤机 打卡机指纹签到机 可分店考勤统一管理考勤">
                                          	得力钉钉智能云考勤机 打卡机指纹签到机 可分店考勤统一管理考勤</a></dt>
                                          <dd class="goods-thumb">
                                          	<a target="_blank" href="http://www.nrwspt.com/shop/index.php?act=goods&op=index&goods_id=100562">
                                          	<img src="http://www.nrwspt.com/data/upload/shop/common/loading.gif" rel="lazy" data-url="http://www.nrwspt.com/data/upload/shop/store/goods/25/2016/11/25_05332939128501009_240.jpg" alt="得力钉钉智能云考勤机 打卡机指纹签到机 可分店考勤统一管理考勤" />
                                          	</a></dd>
                                          <dd class="goods-price">商城价：<em>￥238.00</em></dd>
                                        </dl>
                                      </li>
                                                                          <li>
                                        <dl>
                                          <dt class="goods-name"><a target="_blank" href="http://www.nrwspt.com/shop/index.php?act=goods&op=index&goods_id=100559" title="科密DF310人脸识别考勤机">
                                          	科密DF310人脸识别考勤机</a></dt>
                                          <dd class="goods-thumb">
                                          	<a target="_blank" href="http://www.nrwspt.com/shop/index.php?act=goods&op=index&goods_id=100559">
                                          	<img src="http://www.nrwspt.com/data/upload/shop/common/loading.gif" rel="lazy" data-url="http://www.nrwspt.com/data/upload/shop/store/goods/33/2016/11/33_05332348352583931_240.jpg" alt="科密DF310人脸识别考勤机" />
                                          	</a></dd>
                                          <dd class="goods-price">商城价：<em>￥389.00</em></dd>
                                        </dl>
                                      </li>
                                                                        </ul>
                                  </div>
                                                                                                        <div class="tabs-panel sale-goods-list tabs-hide">
                                    <ul>
                                                                          <li>
                                        <dl>
                                          <dt class="goods-name"><a target="_blank" href="http://www.nrwspt.com/shop/index.php?act=goods&op=index&goods_id=100423" title="CASIO卡西欧XJ-UT255超短焦 激光+LED新光源投影仪办公教育">
                                          	CASIO卡西欧XJ-UT255超短焦 激光+LED新光源投影仪办公教育</a></dt>
                                          <dd class="goods-thumb">
                                          	<a target="_blank" href="http://www.nrwspt.com/shop/index.php?act=goods&op=index&goods_id=100423">
                                          	<img src="http://www.nrwspt.com/data/upload/shop/common/loading.gif" rel="lazy" data-url="http://www.nrwspt.com/data/upload/shop/store/goods/26/2016/11/26_05330640255437721_240.jpg" alt="CASIO卡西欧XJ-UT255超短焦 激光+LED新光源投影仪办公教育" />
                                          	</a></dd>
                                          <dd class="goods-price">商城价：<em>1.78万</em></dd>
                                        </dl>
                                      </li>
                                                                          <li>
                                        <dl>
                                          <dt class="goods-name"><a target="_blank" href="http://www.nrwspt.com/shop/index.php?act=goods&op=index&goods_id=100422" title="CASIO卡西欧XJ-M240激光LED高清投影仪家用商用教育婚庆投影机">
                                          	CASIO卡西欧XJ-M240激光LED高清投影仪家用商用教育婚庆投影机</a></dt>
                                          <dd class="goods-thumb">
                                          	<a target="_blank" href="http://www.nrwspt.com/shop/index.php?act=goods&op=index&goods_id=100422">
                                          	<img src="http://www.nrwspt.com/data/upload/shop/common/loading.gif" rel="lazy" data-url="http://www.nrwspt.com/data/upload/shop/store/goods/26/2016/11/26_05330637032587338_240.jpg" alt="CASIO卡西欧XJ-M240激光LED高清投影仪家用商用教育婚庆投影机" />
                                          	</a></dd>
                                          <dd class="goods-price">商城价：<em>￥8600.00</em></dd>
                                        </dl>
                                      </li>
                                                                          <li>
                                        <dl>
                                          <dt class="goods-name"><a target="_blank" href="http://www.nrwspt.com/shop/index.php?act=goods&op=index&goods_id=100421" title="Casio/卡西欧 XJ-A141超薄型激光投影机 高清1080P商务便携投影仪">
                                          	Casio/卡西欧 XJ-A141超薄型激光投影机 高清1080P商务便携投影仪</a></dt>
                                          <dd class="goods-thumb">
                                          	<a target="_blank" href="http://www.nrwspt.com/shop/index.php?act=goods&op=index&goods_id=100421">
                                          	<img src="http://www.nrwspt.com/data/upload/shop/common/loading.gif" rel="lazy" data-url="http://www.nrwspt.com/data/upload/shop/store/goods/26/2016/11/26_05330634122230490_240.jpg" alt="Casio/卡西欧 XJ-A141超薄型激光投影机 高清1080P商务便携投影仪" />
                                          	</a></dd>
                                          <dd class="goods-price">商城价：<em>￥6600.00</em></dd>
                                        </dl>
                                      </li>
                                                                          <li>
                                        <dl>
                                          <dt class="goods-name"><a target="_blank" href="http://www.nrwspt.com/shop/index.php?act=goods&op=index&goods_id=100419" title="宏基投影仪 宏基PE-833投影机 正品行货 全国联保 特价促销">
                                          	宏基投影仪 宏基PE-833投影机 正品行货 全国联保 特价促销</a></dt>
                                          <dd class="goods-thumb">
                                          	<a target="_blank" href="http://www.nrwspt.com/shop/index.php?act=goods&op=index&goods_id=100419">
                                          	<img src="http://www.nrwspt.com/data/upload/shop/common/loading.gif" rel="lazy" data-url="http://www.nrwspt.com/data/upload/shop/store/goods/26/2016/11/26_05330629257974639_240.jpg" alt="宏基投影仪 宏基PE-833投影机 正品行货 全国联保 特价促销" />
                                          	</a></dd>
                                          <dd class="goods-price">商城价：<em>￥4900.00</em></dd>
                                        </dl>
                                      </li>
                                                                          <li>
                                        <dl>
                                          <dt class="goods-name"><a target="_blank" href="http://www.nrwspt.com/shop/index.php?act=goods&op=index&goods_id=100418" title="宏基D210投影机3D投影仪 效果一流 正品行货全国联保">
                                          	宏基D210投影机3D投影仪 效果一流 正品行货全国联保</a></dt>
                                          <dd class="goods-thumb">
                                          	<a target="_blank" href="http://www.nrwspt.com/shop/index.php?act=goods&op=index&goods_id=100418">
                                          	<img src="http://www.nrwspt.com/data/upload/shop/common/loading.gif" rel="lazy" data-url="http://www.nrwspt.com/data/upload/shop/store/goods/26/2016/11/26_05330626422201595_240.jpg" alt="宏基D210投影机3D投影仪 效果一流 正品行货全国联保" />
                                          	</a></dd>
                                          <dd class="goods-price">商城价：<em>￥2500.00</em></dd>
                                        </dl>
                                      </li>
                                                                        </ul>
                                  </div>
                                                                                                        <div class="tabs-panel sale-goods-list tabs-hide">
                                    <ul>
                                                                          <li>
                                        <dl>
                                          <dt class="goods-name"><a target="_blank" href="http://www.nrwspt.com/shop/index.php?act=goods&op=index&goods_id=100550" title="进口全树脂基碳带110mm*300m斑马立象条码打印机tsc ttp-244色带 50mm*300m">
                                          	进口全树脂基碳带110mm*300m斑马立象条码打印机tsc ttp-244色带 50mm*300m</a></dt>
                                          <dd class="goods-thumb">
                                          	<a target="_blank" href="http://www.nrwspt.com/shop/index.php?act=goods&op=index&goods_id=100550">
                                          	<img src="http://www.nrwspt.com/data/upload/shop/common/loading.gif" rel="lazy" data-url="http://www.nrwspt.com/data/upload/shop/store/goods/29/2016/11/29_05332342914062454_240.jpg" alt="进口全树脂基碳带110mm*300m斑马立象条码打印机tsc ttp-244色带 50mm*300m" />
                                          	</a></dd>
                                          <dd class="goods-price">商城价：<em>￥55.00</em></dd>
                                        </dl>
                                      </li>
                                                                          <li>
                                        <dl>
                                          <dt class="goods-name"><a target="_blank" href="http://www.nrwspt.com/shop/index.php?act=goods&op=index&goods_id=100546" title="100%原装 爱普生Epson S015290色带 LQ635K 735K 730K 630K色带架">
                                          	100%原装 爱普生Epson S015290色带 LQ635K 735K 730K 630K色带架</a></dt>
                                          <dd class="goods-thumb">
                                          	<a target="_blank" href="http://www.nrwspt.com/shop/index.php?act=goods&op=index&goods_id=100546">
                                          	<img src="http://www.nrwspt.com/data/upload/shop/common/loading.gif" rel="lazy" data-url="http://www.nrwspt.com/data/upload/shop/store/goods/29/2016/11/29_05332322957803264_240.jpg" alt="100%原装 爱普生Epson S015290色带 LQ635K 735K 730K 630K色带架" />
                                          	</a></dd>
                                          <dd class="goods-price">商城价：<em>￥21.00</em></dd>
                                        </dl>
                                      </li>
                                                                          <li>
                                        <dl>
                                          <dt class="goods-name"><a target="_blank" href="http://www.nrwspt.com/shop/index.php?act=goods&op=index&goods_id=100544" title="原装爱普生630k色带架 LQ-730K 610K 635K 735K 针式打印机色带芯 630K原">
                                          	原装爱普生630k色带架 LQ-730K 610K 635K 735K 针式打印机色带芯 630K原</a></dt>
                                          <dd class="goods-thumb">
                                          	<a target="_blank" href="http://www.nrwspt.com/shop/index.php?act=goods&op=index&goods_id=100544">
                                          	<img src="http://www.nrwspt.com/data/upload/shop/common/loading.gif" rel="lazy" data-url="http://www.nrwspt.com/data/upload/shop/store/goods/29/2016/11/29_05332319726822929_240.jpg" alt="原装爱普生630k色带架 LQ-730K 610K 635K 735K 针式打印机色带芯 630K原" />
                                          	</a></dd>
                                          <dd class="goods-price">商城价：<em>￥25.00</em></dd>
                                        </dl>
                                      </li>
                                                                          <li>
                                        <dl>
                                          <dt class="goods-name"><a target="_blank" href="http://www.nrwspt.com/shop/index.php?act=goods&op=index&goods_id=100543" title="得力办公DLH-280A硒鼓黑色激光打印碳粉盒适用惠普打印复印机耗材 黑色 碳粉">
                                          	得力办公DLH-280A硒鼓黑色激光打印碳粉盒适用惠普打印复印机耗材 黑色 碳粉</a></dt>
                                          <dd class="goods-thumb">
                                          	<a target="_blank" href="http://www.nrwspt.com/shop/index.php?act=goods&op=index&goods_id=100543">
                                          	<img src="http://www.nrwspt.com/data/upload/shop/common/loading.gif" rel="lazy" data-url="http://www.nrwspt.com/data/upload/shop/store/goods/29/2016/11/29_05332309671629723_240.jpg" alt="得力办公DLH-280A硒鼓黑色激光打印碳粉盒适用惠普打印复印机耗材 黑色 碳粉" />
                                          	</a></dd>
                                          <dd class="goods-price">商城价：<em>￥118.00</em></dd>
                                        </dl>
                                      </li>
                                                                          <li>
                                        <dl>
                                          <dt class="goods-name"><a target="_blank" href="http://www.nrwspt.com/shop/index.php?act=goods&op=index&goods_id=100542" title="进口富士施乐惠普三星嘉纷彩色碳粉激光打印机一体机耗材">
                                          	进口富士施乐惠普三星嘉纷彩色碳粉激光打印机一体机耗材</a></dt>
                                          <dd class="goods-thumb">
                                          	<a target="_blank" href="http://www.nrwspt.com/shop/index.php?act=goods&op=index&goods_id=100542">
                                          	<img src="http://www.nrwspt.com/data/upload/shop/common/loading.gif" rel="lazy" data-url="http://www.nrwspt.com/data/upload/shop/store/goods/29/2016/11/29_05332305878241855_240.jpg" alt="进口富士施乐惠普三星嘉纷彩色碳粉激光打印机一体机耗材" />
                                          	</a></dd>
                                          <dd class="goods-price">商城价：<em>￥36.00</em></dd>
                                        </dl>
                                      </li>
                                                                        </ul>
                                  </div>
                                                                                                        <div class="tabs-panel sale-goods-list tabs-hide">
                                    <ul>
                                                                          <li>
                                        <dl>
                                          <dt class="goods-name"><a target="_blank" href="http://www.nrwspt.com/shop/index.php?act=goods&op=index&goods_id=100497" title="得力莱茵河7401 70G克 80g A4复印纸 办公打印复印纸A4纸">
                                          	得力莱茵河7401 70G克 80g A4复印纸 办公打印复印纸A4纸</a></dt>
                                          <dd class="goods-thumb">
                                          	<a target="_blank" href="http://www.nrwspt.com/shop/index.php?act=goods&op=index&goods_id=100497">
                                          	<img src="http://www.nrwspt.com/data/upload/shop/common/loading.gif" rel="lazy" data-url="http://www.nrwspt.com/data/upload/shop/store/goods/35/2016/11/35_05332109467439673_240.jpg" alt="得力莱茵河7401 70G克 80g A4复印纸 办公打印复印纸A4纸" />
                                          	</a></dd>
                                          <dd class="goods-price">商城价：<em>￥200.00</em></dd>
                                        </dl>
                                      </li>
                                                                          <li>
                                        <dl>
                                          <dt class="goods-name"><a target="_blank" href="http://www.nrwspt.com/shop/index.php?act=goods&op=index&goods_id=100485" title="现货得力铭锐A4打印复印纸办公用纸70g白纸打印整箱5包批发包邮">
                                          	现货得力铭锐A4打印复印纸办公用纸70g白纸打印整箱5包批发包邮</a></dt>
                                          <dd class="goods-thumb">
                                          	<a target="_blank" href="http://www.nrwspt.com/shop/index.php?act=goods&op=index&goods_id=100485">
                                          	<img src="http://www.nrwspt.com/data/upload/shop/common/loading.gif" rel="lazy" data-url="http://www.nrwspt.com/data/upload/shop/store/goods/35/2016/11/35_05332091536666496_240.jpg" alt="现货得力铭锐A4打印复印纸办公用纸70g白纸打印整箱5包批发包邮" />
                                          	</a></dd>
                                          <dd class="goods-price">商城价：<em>￥82.00</em></dd>
                                        </dl>
                                      </li>
                                                                          <li>
                                        <dl>
                                          <dt class="goods-name"><a target="_blank" href="http://www.nrwspt.com/shop/index.php?act=goods&op=index&goods_id=100356" title="现货 得力铭锐A4复印纸办公专用70g纸打印 整箱5包批发包邮">
                                          	现货 得力铭锐A4复印纸办公专用70g纸打印 整箱5包批发包邮</a></dt>
                                          <dd class="goods-thumb">
                                          	<a target="_blank" href="http://www.nrwspt.com/shop/index.php?act=goods&op=index&goods_id=100356">
                                          	<img src="http://www.nrwspt.com/data/upload/shop/common/loading.gif" rel="lazy" data-url="http://www.nrwspt.com/data/upload/shop/store/goods/25/2016/11/25_05326941689454306_240.jpg" alt="现货 得力铭锐A4复印纸办公专用70g纸打印 整箱5包批发包邮" />
                                          	</a></dd>
                                          <dd class="goods-price">商城价：<em>￥84.00</em></dd>
                                        </dl>
                                      </li>
                                                                          <li>
                                        <dl>
                                          <dt class="goods-name"><a target="_blank" href="http://www.nrwspt.com/shop/index.php?act=goods&op=index&goods_id=100302" title="四通OKI 5760SP 票据打印机 报表打印机 证书存折针式打印机正品">
                                          	四通OKI 5760SP 票据打印机 报表打印机 证书存折针式打印机正品</a></dt>
                                          <dd class="goods-thumb">
                                          	<a target="_blank" href="http://www.nrwspt.com/shop/index.php?act=goods&op=index&goods_id=100302">
                                          	<img src="http://www.nrwspt.com/data/upload/shop/common/loading.gif" rel="lazy" data-url="http://www.nrwspt.com/data/upload/shop/store/goods/4/2016/11/4_05322827521303487_240.jpg" alt="四通OKI 5760SP 票据打印机 报表打印机 证书存折针式打印机正品" />
                                          	</a></dd>
                                          <dd class="goods-price">商城价：<em>￥2880.00</em></dd>
                                        </dl>
                                      </li>
                                                                          <li>
                                        <dl>
                                          <dt class="goods-name"><a target="_blank" href="http://www.nrwspt.com/shop/index.php?act=goods&op=index&goods_id=100155" title="33063复印纸5包起送">
                                          	33063复印纸5包起送</a></dt>
                                          <dd class="goods-thumb">
                                          	<a target="_blank" href="http://www.nrwspt.com/shop/index.php?act=goods&op=index&goods_id=100155">
                                          	<img src="http://www.nrwspt.com/data/upload/shop/common/loading.gif" rel="lazy" data-url="http://www.nrwspt.com/data/upload/shop/store/goods/9/2016/11/9_05318268076704000_240.jpg" alt="33063复印纸5包起送" />
                                          	</a></dd>
                                          <dd class="goods-price">商城价：<em>￥17.00</em></dd>
                                        </dl>
                                      </li>
                                                                        </ul>
                                  </div>
                                                                                                        <div class="tabs-panel sale-goods-list tabs-hide">
                                    <ul>
                                                                          <li>
                                        <dl>
                                          <dt class="goods-name"><a target="_blank" href="http://www.nrwspt.com/shop/index.php?act=goods&op=index&goods_id=100321" title="12V车充线 对讲机通用手台借电器 小车专用 自驾游驴友车载充电器">
                                          	12V车充线 对讲机通用手台借电器 小车专用 自驾游驴友车载充电器</a></dt>
                                          <dd class="goods-thumb">
                                          	<a target="_blank" href="http://www.nrwspt.com/shop/index.php?act=goods&op=index&goods_id=100321">
                                          	<img src="http://www.nrwspt.com/data/upload/shop/common/loading.gif" rel="lazy" data-url="http://www.nrwspt.com/data/upload/shop/store/goods/22/2016/11/22_05324366203036487_240.jpg" alt="12V车充线 对讲机通用手台借电器 小车专用 自驾游驴友车载充电器" />
                                          	</a></dd>
                                          <dd class="goods-price">商城价：<em>￥15.00</em></dd>
                                        </dl>
                                      </li>
                                                                          <li>
                                        <dl>
                                          <dt class="goods-name"><a target="_blank" href="http://www.nrwspt.com/shop/index.php?act=goods&op=index&goods_id=100320" title="12V24V通用型高品质对讲机车充线 大货车自驾游车载充电器借电器">
                                          	12V24V通用型高品质对讲机车充线 大货车自驾游车载充电器借电器</a></dt>
                                          <dd class="goods-thumb">
                                          	<a target="_blank" href="http://www.nrwspt.com/shop/index.php?act=goods&op=index&goods_id=100320">
                                          	<img src="http://www.nrwspt.com/data/upload/shop/common/loading.gif" rel="lazy" data-url="http://www.nrwspt.com/data/upload/shop/store/goods/22/2016/11/22_05324364589152387_240.jpg" alt="12V24V通用型高品质对讲机车充线 大货车自驾游车载充电器借电器" />
                                          	</a></dd>
                                          <dd class="goods-price">商城价：<em>￥25.00</em></dd>
                                        </dl>
                                      </li>
                                                                          <li>
                                        <dl>
                                          <dt class="goods-name"><a target="_blank" href="http://www.nrwspt.com/shop/index.php?act=goods&op=index&goods_id=100319" title="对讲机民用 大功率小巧便携 酒店工地耐用型手台 军工品质 自驾游">
                                          	对讲机民用 大功率小巧便携 酒店工地耐用型手台 军工品质 自驾游</a></dt>
                                          <dd class="goods-thumb">
                                          	<a target="_blank" href="http://www.nrwspt.com/shop/index.php?act=goods&op=index&goods_id=100319">
                                          	<img src="http://www.nrwspt.com/data/upload/shop/common/loading.gif" rel="lazy" data-url="http://www.nrwspt.com/data/upload/shop/store/goods/22/2016/11/22_05324359102255431_240.jpg" alt="对讲机民用 大功率小巧便携 酒店工地耐用型手台 军工品质 自驾游" />
                                          	</a></dd>
                                          <dd class="goods-price">商城价：<em>￥128.00</em></dd>
                                        </dl>
                                      </li>
                                                                          <li>
                                        <dl>
                                          <dt class="goods-name"><a target="_blank" href="http://www.nrwspt.com/shop/index.php?act=goods&op=index&goods_id=100318" title="鸿峰6100plus对讲机大功率手台 民用无线duijiangji 耐摔防尘防水">
                                          	鸿峰6100plus对讲机大功率手台 民用无线duijiangji 耐摔防尘防水</a></dt>
                                          <dd class="goods-thumb">
                                          	<a target="_blank" href="http://www.nrwspt.com/shop/index.php?act=goods&op=index&goods_id=100318">
                                          	<img src="http://www.nrwspt.com/data/upload/shop/common/loading.gif" rel="lazy" data-url="http://www.nrwspt.com/data/upload/shop/store/goods/22/2016/11/22_05324336317202884_240.jpg" alt="鸿峰6100plus对讲机大功率手台 民用无线duijiangji 耐摔防尘防水" />
                                          	</a></dd>
                                          <dd class="goods-price">商城价：<em>￥160.00</em></dd>
                                        </dl>
                                      </li>
                                                                          <li>
                                        <dl>
                                          <dt class="goods-name"><a target="_blank" href="http://www.nrwspt.com/shop/index.php?act=goods&op=index&goods_id=100317" title="对讲机民用专业手台 自驾游 酒店KTV洗浴中心 小巧便携 大功率">
                                          	对讲机民用专业手台 自驾游 酒店KTV洗浴中心 小巧便携 大功率</a></dt>
                                          <dd class="goods-thumb">
                                          	<a target="_blank" href="http://www.nrwspt.com/shop/index.php?act=goods&op=index&goods_id=100317">
                                          	<img src="http://www.nrwspt.com/data/upload/shop/common/loading.gif" rel="lazy" data-url="http://www.nrwspt.com/data/upload/shop/store/goods/22/2016/11/22_05324334491877808_240.jpg" alt="对讲机民用专业手台 自驾游 酒店KTV洗浴中心 小巧便携 大功率" />
                                          	</a></dd>
                                          <dd class="goods-price">商城价：<em>￥65.00</em></dd>
                                        </dl>
                                      </li>
                                                                        </ul>
                                  </div>
                                                              ');
INSERT INTO `zmkj_web_code` (`code_id`,`web_id`,`code_type`,`var_name`,`code_info`,`show_name`) VALUES('11','1','array','tit','a:5:{s:3:"pic";s:28:"shop/editor/web-1-11.png?926";s:3:"url";s:0:"";s:4:"type";s:3:"txt";s:5:"floor";s:2:"1F";s:5:"title";s:12:"设备租赁";}','标题图片');
INSERT INTO `zmkj_web_code` (`code_id`,`web_id`,`code_type`,`var_name`,`code_info`,`show_name`) VALUES('12','1','array','category_list','a:1:{s:11:"goods_class";a:8:{i:265;a:2:{s:5:"gc_id";s:3:"265";s:7:"gc_name";s:9:"复印机";}i:266;a:2:{s:5:"gc_id";s:3:"266";s:7:"gc_name";s:9:"打印机";}i:268;a:2:{s:5:"gc_id";s:3:"268";s:7:"gc_name";s:9:"一体机";}i:270;a:2:{s:5:"gc_id";s:3:"270";s:7:"gc_name";s:9:"投影仪";}i:273;a:2:{s:5:"gc_id";s:3:"273";s:7:"gc_name";s:12:"创意配件";}i:1125;a:2:{s:5:"gc_id";s:4:"1125";s:7:"gc_name";s:12:"办公设备";}i:1060;a:2:{s:5:"gc_id";s:4:"1060";s:7:"gc_name";s:15:"空气净化器";}i:1061;a:2:{s:5:"gc_id";s:4:"1061";s:7:"gc_name";s:9:"净水机";}}}','推荐分类');
INSERT INTO `zmkj_web_code` (`code_id`,`web_id`,`code_type`,`var_name`,`code_info`,`show_name`) VALUES('13','1','array','act','a:4:{s:3:"pic";s:28:"shop/editor/web-1-13.png?316";s:4:"type";s:3:"pic";s:5:"title";s:0:"";s:3:"url";s:30:"http://www.bangongshi.ren/shop";}','活动图片');
INSERT INTO `zmkj_web_code` (`code_id`,`web_id`,`code_type`,`var_name`,`code_info`,`show_name`) VALUES('15','1','array','recommend_list','a:1:{i:1;a:2:{s:9:"recommend";a:1:{s:4:"name";s:12:"商品推荐";}s:10:"goods_list";a:6:{i:100226;a:5:{s:8:"goods_id";s:6:"100226";s:12:"market_price";s:7:"1656.00";s:10:"goods_name";s:87:"三木碎纸机MSD9711 大功率大容量静音保密 大型办公保密设备粉碎机";s:11:"goods_price";s:7:"1280.00";s:9:"goods_pic";s:56:"shop/store/goods/10/2016/11/10_05320296415892535_240.jpg";}i:100196;a:5:{s:8:"goods_id";s:6:"100196";s:12:"market_price";s:7:"1080.00";s:10:"goods_name";s:35:"三木碎纸机MSD9355 电动办公";s:11:"goods_price";s:6:"880.00";s:9:"goods_pic";s:56:"shop/store/goods/10/2016/11/10_05319414194520808_240.jpg";}i:100487;a:5:{s:8:"goods_id";s:6:"100487";s:12:"market_price";s:6:"629.00";s:10:"goods_name";s:88:"得力验钞机银行专用小型便携式家用办公2016新版人民币智能点钞机";s:11:"goods_price";s:6:"599.00";s:9:"goods_pic";s:56:"shop/store/goods/35/2016/11/35_05332099169538917_240.jpg";}i:100185;a:5:{s:8:"goods_id";s:6:"100185";s:12:"market_price";s:6:"693.00";s:10:"goods_name";s:86:"三木智能语音点钞机9415新版人民币c类银行专用便携数钱钞验钞机";s:11:"goods_price";s:6:"329.00";s:9:"goods_pic";s:56:"shop/store/goods/10/2016/11/10_05319160772118477_240.jpg";}i:100224;a:5:{s:8:"goods_id";s:6:"100224";s:12:"market_price";s:6:"459.00";s:10:"goods_name";s:82:"三木塑封机SF9911 相片压膜过塑机过胶覆膜机 A4文件照片过膜机";s:11:"goods_price";s:6:"255.00";s:9:"goods_pic";s:56:"shop/store/goods/10/2016/11/10_05320290724049614_240.jpg";}i:100223;a:5:{s:8:"goods_id";s:6:"100223";s:12:"market_price";s:6:"603.00";s:10:"goods_name";s:84:"三木塑封机SF9921 A3照片相片压膜过膜过塑机覆膜机冷裱机塑封机";s:11:"goods_price";s:6:"335.00";s:9:"goods_pic";s:56:"shop/store/goods/10/2016/11/10_05320287863471509_240.jpg";}}}}','商品推荐');
INSERT INTO `zmkj_web_code` (`code_id`,`web_id`,`code_type`,`var_name`,`code_info`,`show_name`) VALUES('18','1','array','adv','a:1:{i:2;a:4:{s:8:"pic_name";s:0:"";s:7:"pic_url";s:0:"";s:6:"pic_id";s:1:"2";s:7:"pic_img";s:30:"shop/editor/web-1-18-2.jpg?524";}}','广告图片');
INSERT INTO `zmkj_web_code` (`code_id`,`web_id`,`code_type`,`var_name`,`code_info`,`show_name`) VALUES('19','1','array','brand_list','a:4:{i:190;a:3:{s:8:"brand_id";s:3:"190";s:10:"brand_name";s:6:"惠普";s:9:"brand_pic";s:35:"shop/brand/04398157881561725_sm.jpg";}i:208;a:3:{s:8:"brand_id";s:3:"208";s:10:"brand_name";s:6:"三星";s:9:"brand_pic";s:35:"shop/brand/04398160720944823_sm.jpg";}i:192;a:3:{s:8:"brand_id";s:3:"192";s:10:"brand_name";s:9:"爱普生";s:9:"brand_pic";s:35:"shop/brand/04398158266047493_sm.jpg";}i:181;a:3:{s:8:"brand_id";s:3:"181";s:10:"brand_name";s:15:"联想打印机";s:9:"brand_pic";s:35:"shop/brand/04398156503421310_sm.jpg";}}','品牌推荐');
INSERT INTO `zmkj_web_code` (`code_id`,`web_id`,`code_type`,`var_name`,`code_info`,`show_name`) VALUES('21','2','array','tit','a:5:{s:3:"pic";s:28:"shop/editor/web-2-21.png?920";s:3:"url";s:0:"";s:4:"type";s:3:"txt";s:5:"floor";s:2:"2F";s:5:"title";s:12:"办公设备";}','标题图片');
INSERT INTO `zmkj_web_code` (`code_id`,`web_id`,`code_type`,`var_name`,`code_info`,`show_name`) VALUES('22','2','array','category_list','a:1:{s:11:"goods_class";a:1:{i:151;a:2:{s:5:"gc_id";s:3:"151";s:7:"gc_name";s:12:"办公耗材";}}}','推荐分类');
INSERT INTO `zmkj_web_code` (`code_id`,`web_id`,`code_type`,`var_name`,`code_info`,`show_name`) VALUES('23','2','array','act','a:4:{s:3:"pic";s:28:"shop/editor/web-2-23.jpg?391";s:4:"type";s:3:"pic";s:5:"title";s:63:"爱普生（EPSON）平推 针式打印机 LQ-610K 税票专用";s:3:"url";s:83:"http://www.bangongshi.ren/shop/index.php?act=goods&amp;op=index&amp;goods_id=100138";}','活动图片');
INSERT INTO `zmkj_web_code` (`code_id`,`web_id`,`code_type`,`var_name`,`code_info`,`show_name`) VALUES('25','2','array','recommend_list','a:1:{i:1;a:2:{s:9:"recommend";a:1:{s:4:"name";s:12:"商品推荐";}s:10:"goods_list";a:6:{i:100145;a:5:{s:8:"goods_id";s:6:"100145";s:12:"market_price";s:7:"1890.00";s:10:"goods_name";s:79:"惠普hp laser jet pro m202dw 黑白激光打印机自动双面打印代替1606";s:11:"goods_price";s:7:"1650.00";s:9:"goods_pic";s:54:"shop/store/goods/4/2016/11/4_05313956122487948_240.png";}i:100142;a:5:{s:8:"goods_id";s:6:"100142";s:12:"market_price";s:7:"1799.00";s:10:"goods_name";s:56:"惠普（HP） LaserJet Pro CP1025 彩色激光打印机";s:11:"goods_price";s:7:"1520.00";s:9:"goods_pic";s:54:"shop/store/goods/4/2016/11/4_05313364473935401_240.png";}i:100128;a:5:{s:8:"goods_id";s:6:"100128";s:12:"market_price";s:7:"1120.00";s:10:"goods_name";s:62:"惠普（HP）LaserJet 1020 Plus 黑白激光打印机(打印)";s:11:"goods_price";s:7:"1080.00";s:9:"goods_pic";s:46:"shop/store/goods/4/4_05302977278489112_240.jpg";}i:100126;a:5:{s:8:"goods_id";s:6:"100126";s:12:"market_price";s:6:"780.00";s:10:"goods_name";s:67:"惠普（HP） LaserJet Pro P1106 黑白激光打印机（打印）";s:11:"goods_price";s:6:"730.00";s:9:"goods_pic";s:46:"shop/store/goods/4/4_05302973428028443_240.jpg";}i:100166;a:5:{s:8:"goods_id";s:6:"100166";s:12:"market_price";s:7:"1200.00";s:10:"goods_name";s:9:"HP 5200Lx";s:11:"goods_price";s:6:"900.00";s:9:"goods_pic";s:56:"shop/store/goods/12/2016/11/12_05318525241765940_240.jpg";}i:100455;a:5:{s:8:"goods_id";s:6:"100455";s:12:"market_price";s:7:"1123.00";s:10:"goods_name";s:85:"HP/惠普m1136黑白激光多功能打印机一体机家用办公A4打印复印扫描";s:11:"goods_price";s:7:"1079.00";s:9:"goods_pic";s:56:"shop/store/goods/35/2016/11/35_05331438327550695_240.jpg";}}}}','商品推荐');
INSERT INTO `zmkj_web_code` (`code_id`,`web_id`,`code_type`,`var_name`,`code_info`,`show_name`) VALUES('28','2','array','adv','a:3:{i:1;a:4:{s:6:"pic_id";s:1:"1";s:8:"pic_name";s:53:"爱普生 (EPSON) L565 墨仓式传真打印一体机";s:7:"pic_url";s:83:"http://www.bangongshi.ren/shop/index.php?act=goods&amp;op=index&amp;goods_id=100137";s:7:"pic_img";s:30:"shop/editor/web-2-28-1.jpg?725";}i:2;a:4:{s:6:"pic_id";s:1:"2";s:8:"pic_name";s:60:"惠普（HP）DeskJet 2132 惠众系列彩色喷墨一体机";s:7:"pic_url";s:83:"http://www.bangongshi.ren/shop/index.php?act=goods&amp;op=index&amp;goods_id=100143";s:7:"pic_img";s:30:"shop/editor/web-2-28-2.jpg?906";}i:3;a:4:{s:8:"pic_name";s:64:"惠普（HP） LaserJet Pro M1136 黑白多功能激光一体机";s:7:"pic_url";s:83:"http://www.bangongshi.ren/shop/index.php?act=goods&amp;op=index&amp;goods_id=100129";s:6:"pic_id";s:1:"3";s:7:"pic_img";s:30:"shop/editor/web-2-28-3.jpg?105";}}','广告图片');
INSERT INTO `zmkj_web_code` (`code_id`,`web_id`,`code_type`,`var_name`,`code_info`,`show_name`) VALUES('29','2','array','brand_list','a:2:{i:190;a:3:{s:8:"brand_id";s:3:"190";s:10:"brand_name";s:6:"惠普";s:9:"brand_pic";s:35:"shop/brand/04398157881561725_sm.jpg";}i:178;a:3:{s:8:"brand_id";s:3:"178";s:10:"brand_name";s:6:"得力";s:9:"brand_pic";s:35:"shop/brand/04398156045665837_sm.jpg";}}','品牌推荐');
INSERT INTO `zmkj_web_code` (`code_id`,`web_id`,`code_type`,`var_name`,`code_info`,`show_name`) VALUES('31','3','array','tit','a:5:{s:3:"pic";s:0:"";s:3:"url";s:0:"";s:4:"type";s:3:"txt";s:5:"floor";s:2:"3F";s:5:"title";s:12:"办公耗材";}','标题图片');
INSERT INTO `zmkj_web_code` (`code_id`,`web_id`,`code_type`,`var_name`,`code_info`,`show_name`) VALUES('32','3','array','category_list','a:1:{s:11:"goods_class";a:1:{i:1057;a:2:{s:5:"gc_id";s:4:"1057";s:7:"gc_name";s:6:"fghfgh";}}}','推荐分类');
INSERT INTO `zmkj_web_code` (`code_id`,`web_id`,`code_type`,`var_name`,`code_info`,`show_name`) VALUES('33','3','array','act','a:4:{s:3:"pic";s:28:"shop/editor/web-3-33.png?530";s:4:"type";s:3:"pic";s:5:"title";s:0:"";s:3:"url";s:0:"";}','活动图片');
INSERT INTO `zmkj_web_code` (`code_id`,`web_id`,`code_type`,`var_name`,`code_info`,`show_name`) VALUES('35','3','array','recommend_list','a:1:{i:1;a:2:{s:9:"recommend";a:1:{s:4:"name";s:12:"商品推荐";}s:10:"goods_list";a:6:{i:100550;a:5:{s:8:"goods_id";s:6:"100550";s:12:"market_price";s:5:"58.00";s:10:"goods_name";s:88:"进口全树脂基碳带110mm*300m斑马立象条码打印机tsc ttp-244色带 50mm*300m";s:11:"goods_price";s:5:"55.00";s:9:"goods_pic";s:56:"shop/store/goods/29/2016/11/29_05332342914062454_240.jpg";}i:100544;a:5:{s:8:"goods_id";s:6:"100544";s:12:"market_price";s:5:"39.00";s:10:"goods_name";s:84:"原装爱普生630k色带架 LQ-730K 610K 635K 735K 针式打印机色带芯 630K原";s:11:"goods_price";s:5:"25.00";s:9:"goods_pic";s:56:"shop/store/goods/29/2016/11/29_05332319726822929_240.jpg";}i:100542;a:5:{s:8:"goods_id";s:6:"100542";s:12:"market_price";s:5:"55.00";s:10:"goods_name";s:78:"进口富士施乐惠普三星嘉纷彩色碳粉激光打印机一体机耗材";s:11:"goods_price";s:5:"36.00";s:9:"goods_pic";s:56:"shop/store/goods/29/2016/11/29_05332305878241855_240.jpg";}i:100543;a:5:{s:8:"goods_id";s:6:"100543";s:12:"market_price";s:6:"180.00";s:10:"goods_name";s:100:"得力办公DLH-280A硒鼓黑色激光打印碳粉盒适用惠普打印复印机耗材 黑色 碳粉";s:11:"goods_price";s:6:"118.00";s:9:"goods_pic";s:56:"shop/store/goods/29/2016/11/29_05332309671629723_240.jpg";}i:100537;a:5:{s:8:"goods_id";s:6:"100537";s:12:"market_price";s:5:"45.00";s:10:"goods_name";s:79:"嘉乐 黑色碳粉 打印机 耗材 墨粉 施乐兄弟惠普p158b p215b m215b";s:11:"goods_price";s:5:"30.00";s:9:"goods_pic";s:56:"shop/store/goods/29/2016/11/29_05332297635346010_240.jpg";}i:100339;a:5:{s:8:"goods_id";s:6:"100339";s:12:"market_price";s:5:"56.00";s:10:"goods_name";s:62:"绘威适用易加粉HP88A硒鼓HP1007 M1136 P1108 1106 HP388A";s:11:"goods_price";s:5:"30.00";s:9:"goods_pic";s:56:"shop/store/goods/15/2016/11/15_05325217034025336_240.jpg";}}}}','商品推荐');
INSERT INTO `zmkj_web_code` (`code_id`,`web_id`,`code_type`,`var_name`,`code_info`,`show_name`) VALUES('38','3','array','adv','a:2:{i:1;a:4:{s:6:"pic_id";s:1:"1";s:8:"pic_name";s:0:"";s:7:"pic_url";s:0:"";s:7:"pic_img";s:30:"shop/editor/web-3-38-1.jpg?532";}i:2;a:4:{s:8:"pic_name";s:0:"";s:7:"pic_url";s:0:"";s:6:"pic_id";s:1:"2";s:7:"pic_img";s:30:"shop/editor/web-3-38-2.jpg?261";}}','广告图片');
INSERT INTO `zmkj_web_code` (`code_id`,`web_id`,`code_type`,`var_name`,`code_info`,`show_name`) VALUES('39','3','array','brand_list','a:0:{}','品牌推荐');
INSERT INTO `zmkj_web_code` (`code_id`,`web_id`,`code_type`,`var_name`,`code_info`,`show_name`) VALUES('41','4','array','tit','a:5:{s:3:"pic";s:0:"";s:3:"url";s:0:"";s:4:"type";s:3:"txt";s:5:"floor";s:2:"4F";s:5:"title";s:12:"广告耗材";}','标题图片');
INSERT INTO `zmkj_web_code` (`code_id`,`web_id`,`code_type`,`var_name`,`code_info`,`show_name`) VALUES('42','4','array','category_list','a:0:{}','推荐分类');
INSERT INTO `zmkj_web_code` (`code_id`,`web_id`,`code_type`,`var_name`,`code_info`,`show_name`) VALUES('43','4','array','act','a:4:{s:3:"pic";s:28:"shop/editor/web-4-43.png?730";s:4:"type";s:3:"pic";s:5:"title";s:0:"";s:3:"url";s:0:"";}','活动图片');
INSERT INTO `zmkj_web_code` (`code_id`,`web_id`,`code_type`,`var_name`,`code_info`,`show_name`) VALUES('45','4','array','recommend_list','a:1:{i:1;a:2:{s:9:"recommend";a:1:{s:4:"name";s:12:"商品推荐";}s:10:"goods_list";a:6:{i:100024;a:5:{s:8:"goods_id";s:6:"100024";s:12:"market_price";s:5:"60.00";s:10:"goods_name";s:77:"技触 iphone6/6s plus数据线 苹果5/5S ipad手机通用加长充电器线";s:11:"goods_price";s:5:"30.00";s:9:"goods_pic";s:46:"shop/store/goods/1/1_05127519557806768_240.jpg";}i:100022;a:5:{s:8:"goods_id";s:6:"100022";s:12:"market_price";s:5:"35.00";s:10:"goods_name";s:78:"苹果iPhone4s数据线原装正品面条线 ipad2/3充电器线加长2米3米";s:11:"goods_price";s:5:"20.00";s:9:"goods_pic";s:46:"shop/store/goods/1/1_05127517444133074_240.jpg";}i:100020;a:5:{s:8:"goods_id";s:6:"100020";s:12:"market_price";s:5:"25.00";s:10:"goods_name";s:78:"速冲适于X500乐视X608乐1S手机X600乐max数据线pro快充电器线X800";s:11:"goods_price";s:5:"23.00";s:9:"goods_pic";s:46:"shop/store/goods/1/1_05127515428541724_240.jpg";}i:100019;a:5:{s:8:"goods_id";s:6:"100019";s:12:"market_price";s:5:"13.00";s:10:"goods_name";s:72:"苹果 iPhone5 iPhone6 plus 5s 数据线iPad4air数据线6s 充电器线";s:11:"goods_price";s:5:"12.00";s:9:"goods_pic";s:46:"shop/store/goods/1/1_05127514148012653_240.jpg";}i:100018;a:5:{s:8:"goods_id";s:6:"100018";s:12:"market_price";s:5:"50.00";s:10:"goods_name";s:87:"机乐堂 安卓手机数据线 USB快速充电器线 三星小米华为通用数据线";s:11:"goods_price";s:5:"30.00";s:9:"goods_pic";s:46:"shop/store/goods/1/1_05127513330914506_240.jpg";}i:100021;a:5:{s:8:"goods_id";s:6:"100021";s:12:"market_price";s:6:"100.00";s:10:"goods_name";s:79:"品胜6s充电头iphone5s充电器线6快充6p苹果5数据线5c手机ipad4六s";s:11:"goods_price";s:5:"60.00";s:9:"goods_pic";s:46:"shop/store/goods/1/1_05127516379554846_240.jpg";}}}}','商品推荐');
INSERT INTO `zmkj_web_code` (`code_id`,`web_id`,`code_type`,`var_name`,`code_info`,`show_name`) VALUES('48','4','array','adv','a:2:{i:1;a:4:{s:6:"pic_id";s:1:"1";s:8:"pic_name";s:0:"";s:7:"pic_url";s:0:"";s:7:"pic_img";s:30:"shop/editor/web-4-48-1.jpg?196";}i:2;a:4:{s:8:"pic_name";s:0:"";s:7:"pic_url";s:0:"";s:6:"pic_id";s:1:"2";s:7:"pic_img";s:30:"shop/editor/web-4-48-2.jpg?685";}}','广告图片');
INSERT INTO `zmkj_web_code` (`code_id`,`web_id`,`code_type`,`var_name`,`code_info`,`show_name`) VALUES('49','4','array','brand_list','a:7:{i:102;a:3:{s:8:"brand_id";s:3:"102";s:10:"brand_name";s:11:"她他/tata";s:9:"brand_pic";s:35:"shop/brand/04398090459092275_sm.jpg";}i:104;a:3:{s:8:"brand_id";s:3:"104";s:10:"brand_name";s:6:"esprit";s:9:"brand_pic";s:35:"shop/brand/04398090828687339_sm.jpg";}i:106;a:3:{s:8:"brand_id";s:3:"106";s:10:"brand_name";s:3:"RDK";s:9:"brand_pic";s:35:"shop/brand/04398091763582415_sm.jpg";}i:86;a:3:{s:8:"brand_id";s:2:"86";s:10:"brand_name";s:17:"茵曼（INMAN）";s:9:"brand_pic";s:35:"shop/brand/04397472336312422_sm.jpg";}i:88;a:3:{s:8:"brand_id";s:2:"88";s:10:"brand_name";s:6:"缪诗";s:9:"brand_pic";s:35:"shop/brand/04397472716852803_sm.jpg";}i:85;a:3:{s:8:"brand_id";s:2:"85";s:10:"brand_name";s:6:"猫人";s:9:"brand_pic";s:35:"shop/brand/04397472152849925_sm.jpg";}i:80;a:3:{s:8:"brand_id";s:2:"80";s:10:"brand_name";s:7:"享爱.";s:9:"brand_pic";s:35:"shop/brand/04397468934349942_sm.jpg";}}','品牌推荐');
INSERT INTO `zmkj_web_code` (`code_id`,`web_id`,`code_type`,`var_name`,`code_info`,`show_name`) VALUES('51','5','array','tit','a:5:{s:3:"pic";s:0:"";s:3:"url";s:0:"";s:4:"type";s:3:"txt";s:5:"floor";s:2:"4F";s:5:"title";s:12:"办公家具";}','标题图片');
INSERT INTO `zmkj_web_code` (`code_id`,`web_id`,`code_type`,`var_name`,`code_info`,`show_name`) VALUES('52','5','array','category_list','a:0:{}','推荐分类');
INSERT INTO `zmkj_web_code` (`code_id`,`web_id`,`code_type`,`var_name`,`code_info`,`show_name`) VALUES('53','5','array','act','a:4:{s:3:"pic";s:28:"shop/editor/web-5-53.png?387";s:4:"type";s:3:"pic";s:5:"title";s:0:"";s:3:"url";s:30:"http://www.bangongshi.ren/shop";}','活动图片');
INSERT INTO `zmkj_web_code` (`code_id`,`web_id`,`code_type`,`var_name`,`code_info`,`show_name`) VALUES('55','5','array','recommend_list','a:1:{i:1;a:2:{s:9:"recommend";a:1:{s:4:"name";s:12:"商品推荐";}s:10:"goods_list";a:6:{i:100058;a:5:{s:8:"goods_id";s:6:"100058";s:12:"market_price";s:5:"25.00";s:10:"goods_name";s:85:"乾途 多功能手机支架 苹果创意手环 懒人新款支架 通用数码配件";s:11:"goods_price";s:5:"25.00";s:9:"goods_pic";s:46:"shop/store/goods/1/1_05127584620168821_240.jpg";}i:100059;a:5:{s:8:"goods_id";s:6:"100059";s:12:"market_price";s:5:"29.00";s:10:"goods_name";s:84:"懒人手机支架创意床头手机座桌面双夹子架子万能通用数码配件";s:11:"goods_price";s:4:"9.90";s:9:"goods_pic";s:46:"shop/store/goods/1/1_05127585997188154_240.jpg";}i:100057;a:5:{s:8:"goods_id";s:6:"100057";s:12:"market_price";s:5:"69.00";s:10:"goods_name";s:88:"莫瑞手机懒人支架 平板支架多功能创意通用桌面支架支撑夹子配件";s:11:"goods_price";s:5:"19.00";s:9:"goods_pic";s:46:"shop/store/goods/1/1_05127583564267436_240.jpg";}i:100056;a:5:{s:8:"goods_id";s:6:"100056";s:12:"market_price";s:5:"99.00";s:10:"goods_name";s:76:"麦多多iPhone5s数据线iPhone6plus苹果6数据线充电器线USB线6S六";s:11:"goods_price";s:5:"29.00";s:9:"goods_pic";s:46:"shop/store/goods/1/1_05127582615035102_240.jpg";}i:100011;a:5:{s:8:"goods_id";s:6:"100011";s:12:"market_price";s:6:"499.00";s:10:"goods_name";s:77:"Philips/飞利浦 SHB1700/93蓝牙耳机 车载挂耳式兼容4.0无线降噪";s:11:"goods_price";s:6:"199.00";s:9:"goods_pic";s:46:"shop/store/goods/1/1_05127505217269789_240.jpg";}i:100012;a:5:{s:8:"goods_id";s:6:"100012";s:12:"market_price";s:5:"50.00";s:10:"goods_name";s:85:"诺必行 T-5蓝牙耳机4.0挂耳式超小无线迷你4.1立体声车载音乐耳塞";s:11:"goods_price";s:5:"39.00";s:9:"goods_pic";s:46:"shop/store/goods/1/1_05127506334798312_240.jpg";}}}}','商品推荐');
INSERT INTO `zmkj_web_code` (`code_id`,`web_id`,`code_type`,`var_name`,`code_info`,`show_name`) VALUES('58','5','array','adv','a:2:{i:1;a:4:{s:6:"pic_id";s:1:"1";s:8:"pic_name";s:0:"";s:7:"pic_url";s:0:"";s:7:"pic_img";s:30:"shop/editor/web-5-58-1.jpg?992";}i:3;a:4:{s:8:"pic_name";s:0:"";s:7:"pic_url";s:0:"";s:6:"pic_id";s:1:"3";s:7:"pic_img";s:30:"shop/editor/web-5-58-3.jpg?327";}}','广告图片');
INSERT INTO `zmkj_web_code` (`code_id`,`web_id`,`code_type`,`var_name`,`code_info`,`show_name`) VALUES('59','5','array','brand_list','a:8:{i:366;a:3:{s:8:"brand_id";s:3:"366";s:10:"brand_name";s:9:"摩伊拉";s:9:"brand_pic";s:38:"shop/brand/04847455077997907_small.png";}i:93;a:3:{s:8:"brand_id";s:2:"93";s:10:"brand_name";s:6:"百丽";s:9:"brand_pic";s:35:"shop/brand/04398088925179484_sm.png";}i:96;a:3:{s:8:"brand_id";s:2:"96";s:10:"brand_name";s:9:"佐丹奴";s:9:"brand_pic";s:35:"shop/brand/04398089412399747_sm.jpg";}i:91;a:3:{s:8:"brand_id";s:2:"91";s:10:"brand_name";s:6:"其乐";s:9:"brand_pic";s:35:"shop/brand/04397473331842699_sm.jpg";}i:81;a:3:{s:8:"brand_id";s:2:"81";s:10:"brand_name";s:9:"派丽蒙";s:9:"brand_pic";s:35:"shop/brand/04397469152627878_sm.jpg";}i:83;a:3:{s:8:"brand_id";s:2:"83";s:10:"brand_name";s:9:"秀秀美";s:9:"brand_pic";s:35:"shop/brand/04397471716977022_sm.jpg";}i:80;a:3:{s:8:"brand_id";s:2:"80";s:10:"brand_name";s:7:"享爱.";s:9:"brand_pic";s:35:"shop/brand/04397468934349942_sm.jpg";}i:82;a:3:{s:8:"brand_id";s:2:"82";s:10:"brand_name";s:9:"康妮雅";s:9:"brand_pic";s:35:"shop/brand/04397471448679692_sm.jpg";}}','品牌推荐');
INSERT INTO `zmkj_web_code` (`code_id`,`web_id`,`code_type`,`var_name`,`code_info`,`show_name`) VALUES('61','6','array','tit','a:5:{s:3:"pic";s:0:"";s:3:"url";s:0:"";s:4:"type";s:3:"txt";s:5:"floor";s:2:"4F";s:5:"title";s:12:"办公文具";}','标题图片');
INSERT INTO `zmkj_web_code` (`code_id`,`web_id`,`code_type`,`var_name`,`code_info`,`show_name`) VALUES('62','6','array','category_list','a:0:{}','活动图片');
INSERT INTO `zmkj_web_code` (`code_id`,`web_id`,`code_type`,`var_name`,`code_info`,`show_name`) VALUES('63','6','array','act','a:4:{s:3:"pic";s:28:"shop/editor/web-6-63.jpg?323";s:4:"type";s:3:"pic";s:5:"title";s:46:"得力3151文具皮面会议笔记本活页本";s:3:"url";s:113:"http://www.bangongshi.ren/shophttp://www.bangongshi.ren/shop/index.php?act=goods&amp;op=index&amp;goods_id=100179";}','活动图片');
INSERT INTO `zmkj_web_code` (`code_id`,`web_id`,`code_type`,`var_name`,`code_info`,`show_name`) VALUES('65','6','array','recommend_list','a:1:{i:1;a:2:{s:9:"recommend";a:1:{s:4:"name";s:12:"商品推荐";}s:10:"goods_list";a:6:{i:100170;a:5:{s:8:"goods_id";s:6:"100170";s:12:"market_price";s:5:"15.80";s:10:"goods_name";s:79:"得力5349 文件夹 8寸长押夹+板夹 A4文件夹 资料夹 文件整理夹";s:11:"goods_price";s:4:"8.50";s:9:"goods_pic";s:54:"shop/store/goods/9/2016/11/9_05318612405442491_240.jpg";}i:100168;a:5:{s:8:"goods_id";s:6:"100168";s:12:"market_price";s:5:"18.00";s:10:"goods_name";s:61:"得力a4抽杆文件夹5539 资料夹 塑料拉杆夹10个价";s:11:"goods_price";s:5:"16.00";s:9:"goods_pic";s:54:"shop/store/goods/9/2016/11/9_05318605603803824_240.jpg";}i:100167;a:5:{s:8:"goods_id";s:6:"100167";s:12:"market_price";s:5:"51.00";s:10:"goods_name";s:86:"得力档案盒5643 A4文件收纳盒3寸粘扣资料整理盒经济型可组装蓝色";s:11:"goods_price";s:5:"45.00";s:9:"goods_pic";s:54:"shop/store/goods/9/2016/11/9_05318600387361776_240.jpg";}i:100156;a:5:{s:8:"goods_id";s:6:"100156";s:12:"market_price";s:6:"100.00";s:10:"goods_name";s:22:"5952牛皮纸档案袋";s:11:"goods_price";s:5:"50.00";s:9:"goods_pic";s:54:"shop/store/goods/9/2016/11/9_05318314405232156_240.jpg";}i:100176;a:5:{s:8:"goods_id";s:6:"100176";s:12:"market_price";s:4:"8.50";s:10:"goods_name";s:80:"得力印台9892 快干印泥油 方形金属印章油 办公财务用品 红色";s:11:"goods_price";s:4:"8.50";s:9:"goods_pic";s:54:"shop/store/goods/9/2016/11/9_05318642926413820_240.jpg";}i:100174;a:5:{s:8:"goods_id";s:6:"100174";s:12:"market_price";s:4:"1.50";s:10:"goods_name";s:88:"得力3538三联出库单入库单领料单无碳复写单据办公财务仓库管理本";s:11:"goods_price";s:4:"1.50";s:9:"goods_pic";s:54:"shop/store/goods/9/2016/11/9_05318636193182431_240.jpg";}}}}','商品推荐');
INSERT INTO `zmkj_web_code` (`code_id`,`web_id`,`code_type`,`var_name`,`code_info`,`show_name`) VALUES('68','6','array','adv','a:2:{i:1;a:4:{s:6:"pic_id";s:1:"1";s:8:"pic_name";s:12:"财务用品";s:7:"pic_url";s:80:"http://www.bangongshi.ren/shop/index.php?act=search&amp;op=index&amp;cate_id=308";s:7:"pic_img";s:30:"shop/editor/web-6-68-1.jpg?145";}i:2;a:4:{s:8:"pic_name";s:52:"得力（deli）837ES 经典款财务办公计算器";s:7:"pic_url";s:83:"http://www.bangongshi.ren/shop/index.php?act=goods&amp;op=index&amp;goods_id=100159";s:6:"pic_id";s:1:"2";s:7:"pic_img";s:30:"shop/editor/web-6-68-2.jpg?229";}}','广告图片');
INSERT INTO `zmkj_web_code` (`code_id`,`web_id`,`code_type`,`var_name`,`code_info`,`show_name`) VALUES('69','6','array','brand_list','a:2:{i:190;a:3:{s:8:"brand_id";s:3:"190";s:10:"brand_name";s:6:"惠普";s:9:"brand_pic";s:35:"shop/brand/04398157881561725_sm.jpg";}i:178;a:3:{s:8:"brand_id";s:3:"178";s:10:"brand_name";s:6:"得力";s:9:"brand_pic";s:35:"shop/brand/04398156045665837_sm.jpg";}}','品牌推荐');
INSERT INTO `zmkj_web_code` (`code_id`,`web_id`,`code_type`,`var_name`,`code_info`,`show_name`) VALUES('71','7','array','tit','a:5:{s:3:"pic";s:0:"";s:3:"url";s:0:"";s:4:"type";s:3:"txt";s:5:"floor";s:2:"7F";s:5:"title";s:12:"电脑配件";}','标题图片');
INSERT INTO `zmkj_web_code` (`code_id`,`web_id`,`code_type`,`var_name`,`code_info`,`show_name`) VALUES('72','7','array','category_list','a:0:{}','推荐分类');
INSERT INTO `zmkj_web_code` (`code_id`,`web_id`,`code_type`,`var_name`,`code_info`,`show_name`) VALUES('73','7','array','act','a:4:{s:3:"pic";s:28:"shop/editor/web-7-73.png?599";s:4:"type";s:3:"pic";s:5:"title";s:0:"";s:3:"url";s:30:"http://www.bangongshi.ren/shop";}','活动图片');
INSERT INTO `zmkj_web_code` (`code_id`,`web_id`,`code_type`,`var_name`,`code_info`,`show_name`) VALUES('75','7','array','recommend_list','a:1:{i:1;a:2:{s:9:"recommend";a:1:{s:4:"name";s:12:"商品推荐";}s:10:"goods_list";a:6:{i:100037;a:5:{s:8:"goods_id";s:6:"100037";s:12:"market_price";s:6:"115.00";s:10:"goods_name";s:79:"正品SD卡32g手机内存卡华为荣耀 class10红米 高速tf卡16g储存卡";s:11:"goods_price";s:5:"90.00";s:9:"goods_pic";s:46:"shop/store/goods/1/1_05127536655838613_240.jpg";}i:100036;a:5:{s:8:"goods_id";s:6:"100036";s:12:"market_price";s:5:"90.00";s:10:"goods_name";s:79:"128g内存卡sd卡 高速tf储存卡 64g手机内存卡 32gTF卡16g正品包邮";s:11:"goods_price";s:5:"60.00";s:9:"goods_pic";s:46:"shop/store/goods/1/1_05127535630008071_240.jpg";}i:100035;a:5:{s:8:"goods_id";s:6:"100035";s:12:"market_price";s:6:"100.00";s:10:"goods_name";s:75:"金士顿32g内存卡储存sd卡高速tf卡Class10 32g手机内存卡包邮";s:11:"goods_price";s:5:"69.00";s:9:"goods_pic";s:46:"shop/store/goods/1/1_05127534136760666_240.jpg";}i:100034;a:5:{s:8:"goods_id";s:6:"100034";s:12:"market_price";s:6:"125.00";s:10:"goods_name";s:80:"三星64g内存卡TF华为手机内寸高速class10行车记录仪存储micro SD";s:11:"goods_price";s:6:"109.00";s:9:"goods_pic";s:46:"shop/store/goods/1/1_05127533139234102_240.jpg";}i:100033;a:5:{s:8:"goods_id";s:6:"100033";s:12:"market_price";s:5:"60.00";s:10:"goods_name";s:79:"品基苹果6plus全屏覆盖钢化玻璃膜 iphone6S plus蓝光手机膜5.5寸";s:11:"goods_price";s:5:"40.00";s:9:"goods_pic";s:46:"shop/store/goods/1/1_05127530729520453_240.jpg";}i:100032;a:5:{s:8:"goods_id";s:6:"100032";s:12:"market_price";s:5:"30.00";s:10:"goods_name";s:83:"乐视MAX钢化玻璃膜 乐MAX手机贴膜 乐MAX钢化膜6.3寸抗蓝光保护膜";s:11:"goods_price";s:5:"15.00";s:9:"goods_pic";s:46:"shop/store/goods/1/1_05127529037601845_240.jpg";}}}}','商品推荐');
INSERT INTO `zmkj_web_code` (`code_id`,`web_id`,`code_type`,`var_name`,`code_info`,`show_name`) VALUES('78','7','array','adv','a:2:{i:1;a:4:{s:6:"pic_id";s:1:"1";s:8:"pic_name";s:0:"";s:7:"pic_url";s:0:"";s:7:"pic_img";s:30:"shop/editor/web-7-78-1.jpg?337";}i:2;a:4:{s:8:"pic_name";s:0:"";s:7:"pic_url";s:0:"";s:6:"pic_id";s:1:"2";s:7:"pic_img";s:30:"shop/editor/web-7-78-2.jpg?161";}}','广告图片');
INSERT INTO `zmkj_web_code` (`code_id`,`web_id`,`code_type`,`var_name`,`code_info`,`show_name`) VALUES('79','7','array','brand_list','a:6:{i:106;a:3:{s:8:"brand_id";s:3:"106";s:10:"brand_name";s:3:"RDK";s:9:"brand_pic";s:35:"shop/brand/04398091763582415_sm.jpg";}i:105;a:3:{s:8:"brand_id";s:3:"105";s:10:"brand_name";s:8:"westside";s:9:"brand_pic";s:35:"shop/brand/04398090975832253_sm.jpg";}i:365;a:3:{s:8:"brand_id";s:3:"365";s:10:"brand_name";s:6:"柒牌";s:9:"brand_pic";s:38:"shop/brand/04820158988380844_small.png";}i:87;a:3:{s:8:"brand_id";s:2:"87";s:10:"brand_name";s:11:"Hanes恒适";s:9:"brand_pic";s:35:"shop/brand/04397472577467506_sm.jpg";}i:88;a:3:{s:8:"brand_id";s:2:"88";s:10:"brand_name";s:6:"缪诗";s:9:"brand_pic";s:35:"shop/brand/04397472716852803_sm.jpg";}i:90;a:3:{s:8:"brand_id";s:2:"90";s:10:"brand_name";s:9:"金利来";s:9:"brand_pic";s:35:"shop/brand/04397473042647991_sm.jpg";}}','品牌推荐');
INSERT INTO `zmkj_web_code` (`code_id`,`web_id`,`code_type`,`var_name`,`code_info`,`show_name`) VALUES('81','8','array','tit','a:5:{s:3:"pic";s:0:"";s:3:"url";s:0:"";s:4:"type";s:3:"txt";s:5:"floor";s:2:"8F";s:5:"title";s:12:"网络产品";}','标题图片');
INSERT INTO `zmkj_web_code` (`code_id`,`web_id`,`code_type`,`var_name`,`code_info`,`show_name`) VALUES('82','8','array','category_list','a:0:{}','推荐分类');
INSERT INTO `zmkj_web_code` (`code_id`,`web_id`,`code_type`,`var_name`,`code_info`,`show_name`) VALUES('83','8','array','act','a:4:{s:3:"pic";s:28:"shop/editor/web-8-83.png?526";s:4:"type";s:3:"pic";s:5:"title";s:0:"";s:3:"url";s:30:"http://www.bangongshi.ren/shop";}','活动图片');
INSERT INTO `zmkj_web_code` (`code_id`,`web_id`,`code_type`,`var_name`,`code_info`,`show_name`) VALUES('85','8','array','recommend_list','a:1:{i:1;a:2:{s:9:"recommend";a:1:{s:4:"name";s:12:"商品推荐";}s:10:"goods_list";a:6:{i:100049;a:5:{s:8:"goods_id";s:6:"100049";s:12:"market_price";s:6:"399.00";s:10:"goods_name";s:90:"金刚铲强光手电筒自驾游装备可充电车载应急灯配置工兵铲照明工具";s:11:"goods_price";s:6:"199.00";s:9:"goods_pic";s:46:"shop/store/goods/1/1_05127574478139590_240.jpg";}i:100048;a:5:{s:8:"goods_id";s:6:"100048";s:12:"market_price";s:7:"1599.00";s:10:"goods_name";s:80:"欧视卡21.5寸高清车载SD卡广告机 大巴吸顶显示器 配置32G内存";s:11:"goods_price";s:7:"1239.00";s:9:"goods_pic";s:46:"shop/store/goods/1/1_05127573511357009_240.jpg";}i:100047;a:5:{s:8:"goods_id";s:6:"100047";s:12:"market_price";s:6:"499.00";s:10:"goods_name";s:86:"行车记录仪双镜头带电子狗汽车车载后视镜夜视高清1080P倒车影像";s:11:"goods_price";s:6:"299.00";s:9:"goods_pic";s:46:"shop/store/goods/1/1_05127572089290258_240.jpg";}i:100046;a:5:{s:8:"goods_id";s:6:"100046";s:12:"market_price";s:5:"98.00";s:10:"goods_name";s:87:"203合一水滴念佛机车载配置包邮送好礼高清音质独特设计大厂生产";s:11:"goods_price";s:5:"98.00";s:9:"goods_pic";s:46:"shop/store/goods/1/1_05127546654097467_240.jpg";}i:100044;a:5:{s:8:"goods_id";s:6:"100044";s:12:"market_price";s:5:"90.00";s:10:"goods_name";s:88:"倍思 车载手机支架汽车上用空调出风口手机座多功能磁性导航通用";s:11:"goods_price";s:5:"60.00";s:9:"goods_pic";s:46:"shop/store/goods/1/1_05127544665368578_240.jpg";}i:100045;a:5:{s:8:"goods_id";s:6:"100045";s:12:"market_price";s:6:"129.00";s:10:"goods_name";s:86:"雷霆户外车载急救包旅行便携应急包 家用车用防水医药包 含配置";s:11:"goods_price";s:6:"109.00";s:9:"goods_pic";s:46:"shop/store/goods/1/1_05127545723248665_240.jpg";}}}}','商品推荐');
INSERT INTO `zmkj_web_code` (`code_id`,`web_id`,`code_type`,`var_name`,`code_info`,`show_name`) VALUES('88','8','array','adv','a:2:{i:1;a:4:{s:6:"pic_id";s:1:"1";s:8:"pic_name";s:0:"";s:7:"pic_url";s:0:"";s:7:"pic_img";s:30:"shop/editor/web-8-88-1.jpg?580";}i:2;a:4:{s:8:"pic_name";s:0:"";s:7:"pic_url";s:0:"";s:6:"pic_id";s:1:"2";s:7:"pic_img";s:30:"shop/editor/web-8-88-2.jpg?486";}}','广告图片');
INSERT INTO `zmkj_web_code` (`code_id`,`web_id`,`code_type`,`var_name`,`code_info`,`show_name`) VALUES('89','8','array','brand_list','a:8:{i:104;a:3:{s:8:"brand_id";s:3:"104";s:10:"brand_name";s:6:"esprit";s:9:"brand_pic";s:35:"shop/brand/04398090828687339_sm.jpg";}i:103;a:3:{s:8:"brand_id";s:3:"103";s:10:"brand_name";s:9:"ELLE HOME";s:9:"brand_pic";s:35:"shop/brand/04398090611386532_sm.jpg";}i:105;a:3:{s:8:"brand_id";s:3:"105";s:10:"brand_name";s:8:"westside";s:9:"brand_pic";s:35:"shop/brand/04398090975832253_sm.jpg";}i:106;a:3:{s:8:"brand_id";s:3:"106";s:10:"brand_name";s:3:"RDK";s:9:"brand_pic";s:35:"shop/brand/04398091763582415_sm.jpg";}i:92;a:3:{s:8:"brand_id";s:2:"92";s:10:"brand_name";s:10:"Newbalance";s:9:"brand_pic";s:35:"shop/brand/04397473633585549_sm.jpg";}i:91;a:3:{s:8:"brand_id";s:2:"91";s:10:"brand_name";s:6:"其乐";s:9:"brand_pic";s:35:"shop/brand/04397473331842699_sm.jpg";}i:85;a:3:{s:8:"brand_id";s:2:"85";s:10:"brand_name";s:6:"猫人";s:9:"brand_pic";s:35:"shop/brand/04397472152849925_sm.jpg";}i:93;a:3:{s:8:"brand_id";s:2:"93";s:10:"brand_name";s:6:"百丽";s:9:"brand_pic";s:35:"shop/brand/04398088925179484_sm.png";}}','品牌推荐');
INSERT INTO `zmkj_web_code` (`code_id`,`web_id`,`code_type`,`var_name`,`code_info`,`show_name`) VALUES('101','101','array','screen_list','a:4:{i:5;a:5:{s:6:"pic_id";s:1:"5";s:8:"pic_name";s:15:"新年抢购节";s:7:"pic_url";s:78:"http://www.nrwspt.com/shop/index.php?act=store_list&amp;op=index&amp;curpage=3";s:5:"color";s:0:"";s:7:"pic_img";s:33:"shop/editor/web-101-101-5.jpg?256";}i:4;a:5:{s:6:"pic_id";s:1:"4";s:8:"pic_name";s:21:"索尼新品大放送";s:7:"pic_url";s:0:"";s:5:"color";s:7:"#ffffff";s:7:"pic_img";s:33:"shop/editor/web-101-101-4.png?855";}i:1;a:5:{s:6:"pic_id";s:1:"1";s:8:"pic_name";s:0:"";s:7:"pic_url";s:0:"";s:5:"color";s:0:"";s:7:"pic_img";s:33:"shop/editor/web-101-101-1.jpg?834";}i:3;a:5:{s:6:"pic_id";s:1:"3";s:8:"pic_name";s:0:"";s:7:"pic_url";s:0:"";s:5:"color";s:0:"";s:7:"pic_img";s:33:"shop/editor/web-101-101-3.png?226";}}','切换大图');
INSERT INTO `zmkj_web_code` (`code_id`,`web_id`,`code_type`,`var_name`,`code_info`,`show_name`) VALUES('102','101','array','focus_list','a:2:{i:1;a:1:{s:8:"pic_list";a:4:{i:1;a:4:{s:6:"pic_id";s:1:"1";s:8:"pic_name";s:83:"得力9837五联文件框 塑料文件夹收纳框资料筐桌面文件栏文件架";s:7:"pic_url";s:86:"http://www.bangongshi.org.cn/shop/index.php?act=goods&amp;op=index&amp;goods_id=100171";s:7:"pic_img";s:35:"shop/editor/web-101-102-1-1.jpg?735";}i:2;a:4:{s:6:"pic_id";s:1:"2";s:8:"pic_name";s:81:"得力（deli）837ES 经典款财务办公计算器 高性价比 大数字显示";s:7:"pic_url";s:86:"http://www.bangongshi.org.cn/shop/index.php?act=goods&amp;op=index&amp;goods_id=100159";s:7:"pic_img";s:35:"shop/editor/web-101-102-1-2.jpg?103";}i:3;a:4:{s:6:"pic_id";s:1:"3";s:8:"pic_name";s:82:"得力长尾票夹8561 黑色燕尾夹/鱼尾夹/资料试卷夹/夹子 12只/50mm";s:7:"pic_url";s:86:"http://www.bangongshi.org.cn/shop/index.php?act=goods&amp;op=index&amp;goods_id=100173";s:7:"pic_img";s:35:"shop/editor/web-101-102-1-3.jpg?334";}i:4;a:4:{s:6:"pic_id";s:1:"4";s:8:"pic_name";s:80:"得力印台9892 快干印泥油 方形金属印章油 办公财务用品 红色";s:7:"pic_url";s:86:"http://www.bangongshi.org.cn/shop/index.php?act=goods&amp;op=index&amp;goods_id=100176";s:7:"pic_img";s:35:"shop/editor/web-101-102-1-4.jpg?399";}}}i:2;a:1:{s:8:"pic_list";a:4:{i:1;a:4:{s:6:"pic_id";s:1:"1";s:8:"pic_name";s:24:"33063复印纸5包起送";s:7:"pic_url";s:86:"http://www.bangongshi.org.cn/shop/index.php?act=goods&amp;op=index&amp;goods_id=100155";s:7:"pic_img";s:35:"shop/editor/web-101-102-2-1.jpg?807";}i:2;a:4:{s:6:"pic_id";s:1:"2";s:8:"pic_name";s:22:"5952牛皮纸档案袋";s:7:"pic_url";s:86:"http://www.bangongshi.org.cn/shop/index.php?act=goods&amp;op=index&amp;goods_id=100156";s:7:"pic_img";s:35:"shop/editor/web-101-102-2-2.jpg?396";}i:3;a:4:{s:6:"pic_id";s:1:"3";s:8:"pic_name";s:65:"得力（deli）6600 经济实用型中性笔(黑) 0.5mm 12只装";s:7:"pic_url";s:86:"http://www.bangongshi.org.cn/shop/index.php?act=goods&amp;op=index&amp;goods_id=100157";s:7:"pic_img";s:35:"shop/editor/web-101-102-2-3.jpg?123";}i:4;a:4:{s:8:"pic_name";s:34:"得力0416轻便型厚层订书机";s:7:"pic_url";s:86:"http://www.bangongshi.org.cn/shop/index.php?act=goods&amp;op=index&amp;goods_id=100161";s:6:"pic_id";s:1:"4";s:7:"pic_img";s:35:"shop/editor/web-101-102-2-4.jpg?939";}}}}','切换小图');
INSERT INTO `zmkj_web_code` (`code_id`,`web_id`,`code_type`,`var_name`,`code_info`,`show_name`) VALUES('121','121','array','sale_list','a:5:{i:5;a:2:{s:9:"recommend";a:1:{s:4:"name";s:12:"新品上架";}s:10:"goods_list";a:5:{i:100126;a:5:{s:8:"goods_id";s:6:"100126";s:12:"market_price";s:6:"780.00";s:10:"goods_name";s:67:"惠普（HP） LaserJet Pro P1106 黑白激光打印机（打印）";s:11:"goods_price";s:6:"730.00";s:9:"goods_pic";s:46:"shop/store/goods/4/4_05302973428028443_240.jpg";}i:100213;a:5:{s:8:"goods_id";s:6:"100213";s:12:"market_price";s:6:"430.00";s:10:"goods_name";s:83:"南天PR2E平推24针A4针式打印机出库单税控票据连打快递单打印机";s:11:"goods_price";s:6:"380.00";s:9:"goods_pic";s:56:"shop/store/goods/14/2016/11/14_05319994473173971_240.jpg";}i:100563;a:5:{s:8:"goods_id";s:6:"100563";s:12:"market_price";s:6:"595.00";s:10:"goods_name";s:83:"得力3969包邮指纹考勤机 人脸指纹式打卡机面部人脸识别考勤机";s:11:"goods_price";s:6:"595.00";s:9:"goods_pic";s:56:"shop/store/goods/25/2016/11/25_05332941340731332_240.jpg";}i:100562;a:5:{s:8:"goods_id";s:6:"100562";s:12:"market_price";s:6:"250.00";s:10:"goods_name";s:89:"得力钉钉智能云考勤机 打卡机指纹签到机 可分店考勤统一管理考勤";s:11:"goods_price";s:6:"238.00";s:9:"goods_pic";s:56:"shop/store/goods/25/2016/11/25_05332939128501009_240.jpg";}i:100559;a:5:{s:8:"goods_id";s:6:"100559";s:12:"market_price";s:6:"778.00";s:10:"goods_name";s:32:"科密DF310人脸识别考勤机";s:11:"goods_price";s:6:"389.00";s:9:"goods_pic";s:56:"shop/store/goods/33/2016/11/33_05332348352583931_240.jpg";}}}i:3;a:2:{s:9:"recommend";a:1:{s:4:"name";s:12:"热卖商品";}s:10:"goods_list";a:5:{i:100423;a:5:{s:8:"goods_id";s:6:"100423";s:12:"market_price";s:8:"22500.00";s:10:"goods_name";s:72:"CASIO卡西欧XJ-UT255超短焦 激光+LED新光源投影仪办公教育";s:11:"goods_price";s:8:"17800.00";s:9:"goods_pic";s:56:"shop/store/goods/26/2016/11/26_05330640255437721_240.jpg";}i:100422;a:5:{s:8:"goods_id";s:6:"100422";s:12:"market_price";s:8:"12600.00";s:10:"goods_name";s:78:"CASIO卡西欧XJ-M240激光LED高清投影仪家用商用教育婚庆投影机";s:11:"goods_price";s:7:"8600.00";s:9:"goods_pic";s:56:"shop/store/goods/26/2016/11/26_05330637032587338_240.jpg";}i:100421;a:5:{s:8:"goods_id";s:6:"100421";s:12:"market_price";s:7:"7100.00";s:10:"goods_name";s:80:"Casio/卡西欧 XJ-A141超薄型激光投影机 高清1080P商务便携投影仪";s:11:"goods_price";s:7:"6600.00";s:9:"goods_pic";s:56:"shop/store/goods/26/2016/11/26_05330634122230490_240.jpg";}i:100419;a:5:{s:8:"goods_id";s:6:"100419";s:12:"market_price";s:7:"5700.00";s:10:"goods_name";s:76:"宏基投影仪 宏基PE-833投影机 正品行货 全国联保 特价促销";s:11:"goods_price";s:7:"4900.00";s:9:"goods_pic";s:56:"shop/store/goods/26/2016/11/26_05330629257974639_240.jpg";}i:100418;a:5:{s:8:"goods_id";s:6:"100418";s:12:"market_price";s:7:"2900.00";s:10:"goods_name";s:68:"宏基D210投影机3D投影仪 效果一流 正品行货全国联保";s:11:"goods_price";s:7:"2500.00";s:9:"goods_pic";s:56:"shop/store/goods/26/2016/11/26_05330626422201595_240.jpg";}}}i:1;a:2:{s:9:"recommend";a:1:{s:4:"name";s:12:"疯狂抢购";}s:10:"goods_list";a:5:{i:100550;a:5:{s:8:"goods_id";s:6:"100550";s:12:"market_price";s:5:"58.00";s:10:"goods_name";s:88:"进口全树脂基碳带110mm*300m斑马立象条码打印机tsc ttp-244色带 50mm*300m";s:11:"goods_price";s:5:"55.00";s:9:"goods_pic";s:56:"shop/store/goods/29/2016/11/29_05332342914062454_240.jpg";}i:100546;a:5:{s:8:"goods_id";s:6:"100546";s:12:"market_price";s:5:"21.00";s:10:"goods_name";s:70:"100%原装 爱普生Epson S015290色带 LQ635K 735K 730K 630K色带架";s:11:"goods_price";s:5:"21.00";s:9:"goods_pic";s:56:"shop/store/goods/29/2016/11/29_05332322957803264_240.jpg";}i:100544;a:5:{s:8:"goods_id";s:6:"100544";s:12:"market_price";s:5:"39.00";s:10:"goods_name";s:84:"原装爱普生630k色带架 LQ-730K 610K 635K 735K 针式打印机色带芯 630K原";s:11:"goods_price";s:5:"25.00";s:9:"goods_pic";s:56:"shop/store/goods/29/2016/11/29_05332319726822929_240.jpg";}i:100543;a:5:{s:8:"goods_id";s:6:"100543";s:12:"market_price";s:6:"180.00";s:10:"goods_name";s:100:"得力办公DLH-280A硒鼓黑色激光打印碳粉盒适用惠普打印复印机耗材 黑色 碳粉";s:11:"goods_price";s:6:"118.00";s:9:"goods_pic";s:56:"shop/store/goods/29/2016/11/29_05332309671629723_240.jpg";}i:100542;a:5:{s:8:"goods_id";s:6:"100542";s:12:"market_price";s:5:"55.00";s:10:"goods_name";s:78:"进口富士施乐惠普三星嘉纷彩色碳粉激光打印机一体机耗材";s:11:"goods_price";s:5:"36.00";s:9:"goods_pic";s:56:"shop/store/goods/29/2016/11/29_05332305878241855_240.jpg";}}}i:2;a:2:{s:9:"recommend";a:1:{s:4:"name";s:12:"猜您喜欢";}s:10:"goods_list";a:5:{i:100497;a:5:{s:8:"goods_id";s:6:"100497";s:12:"market_price";s:6:"215.00";s:10:"goods_name";s:69:"得力莱茵河7401 70G克 80g A4复印纸 办公打印复印纸A4纸";s:11:"goods_price";s:6:"200.00";s:9:"goods_pic";s:56:"shop/store/goods/35/2016/11/35_05332109467439673_240.jpg";}i:100485;a:5:{s:8:"goods_id";s:6:"100485";s:12:"market_price";s:5:"99.00";s:10:"goods_name";s:84:"现货得力铭锐A4打印复印纸办公用纸70g白纸打印整箱5包批发包邮";s:11:"goods_price";s:5:"82.00";s:9:"goods_pic";s:56:"shop/store/goods/35/2016/11/35_05332091536666496_240.jpg";}i:100356;a:5:{s:8:"goods_id";s:6:"100356";s:12:"market_price";s:5:"98.00";s:10:"goods_name";s:77:"现货 得力铭锐A4复印纸办公专用70g纸打印 整箱5包批发包邮";s:11:"goods_price";s:5:"84.00";s:9:"goods_pic";s:56:"shop/store/goods/25/2016/11/25_05326941689454306_240.jpg";}i:100302;a:5:{s:8:"goods_id";s:6:"100302";s:12:"market_price";s:7:"2880.00";s:10:"goods_name";s:82:"四通OKI 5760SP 票据打印机 报表打印机 证书存折针式打印机正品";s:11:"goods_price";s:7:"2880.00";s:9:"goods_pic";s:54:"shop/store/goods/4/2016/11/4_05322827521303487_240.jpg";}i:100155;a:5:{s:8:"goods_id";s:6:"100155";s:12:"market_price";s:5:"25.00";s:10:"goods_name";s:24:"33063复印纸5包起送";s:11:"goods_price";s:5:"17.00";s:9:"goods_pic";s:54:"shop/store/goods/9/2016/11/9_05318268076704000_240.jpg";}}}i:4;a:2:{s:9:"recommend";a:1:{s:4:"name";s:12:"热评商品";}s:10:"goods_list";a:5:{i:100321;a:5:{s:8:"goods_id";s:6:"100321";s:12:"market_price";s:5:"20.00";s:10:"goods_name";s:87:"12V车充线 对讲机通用手台借电器 小车专用 自驾游驴友车载充电器";s:11:"goods_price";s:5:"15.00";s:9:"goods_pic";s:56:"shop/store/goods/22/2016/11/22_05324366203036487_240.jpg";}i:100320;a:5:{s:8:"goods_id";s:6:"100320";s:12:"market_price";s:5:"30.00";s:10:"goods_name";s:85:"12V24V通用型高品质对讲机车充线 大货车自驾游车载充电器借电器";s:11:"goods_price";s:5:"25.00";s:9:"goods_pic";s:56:"shop/store/goods/22/2016/11/22_05324364589152387_240.jpg";}i:100319;a:5:{s:8:"goods_id";s:6:"100319";s:12:"market_price";s:6:"158.00";s:10:"goods_name";s:88:"对讲机民用 大功率小巧便携 酒店工地耐用型手台 军工品质 自驾游";s:11:"goods_price";s:6:"128.00";s:9:"goods_pic";s:56:"shop/store/goods/22/2016/11/22_05324359102255431_240.jpg";}i:100318;a:5:{s:8:"goods_id";s:6:"100318";s:12:"market_price";s:6:"180.00";s:10:"goods_name";s:80:"鸿峰6100plus对讲机大功率手台 民用无线duijiangji 耐摔防尘防水";s:11:"goods_price";s:6:"160.00";s:9:"goods_pic";s:56:"shop/store/goods/22/2016/11/22_05324336317202884_240.jpg";}i:100317;a:5:{s:8:"goods_id";s:6:"100317";s:12:"market_price";s:5:"72.00";s:10:"goods_name";s:82:"对讲机民用专业手台 自驾游 酒店KTV洗浴中心 小巧便携 大功率";s:11:"goods_price";s:5:"65.00";s:9:"goods_pic";s:56:"shop/store/goods/22/2016/11/22_05324334491877808_240.jpg";}}}}','促销区');
INSERT INTO `zmkj_web_code` (`code_id`,`web_id`,`code_type`,`var_name`,`code_info`,`show_name`) VALUES('122','1','array','banner','a:5:{s:3:"pic";s:29:"shop/editor/web-1-122.png?883";s:4:"type";s:3:"pic";s:5:"title";s:7:"广告1";s:3:"url";s:20:"http://www.haoid.cn";s:4:"show";s:1:"1";}','横幅图片');
INSERT INTO `zmkj_web_code` (`code_id`,`web_id`,`code_type`,`var_name`,`code_info`,`show_name`) VALUES('123','2','array','banner','a:4:{s:3:"pic";s:29:"shop/editor/web-2-123.png?872";s:4:"type";s:3:"pic";s:5:"title";s:9:"好商城";s:3:"url";s:20:"http://www.haoid.cn";}','横幅图片');
INSERT INTO `zmkj_web_code` (`code_id`,`web_id`,`code_type`,`var_name`,`code_info`,`show_name`) VALUES('124','3','array','banner','a:5:{s:3:"pic";s:29:"shop/editor/web-3-124.png?997";s:4:"type";s:3:"pic";s:5:"title";s:9:"好商城";s:3:"url";s:19:"http://ww.haoid.cn";s:4:"show";s:1:"1";}','横幅图片');
INSERT INTO `zmkj_web_code` (`code_id`,`web_id`,`code_type`,`var_name`,`code_info`,`show_name`) VALUES('125','4','array','banner','a:5:{s:3:"pic";s:29:"shop/editor/web-4-125.png?335";s:4:"type";s:3:"pic";s:5:"title";s:9:"好商城";s:3:"url";s:20:"http://www.haoid.cn";s:4:"show";s:1:"1";}','横幅图片');
INSERT INTO `zmkj_web_code` (`code_id`,`web_id`,`code_type`,`var_name`,`code_info`,`show_name`) VALUES('126','5','array','banner','a:5:{s:3:"pic";s:29:"shop/editor/web-5-126.png?135";s:4:"type";s:3:"pic";s:5:"title";s:11:"好商城V3";s:3:"url";s:20:"http://www.haoid.cn";s:4:"show";s:1:"1";}','横幅图片');
INSERT INTO `zmkj_web_code` (`code_id`,`web_id`,`code_type`,`var_name`,`code_info`,`show_name`) VALUES('127','6','array','banner',NULL,NULL);
INSERT INTO `zmkj_web_code` (`code_id`,`web_id`,`code_type`,`var_name`,`code_info`,`show_name`) VALUES('128','7','array','banner',NULL,NULL);
INSERT INTO `zmkj_web_code` (`code_id`,`web_id`,`code_type`,`var_name`,`code_info`,`show_name`) VALUES('129','8','array','banner','a:5:{s:3:"pic";s:29:"shop/editor/web-8-129.png?227";s:4:"type";s:3:"pic";s:5:"title";s:0:"";s:3:"url";s:21:"http://demo.haoid.cn";s:4:"show";s:1:"1";}',NULL);
INSERT INTO `zmkj_web_code` (`code_id`,`web_id`,`code_type`,`var_name`,`code_info`,`show_name`) VALUES('130','122','array','channel_tit','a:3:{s:3:"pic";s:0:"";s:3:"url";s:0:"";s:5:"title";s:12:"男女服装";}','频道中部标题');
INSERT INTO `zmkj_web_code` (`code_id`,`web_id`,`code_type`,`var_name`,`code_info`,`show_name`) VALUES('131','122','array','channel_act','a:4:{s:3:"pic";s:35:"shop/editor/channel-122-131.jpg?213";s:4:"type";s:3:"pic";s:5:"title";s:0:"";s:3:"url";s:0:"";}','频道中部活动');
INSERT INTO `zmkj_web_code` (`code_id`,`web_id`,`code_type`,`var_name`,`code_info`,`show_name`) VALUES('132','122','array','recommend_list','a:1:{i:1;a:2:{s:9:"recommend";a:1:{s:4:"name";s:12:"商品推荐";}s:10:"goods_list";a:8:{i:101559;a:5:{s:8:"goods_id";s:6:"101559";s:12:"market_price";s:6:"118.00";s:10:"goods_name";s:97:"2015冬季新款棉衣女修身大码羽绒棉服女士短款韩版连帽冬季防寒服 蓝色 M";s:11:"goods_price";s:5:"88.00";s:9:"goods_pic";s:62:"shop/store/goods/12/12_039f2d0f136e6927e9cfa6fff35e077_240.jpg";}i:101598;a:5:{s:8:"goods_id";s:6:"101598";s:12:"market_price";s:6:"169.00";s:10:"goods_name";s:97:"2015新款冬装棉衣外套女中长款大码加厚毛领羽绒棉服韩版修身棉袄 粉色 M";s:11:"goods_price";s:6:"119.00";s:9:"goods_pic";s:62:"shop/store/goods/12/12_cc322b39c176a5ae261b62795d46258_240.jpg";}i:101583;a:5:{s:8:"goods_id";s:6:"101583";s:12:"market_price";s:6:"228.00";s:10:"goods_name";s:94:"2015冬季新款棉衣女韩版加厚修身显瘦中长款连帽毛领外套棉袄女 蓝色 M";s:11:"goods_price";s:6:"168.00";s:9:"goods_pic";s:48:"shop/store/goods/12/12_04998647920805428_240.jpg";}i:101623;a:5:{s:8:"goods_id";s:6:"101623";s:12:"market_price";s:6:"192.00";s:10:"goods_name";s:96:"2015新款棉衣女 加厚羽绒棉服连帽中长款贴布刺绣 欧美风宽松大码 白色 M";s:11:"goods_price";s:6:"132.00";s:9:"goods_pic";s:62:"shop/store/goods/12/12_4eefff7530f50c03279f0ad372075be_240.jpg";}i:101635;a:5:{s:8:"goods_id";s:6:"101635";s:12:"market_price";s:6:"168.00";s:10:"goods_name";s:97:"2015秋冬装新款韩版中长款修身气质连帽毛领女装棉衣外套羽绒棉服 绿色 M";s:11:"goods_price";s:6:"138.00";s:9:"goods_pic";s:48:"shop/store/goods/12/12_04999935528632429_240.jpg";}i:101655;a:5:{s:8:"goods_id";s:6:"101655";s:12:"market_price";s:6:"195.00";s:10:"goods_name";s:82:"冬装新款2015羽绒棉服女中长款韩版连帽大毛领女式棉衣 蓝色 M";s:11:"goods_price";s:6:"165.00";s:9:"goods_pic";s:48:"shop/store/goods/12/12_04999940350217540_240.jpg";}i:102433;a:5:{s:8:"goods_id";s:6:"102433";s:12:"market_price";s:6:"199.00";s:10:"goods_name";s:99:"秋冬季时尚单鞋 糖果色亮面浅口细跟职业女鞋 漆皮镜面尖头高跟鞋 白色 34";s:11:"goods_price";s:6:"119.00";s:9:"goods_pic";s:48:"shop/store/goods/17/17_05000574018138552_240.jpg";}i:102265;a:5:{s:8:"goods_id";s:6:"102265";s:12:"market_price";s:6:"199.00";s:10:"goods_name";s:71:"秋季新款糖果色细跟单鞋 浅口真皮尖头高跟鞋 杏色 34";s:11:"goods_price";s:6:"119.00";s:9:"goods_pic";s:48:"shop/store/goods/17/17_05000548082598798_240.jpg";}}}}','频道中部商品');
INSERT INTO `zmkj_web_code` (`code_id`,`web_id`,`code_type`,`var_name`,`code_info`,`show_name`) VALUES('133','122','array','adv_a','a:3:{s:8:"pic_name";s:0:"";s:3:"pic";s:35:"shop/editor/channel-122-133.jpg?162";s:7:"pic_url";s:0:"";}','频道中部广告1');
INSERT INTO `zmkj_web_code` (`code_id`,`web_id`,`code_type`,`var_name`,`code_info`,`show_name`) VALUES('134','122','array','adv_b','a:3:{s:8:"pic_name";s:0:"";s:3:"pic";s:35:"shop/editor/channel-122-134.jpg?188";s:7:"pic_url";s:0:"";}','频道中部广告2');
INSERT INTO `zmkj_web_code` (`code_id`,`web_id`,`code_type`,`var_name`,`code_info`,`show_name`) VALUES('135','122','array','adv_c','a:3:{s:8:"pic_name";s:0:"";s:3:"pic";s:35:"shop/editor/channel-122-135.jpg?441";s:7:"pic_url";s:0:"";}','频道中部广告3');
INSERT INTO `zmkj_web_code` (`code_id`,`web_id`,`code_type`,`var_name`,`code_info`,`show_name`) VALUES('136','123','array','channel_category','a:6:{i:1101;a:2:{s:9:"gc_parent";a:3:{s:5:"gc_id";s:4:"1101";s:7:"gc_name";s:6:"上衣";s:6:"gc_pic";s:0:"";}s:11:"goods_class";a:23:{i:1103;a:2:{s:5:"gc_id";s:4:"1103";s:7:"gc_name";s:6:"衬衫";}i:1104;a:2:{s:5:"gc_id";s:4:"1104";s:7:"gc_name";s:4:"T恤";}i:1106;a:2:{s:5:"gc_id";s:4:"1106";s:7:"gc_name";s:9:"雪纺衫";}i:1130;a:2:{s:5:"gc_id";s:4:"1130";s:7:"gc_name";s:6:"卫衣";}i:1847;a:2:{s:5:"gc_id";s:4:"1847";s:7:"gc_name";s:13:"吊带/背心";}i:1849;a:2:{s:5:"gc_id";s:4:"1849";s:7:"gc_name";s:6:"开衫";}i:1131;a:2:{s:5:"gc_id";s:4:"1131";s:7:"gc_name";s:9:"打底衫";}i:1846;a:2:{s:5:"gc_id";s:4:"1846";s:7:"gc_name";s:6:"马甲";}i:1848;a:2:{s:5:"gc_id";s:4:"1848";s:7:"gc_name";s:9:"羊毛衫";}i:1134;a:2:{s:5:"gc_id";s:4:"1134";s:7:"gc_name";s:9:"羊绒衫";}i:1105;a:2:{s:5:"gc_id";s:4:"1105";s:7:"gc_name";s:9:"针织衫";}i:1129;a:2:{s:5:"gc_id";s:4:"1129";s:7:"gc_name";s:6:"毛衣";}i:1432;a:2:{s:5:"gc_id";s:4:"1432";s:7:"gc_name";s:6:"风衣";}i:1366;a:2:{s:5:"gc_id";s:4:"1366";s:7:"gc_name";s:9:"小西装";}i:1368;a:2:{s:5:"gc_id";s:4:"1368";s:7:"gc_name";s:9:"薄外套";}i:1370;a:2:{s:5:"gc_id";s:4:"1370";s:7:"gc_name";s:9:"羽绒服";}i:1431;a:2:{s:5:"gc_id";s:4:"1431";s:7:"gc_name";s:6:"棉服";}i:1435;a:2:{s:5:"gc_id";s:4:"1435";s:7:"gc_name";s:6:"大衣";}i:1436;a:2:{s:5:"gc_id";s:4:"1436";s:7:"gc_name";s:6:"皮衣";}i:1439;a:2:{s:5:"gc_id";s:4:"1439";s:7:"gc_name";s:6:"皮草";}i:1524;a:2:{s:5:"gc_id";s:4:"1524";s:7:"gc_name";s:9:"情侣装";}i:1528;a:2:{s:5:"gc_id";s:4:"1528";s:7:"gc_name";s:12:"大码女装";}i:1845;a:2:{s:5:"gc_id";s:4:"1845";s:7:"gc_name";s:9:"妈妈装";}}}i:1247;a:2:{s:9:"gc_parent";a:3:{s:5:"gc_id";s:4:"1247";s:7:"gc_name";s:6:"下装";s:6:"gc_pic";s:0:"";}s:11:"goods_class";a:18:{i:1253;a:2:{s:5:"gc_id";s:4:"1253";s:7:"gc_name";s:9:"牛仔裤";}i:1254;a:2:{s:5:"gc_id";s:4:"1254";s:7:"gc_name";s:9:"休闲裤";}i:1255;a:2:{s:5:"gc_id";s:4:"1255";s:7:"gc_name";s:9:"西装裤";}i:1256;a:2:{s:5:"gc_id";s:4:"1256";s:7:"gc_name";s:9:"打底裤";}i:1257;a:2:{s:5:"gc_id";s:4:"1257";s:7:"gc_name";s:9:"连体裤";}i:1258;a:2:{s:5:"gc_id";s:4:"1258";s:7:"gc_name";s:9:"哈伦裤";}i:1259;a:2:{s:5:"gc_id";s:4:"1259";s:7:"gc_name";s:9:"铅笔裤";}i:1260;a:2:{s:5:"gc_id";s:4:"1260";s:7:"gc_name";s:9:"小脚裤";}i:1261;a:2:{s:5:"gc_id";s:4:"1261";s:7:"gc_name";s:9:"阔腿裤";}i:1262;a:2:{s:5:"gc_id";s:4:"1262";s:7:"gc_name";s:9:"背带裤";}i:1371;a:2:{s:5:"gc_id";s:4:"1371";s:7:"gc_name";s:9:"直筒裤";}i:1372;a:2:{s:5:"gc_id";s:4:"1372";s:7:"gc_name";s:9:"喇叭裤";}i:1441;a:2:{s:5:"gc_id";s:4:"1441";s:7:"gc_name";s:6:"卫裤";}i:1443;a:2:{s:5:"gc_id";s:4:"1443";s:7:"gc_name";s:9:"五分裤";}i:1525;a:2:{s:5:"gc_id";s:4:"1525";s:7:"gc_name";s:9:"七分裤";}i:1526;a:2:{s:5:"gc_id";s:4:"1526";s:7:"gc_name";s:9:"九分裤";}i:1527;a:2:{s:5:"gc_id";s:4:"1527";s:7:"gc_name";s:6:"长裤";}i:1850;a:2:{s:5:"gc_id";s:4:"1850";s:7:"gc_name";s:6:"短裤";}}}i:1248;a:2:{s:9:"gc_parent";a:3:{s:5:"gc_id";s:4:"1248";s:7:"gc_name";s:6:"裙装";s:6:"gc_pic";s:0:"";}s:11:"goods_class";a:7:{i:1264;a:2:{s:5:"gc_id";s:4:"1264";s:7:"gc_name";s:9:"连衣裙";}i:1265;a:2:{s:5:"gc_id";s:4:"1265";s:7:"gc_name";s:9:"半身裙";}i:1266;a:2:{s:5:"gc_id";s:4:"1266";s:7:"gc_name";s:6:"长裙";}i:1267;a:2:{s:5:"gc_id";s:4:"1267";s:7:"gc_name";s:6:"短裙";}i:1429;a:2:{s:5:"gc_id";s:4:"1429";s:7:"gc_name";s:6:"礼服";}i:1433;a:2:{s:5:"gc_id";s:4:"1433";s:7:"gc_name";s:6:"婚纱";}i:1434;a:2:{s:5:"gc_id";s:4:"1434";s:7:"gc_name";s:6:"旗袍";}}}i:1292;a:2:{s:9:"gc_parent";a:3:{s:5:"gc_id";s:4:"1292";s:7:"gc_name";s:12:"女式内衣";s:6:"gc_pic";s:0:"";}s:11:"goods_class";a:12:{i:1851;a:2:{s:5:"gc_id";s:4:"1851";s:7:"gc_name";s:12:"内衣配件";}i:1852;a:2:{s:5:"gc_id";s:4:"1852";s:7:"gc_name";s:12:"大码内衣";}i:1293;a:2:{s:5:"gc_id";s:4:"1293";s:7:"gc_name";s:6:"文胸";}i:1294;a:2:{s:5:"gc_id";s:4:"1294";s:7:"gc_name";s:6:"内裤";}i:1295;a:2:{s:5:"gc_id";s:4:"1295";s:7:"gc_name";s:12:"文胸套装";}i:1296;a:2:{s:5:"gc_id";s:4:"1296";s:7:"gc_name";s:12:"性感内衣";}i:1297;a:2:{s:5:"gc_id";s:4:"1297";s:7:"gc_name";s:12:"保暖内衣";}i:1375;a:2:{s:5:"gc_id";s:4:"1375";s:7:"gc_name";s:13:"吊带/背心";}i:1383;a:2:{s:5:"gc_id";s:4:"1383";s:7:"gc_name";s:16:"睡衣/家具服";}i:1417;a:2:{s:5:"gc_id";s:4:"1417";s:7:"gc_name";s:9:"塑身衣";}i:1445;a:2:{s:5:"gc_id";s:4:"1445";s:7:"gc_name";s:13:"袜子/丝袜";}i:1572;a:2:{s:5:"gc_id";s:4:"1572";s:7:"gc_name";s:6:"泳衣";}}}i:1386;a:2:{s:9:"gc_parent";a:3:{s:5:"gc_id";s:4:"1386";s:7:"gc_name";s:12:"女士配件";s:6:"gc_pic";s:0:"";}s:11:"goods_class";a:6:{i:1387;a:2:{s:5:"gc_id";s:4:"1387";s:7:"gc_name";s:6:"帽子";}i:1388;a:2:{s:5:"gc_id";s:4:"1388";s:7:"gc_name";s:13:"皮带/腰链";}i:1389;a:2:{s:5:"gc_id";s:4:"1389";s:7:"gc_name";s:6:"围巾";}i:1390;a:2:{s:5:"gc_id";s:4:"1390";s:7:"gc_name";s:6:"丝巾";}i:1391;a:2:{s:5:"gc_id";s:4:"1391";s:7:"gc_name";s:6:"披肩";}i:1392;a:2:{s:5:"gc_id";s:4:"1392";s:7:"gc_name";s:6:"手套";}}}i:1117;a:2:{s:9:"gc_parent";a:3:{s:5:"gc_id";s:4:"1117";s:7:"gc_name";s:6:"女鞋";s:6:"gc_pic";s:0:"";}s:11:"goods_class";a:20:{i:1160;a:2:{s:5:"gc_id";s:4:"1160";s:7:"gc_name";s:6:"单鞋";}i:1161;a:2:{s:5:"gc_id";s:4:"1161";s:7:"gc_name";s:9:"平底鞋";}i:2004;a:2:{s:5:"gc_id";s:4:"2004";s:7:"gc_name";s:9:"高跟鞋";}i:1162;a:2:{s:5:"gc_id";s:4:"1162";s:7:"gc_name";s:9:"细跟鞋";}i:1164;a:2:{s:5:"gc_id";s:4:"1164";s:7:"gc_name";s:9:"粗跟鞋";}i:2003;a:2:{s:5:"gc_id";s:4:"2003";s:7:"gc_name";s:9:"方根鞋";}i:1163;a:2:{s:5:"gc_id";s:4:"1163";s:7:"gc_name";s:9:"坡跟鞋";}i:1165;a:2:{s:5:"gc_id";s:4:"1165";s:7:"gc_name";s:9:"帆布鞋";}i:1166;a:2:{s:5:"gc_id";s:4:"1166";s:7:"gc_name";s:9:"乐福鞋";}i:1167;a:2:{s:5:"gc_id";s:4:"1167";s:7:"gc_name";s:9:"牛津鞋";}i:1168;a:2:{s:5:"gc_id";s:4:"1168";s:7:"gc_name";s:16:"布鞋/绣花鞋";}i:1169;a:2:{s:5:"gc_id";s:4:"1169";s:7:"gc_name";s:9:"懒人鞋";}i:1170;a:2:{s:5:"gc_id";s:4:"1170";s:7:"gc_name";s:9:"罗马鞋";}i:1171;a:2:{s:5:"gc_id";s:4:"1171";s:7:"gc_name";s:9:"豆豆鞋";}i:1172;a:2:{s:5:"gc_id";s:4:"1172";s:7:"gc_name";s:9:"松糕鞋";}i:1424;a:2:{s:5:"gc_id";s:4:"1424";s:7:"gc_name";s:9:"妈妈鞋";}i:1425;a:2:{s:5:"gc_id";s:4:"1425";s:7:"gc_name";s:9:"内增高";}i:1426;a:2:{s:5:"gc_id";s:4:"1426";s:7:"gc_name";s:6:"婚鞋";}i:1428;a:2:{s:5:"gc_id";s:4:"1428";s:7:"gc_name";s:6:"凉鞋";}i:1472;a:2:{s:5:"gc_id";s:4:"1472";s:7:"gc_name";s:6:"拖鞋";}}}}','频道顶部分类');
INSERT INTO `zmkj_web_code` (`code_id`,`web_id`,`code_type`,`var_name`,`code_info`,`show_name`) VALUES('137','123','array','channel_slide','a:2:{i:1;a:5:{s:6:"pic_id";s:1:"1";s:8:"pic_name";s:12:"上衣推荐";s:7:"pic_url";s:77:"http://demo.haoid.cn/shop/index.php?act=search&amp;op=index&amp;cate_id=1101";s:5:"color";s:7:"#EFD8AE";s:7:"pic_img";s:37:"shop/editor/channel-123-137-1.png?205";}i:2;a:5:{s:5:"color";s:7:"#C6122B";s:8:"pic_name";s:12:"上衣推荐";s:7:"pic_url";s:77:"http://demo.haoid.cn/shop/index.php?act=search&amp;op=index&amp;cate_id=1101";s:6:"pic_id";s:1:"2";s:7:"pic_img";s:37:"shop/editor/channel-123-137-2.png?136";}}','频道顶部切换');
INSERT INTO `zmkj_web_code` (`code_id`,`web_id`,`code_type`,`var_name`,`code_info`,`show_name`) VALUES('138','123','array','channel_adv','a:1:{i:1;a:1:{s:8:"pic_list";a:3:{i:1;a:4:{s:6:"pic_id";s:1:"1";s:8:"pic_name";s:12:"衬衫推荐";s:7:"pic_url";s:79:"http://demo.haoid.cn/shop/index.php?act=goods&amp;op=index&amp;goods_id=102126";s:7:"pic_img";s:39:"shop/editor/channel-123-138-1-1.png?239";}i:2;a:4:{s:6:"pic_id";s:1:"2";s:8:"pic_name";s:6:"推荐";s:7:"pic_url";s:79:"http://demo.haoid.cn/shop/index.php?act=goods&amp;op=index&amp;goods_id=102126";s:7:"pic_img";s:39:"shop/editor/channel-123-138-1-2.png?245";}i:3;a:4:{s:8:"pic_name";s:6:"推荐";s:7:"pic_url";s:79:"http://demo.haoid.cn/shop/index.php?act=goods&amp;op=index&amp;goods_id=102126";s:6:"pic_id";s:1:"3";s:7:"pic_img";s:39:"shop/editor/channel-123-138-1-3.png?106";}}}}','频道顶部广告');
INSERT INTO `zmkj_web_code` (`code_id`,`web_id`,`code_type`,`var_name`,`code_info`,`show_name`) VALUES('139','1','array','recommends_list','a:1:{i:1;a:1:{s:10:"recommends";a:1:{s:4:"name";s:12:"热卖促销";}}}','热卖促销');
INSERT INTO `zmkj_web_code` (`code_id`,`web_id`,`code_type`,`var_name`,`code_info`,`show_name`) VALUES('140','2','array','recommends_list','a:1:{i:1;a:1:{s:10:"recommends";a:1:{s:4:"name";s:12:"热卖促销";}}}','热卖促销');
INSERT INTO `zmkj_web_code` (`code_id`,`web_id`,`code_type`,`var_name`,`code_info`,`show_name`) VALUES('141','3','array','recommends_list','a:1:{i:1;a:2:{s:10:"recommends";a:1:{s:4:"name";s:12:"热卖促销";}s:10:"goods_list";a:2:{i:100067;a:5:{s:8:"goods_id";s:6:"100067";s:12:"market_price";s:5:"36.00";s:10:"goods_name";s:88:"韩国手机挂件饰品创意毛绒珍珠可爱兔毛球手机链萌 防尘塞吊坠链";s:11:"goods_price";s:5:"18.00";s:9:"goods_pic";s:46:"shop/store/goods/1/1_05127596813191267_240.jpg";}i:100066;a:5:{s:8:"goods_id";s:6:"100066";s:12:"market_price";s:5:"29.90";s:10:"goods_name";s:90:"伸缩懒人手机支架创意通用万能夹子加长桌面床头看片追剧自拍神器";s:11:"goods_price";s:5:"26.90";s:9:"goods_pic";s:46:"shop/store/goods/1/1_05127595673950190_240.jpg";}}}}','热卖促销');
INSERT INTO `zmkj_web_code` (`code_id`,`web_id`,`code_type`,`var_name`,`code_info`,`show_name`) VALUES('142','4','array','recommends_list','a:1:{i:1;a:2:{s:10:"recommends";a:1:{s:4:"name";s:12:"热卖促销";}s:10:"goods_list";a:2:{i:102835;a:5:{s:8:"goods_id";s:6:"102835";s:12:"market_price";s:6:"198.00";s:10:"goods_name";s:43:"2015新款保暖加绒修身衬衫 白色 M";s:11:"goods_price";s:5:"98.00";s:9:"goods_pic";s:48:"shop/store/goods/18/18_05011800162520471_240.jpg";}i:101915;a:5:{s:8:"goods_id";s:6:"101915";s:12:"market_price";s:6:"122.00";s:10:"goods_name";s:79:"2015冬款加绒T恤 男式纯棉T恤男士加厚加绒保暖打底衫 黑色 M";s:11:"goods_price";s:5:"72.00";s:9:"goods_pic";s:48:"shop/store/goods/15/15_04999703686355513_240.jpg";}}}}','热卖促销');
INSERT INTO `zmkj_web_code` (`code_id`,`web_id`,`code_type`,`var_name`,`code_info`,`show_name`) VALUES('143','5','array','recommends_list','a:1:{i:1;a:1:{s:10:"recommends";a:1:{s:4:"name";s:12:"热卖促销";}}}','热卖促销');
INSERT INTO `zmkj_web_code` (`code_id`,`web_id`,`code_type`,`var_name`,`code_info`,`show_name`) VALUES('144','6','array','recommends_list','a:1:{i:1;a:1:{s:10:"recommends";a:1:{s:4:"name";s:12:"热卖促销";}}}','热卖促销');
INSERT INTO `zmkj_web_code` (`code_id`,`web_id`,`code_type`,`var_name`,`code_info`,`show_name`) VALUES('145','7','array','recommends_list','a:1:{i:1;a:2:{s:10:"recommends";a:1:{s:4:"name";s:12:"热卖促销";}s:10:"goods_list";a:2:{i:102714;a:5:{s:8:"goods_id";s:6:"102714";s:12:"market_price";s:6:"199.00";s:10:"goods_name";s:112:"欧洲站独家新款女靴真皮短靴内增高职业女鞋秋冬马丁靴圆头女靴子 黑色（加绒） 35";s:11:"goods_price";s:6:"139.00";s:9:"goods_pic";s:48:"shop/store/goods/17/17_05003992073017413_240.jpg";}i:102688;a:5:{s:8:"goods_id";s:6:"102688";s:12:"market_price";s:6:"188.00";s:10:"goods_name";s:71:"爵爷2015春秋商务正装男士皮鞋透气超纤皮男鞋 黑色 38";s:11:"goods_price";s:6:"108.00";s:9:"goods_pic";s:48:"shop/store/goods/16/16_05003062100708546_240.jpg";}}}}','热卖促销');
INSERT INTO `zmkj_web_code` (`code_id`,`web_id`,`code_type`,`var_name`,`code_info`,`show_name`) VALUES('146','8','array','recommends_list','a:1:{i:1;a:2:{s:10:"recommends";a:1:{s:4:"name";s:12:"热卖促销";}s:10:"goods_list";a:2:{i:102880;a:5:{s:8:"goods_id";s:6:"102880";s:12:"market_price";s:6:"198.00";s:10:"goods_name";s:94:"2015秋冬酷迪璐男士夹克潮青年韩版时尚修身立领夹克男装外套 咖啡色 M";s:11:"goods_price";s:6:"128.00";s:9:"goods_pic";s:48:"shop/store/goods/18/18_05013234251110713_240.jpg";}i:102865;a:5:{s:8:"goods_id";s:6:"102865";s:12:"market_price";s:6:"188.00";s:10:"goods_name";s:83:"酷迪璐新品男式夹克外套男士pu皮衣韩版休闲绒布接男装 蓝色 M";s:11:"goods_price";s:6:"128.00";s:9:"goods_pic";s:48:"shop/store/goods/18/18_05011806114146918_240.jpg";}}}}','热卖促销');
INSERT INTO `zmkj_web_code` (`code_id`,`web_id`,`code_type`,`var_name`,`code_info`,`show_name`) VALUES('147','1','array','banner','a:5:{s:3:"pic";s:29:"shop/editor/web-1-147.png?937";s:4:"type";s:3:"pic";s:5:"title";s:7:"广告1";s:3:"url";s:26:"http://demo.haoid.cn/shop";s:4:"show";s:1:"0";}','横幅图片');
INSERT INTO `zmkj_web_code` (`code_id`,`web_id`,`code_type`,`var_name`,`code_info`,`show_name`) VALUES('148','2','array','banner','a:5:{s:3:"pic";s:29:"shop/editor/web-2-148.png?398";s:4:"type";s:3:"pic";s:5:"title";s:0:"";s:3:"url";s:26:"http://www.nrwspt.com/shop";s:4:"show";s:1:"1";}','横幅图片');
INSERT INTO `zmkj_web_code` (`code_id`,`web_id`,`code_type`,`var_name`,`code_info`,`show_name`) VALUES('149','3','array','banner',NULL,'横幅图片');
INSERT INTO `zmkj_web_code` (`code_id`,`web_id`,`code_type`,`var_name`,`code_info`,`show_name`) VALUES('150','4','array','banner',NULL,'横幅图片');
INSERT INTO `zmkj_web_code` (`code_id`,`web_id`,`code_type`,`var_name`,`code_info`,`show_name`) VALUES('151','5','array','banner',NULL,'横幅图片');
INSERT INTO `zmkj_web_code` (`code_id`,`web_id`,`code_type`,`var_name`,`code_info`,`show_name`) VALUES('152','6','array','banner',NULL,'横幅图片');
INSERT INTO `zmkj_web_code` (`code_id`,`web_id`,`code_type`,`var_name`,`code_info`,`show_name`) VALUES('153','7','array','banner',NULL,'横幅图片');
INSERT INTO `zmkj_web_code` (`code_id`,`web_id`,`code_type`,`var_name`,`code_info`,`show_name`) VALUES('154','8','array','banner',NULL,'横幅图片');
INSERT INTO `zmkj_web_code` (`code_id`,`web_id`,`code_type`,`var_name`,`code_info`,`show_name`) VALUES('155','124','array','channel_tit','a:3:{s:3:"pic";s:0:"";s:3:"url";s:0:"";s:5:"title";s:12:"上衣推荐";}','频道中部标题');
INSERT INTO `zmkj_web_code` (`code_id`,`web_id`,`code_type`,`var_name`,`code_info`,`show_name`) VALUES('156','124','array','channel_act','a:4:{s:3:"pic";s:35:"shop/editor/channel-124-156.jpg?810";s:4:"type";s:3:"pic";s:5:"title";s:6:"大衣";s:3:"url";s:77:"http://demo.haoid.cn/shop/index.php?act=search&amp;op=index&amp;cate_id=1100";}','频道中部活动');
INSERT INTO `zmkj_web_code` (`code_id`,`web_id`,`code_type`,`var_name`,`code_info`,`show_name`) VALUES('157','124','array','recommend_list','a:2:{i:1;a:2:{s:9:"recommend";a:1:{s:4:"name";s:12:"商品推荐";}s:10:"goods_list";a:8:{i:102126;a:5:{s:8:"goods_id";s:6:"102126";s:12:"market_price";s:6:"163.00";s:10:"goods_name";s:91:"2015秋冬新款韩版女羽绒棉服女立领修身显瘦棉衣短款棉服外套 红色 L";s:11:"goods_price";s:6:"103.00";s:9:"goods_pic";s:48:"shop/store/goods/12/12_04999931964380007_240.jpg";}i:102110;a:5:{s:8:"goods_id";s:6:"102110";s:12:"market_price";s:6:"168.00";s:10:"goods_name";s:79:"2015秋冬新款修身连帽棉服女中长款外穿女装外套棉衣 红色 L";s:11:"goods_price";s:6:"108.00";s:9:"goods_pic";s:48:"shop/store/goods/12/12_04999927971638202_240.png";}i:102070;a:5:{s:8:"goods_id";s:6:"102070";s:12:"market_price";s:6:"188.00";s:10:"goods_name";s:97:"新款女装韩版修身A字斗篷棉衣加厚保暖短外套大毛领连帽羽绒棉服 蓝色 M";s:11:"goods_price";s:6:"118.00";s:9:"goods_pic";s:48:"shop/store/goods/12/12_04999920485539383_240.jpg";}i:101730;a:5:{s:8:"goods_id";s:6:"101730";s:12:"market_price";s:6:"168.00";s:10:"goods_name";s:97:"2015秋冬装新款韩版中长款修身气质连帽毛领女装棉衣外套羽绒棉服 绿色 L";s:11:"goods_price";s:6:"138.00";s:9:"goods_pic";s:48:"shop/store/goods/12/12_04998693284537206_240.jpg";}i:101705;a:5:{s:8:"goods_id";s:6:"101705";s:12:"market_price";s:6:"178.00";s:10:"goods_name";s:97:"冬装新款羽绒棉服女 韩版时尚修身中长款棉袄加厚大毛领连帽棉衣 灰色 L";s:11:"goods_price";s:6:"128.00";s:9:"goods_pic";s:48:"shop/store/goods/12/12_04999936911250267_240.jpg";}i:101680;a:5:{s:8:"goods_id";s:6:"101680";s:12:"market_price";s:6:"162.00";s:10:"goods_name";s:82:"2015秋冬新款女装女式韩版修身短款棉衣棉服羽绒棉衣女 粉色 M";s:11:"goods_price";s:6:"112.00";s:9:"goods_pic";s:48:"shop/store/goods/12/12_04999938698283696_240.png";}i:101655;a:5:{s:8:"goods_id";s:6:"101655";s:12:"market_price";s:6:"195.00";s:10:"goods_name";s:82:"冬装新款2015羽绒棉服女中长款韩版连帽大毛领女式棉衣 蓝色 M";s:11:"goods_price";s:6:"165.00";s:9:"goods_pic";s:48:"shop/store/goods/12/12_04999940350217540_240.jpg";}i:101635;a:5:{s:8:"goods_id";s:6:"101635";s:12:"market_price";s:6:"168.00";s:10:"goods_name";s:97:"2015秋冬装新款韩版中长款修身气质连帽毛领女装棉衣外套羽绒棉服 绿色 M";s:11:"goods_price";s:6:"138.00";s:9:"goods_pic";s:48:"shop/store/goods/12/12_04999935528632429_240.jpg";}}}i:2;a:2:{s:9:"recommend";a:1:{s:4:"name";s:12:"商品推荐";}s:10:"goods_list";a:8:{i:102714;a:5:{s:8:"goods_id";s:6:"102714";s:12:"market_price";s:6:"199.00";s:10:"goods_name";s:112:"欧洲站独家新款女靴真皮短靴内增高职业女鞋秋冬马丁靴圆头女靴子 黑色（加绒） 35";s:11:"goods_price";s:6:"139.00";s:9:"goods_pic";s:48:"shop/store/goods/17/17_05003992073017413_240.jpg";}i:102700;a:5:{s:8:"goods_id";s:6:"102700";s:12:"market_price";s:6:"158.00";s:10:"goods_name";s:79:"纯色透气圆头单鞋男真皮方跟低帮鞋前系带男士皮鞋 棕色 38";s:11:"goods_price";s:5:"88.00";s:9:"goods_pic";s:48:"shop/store/goods/16/16_05003068354931461_240.jpg";}i:102688;a:5:{s:8:"goods_id";s:6:"102688";s:12:"market_price";s:6:"188.00";s:10:"goods_name";s:71:"爵爷2015春秋商务正装男士皮鞋透气超纤皮男鞋 黑色 38";s:11:"goods_price";s:6:"108.00";s:9:"goods_pic";s:48:"shop/store/goods/16/16_05003062100708546_240.jpg";}i:102649;a:5:{s:8:"goods_id";s:6:"102649";s:12:"market_price";s:6:"188.00";s:10:"goods_name";s:64:"优质超纤皮男鞋纯色前系带尖头低帮皮鞋 棕色 38";s:11:"goods_price";s:6:"108.00";s:9:"goods_pic";s:48:"shop/store/goods/16/16_05002911543965426_240.jpg";}i:102604;a:5:{s:8:"goods_id";s:6:"102604";s:12:"market_price";s:6:"168.00";s:10:"goods_name";s:70:"日常休闲鞋男士豆豆鞋驾车真皮男鞋英伦皮鞋 黄色 38";s:11:"goods_price";s:6:"108.00";s:9:"goods_pic";s:48:"shop/store/goods/16/16_05001210537684207_240.jpg";}i:102592;a:5:{s:8:"goods_id";s:6:"102592";s:12:"market_price";s:6:"188.00";s:10:"goods_name";s:82:"爵爷商务皮鞋 秋款男士正装 前系带 金属尖头低帮单鞋 黑色 38";s:11:"goods_price";s:6:"118.00";s:9:"goods_pic";s:48:"shop/store/goods/16/16_05000683915287946_240.jpg";}i:102550;a:5:{s:8:"goods_id";s:6:"102550";s:12:"market_price";s:6:"188.00";s:10:"goods_name";s:83:"2015新款男士尖头皮鞋男超纤套脚商务休闲鞋新郎结婚鞋 棕色 38";s:11:"goods_price";s:6:"108.00";s:9:"goods_pic";s:48:"shop/store/goods/16/16_05000599917943696_240.jpg";}i:102529;a:5:{s:8:"goods_id";s:6:"102529";s:12:"market_price";s:6:"198.00";s:10:"goods_name";s:70:"商务鞋英伦真皮休闲皮鞋透气低帮鞋潮流单鞋 黄色 38";s:11:"goods_price";s:6:"118.00";s:9:"goods_pic";s:48:"shop/store/goods/16/16_05000591480492095_240.jpg";}}}}','频道中部商品');
INSERT INTO `zmkj_web_code` (`code_id`,`web_id`,`code_type`,`var_name`,`code_info`,`show_name`) VALUES('158','124','array','adv_a','a:3:{s:8:"pic_name";s:6:"推荐";s:3:"pic";s:35:"shop/editor/channel-124-158.jpg?604";s:7:"pic_url";s:77:"http://demo.haoid.cn/shop/index.php?act=search&amp;op=index&amp;cate_id=1100";}','频道中部广告1');
INSERT INTO `zmkj_web_code` (`code_id`,`web_id`,`code_type`,`var_name`,`code_info`,`show_name`) VALUES('159','124','array','adv_b','a:3:{s:8:"pic_name";s:6:"推荐";s:3:"pic";s:35:"shop/editor/channel-124-159.jpg?879";s:7:"pic_url";s:77:"http://demo.haoid.cn/shop/index.php?act=search&amp;op=index&amp;cate_id=1100";}','频道中部广告2');
INSERT INTO `zmkj_web_code` (`code_id`,`web_id`,`code_type`,`var_name`,`code_info`,`show_name`) VALUES('160','124','array','adv_c','a:3:{s:8:"pic_name";s:7:"推荐2";s:3:"pic";s:35:"shop/editor/channel-124-160.jpg?189";s:7:"pic_url";s:79:"http://demo.haoid.cn/shop/index.php?act=goods&amp;op=index&amp;goods_id=102070";}','频道中部广告3');
